2.16,2.16,0.11,3.46,2.24
8.47,8.47,2.39,11.06,9.15
15.57,15.57,8.82,22.37,19.60
19.11,19.11,25.54,43.88,34.35
24.19,24.19,33.36,79.63,53.63
3.19,3.19,34.10,79.85,60.37
2.79,2.79,43.31,78.61,59.83
11.19,11.19,39.62,80.58,62.75
12.92,12.92,39.13,79.88,59.67
16.62,16.62,17.25,79.17,60.80
17.00,17.00,36.67,79.27,60.68
16.79,16.79,30.40,78.79,61.03
17.60,17.60,29.18,78.26,60.37
19.00,19.00,16.95,77.86,60.08
17.35,17.35,22.80,76.85,59.21
14.06,14.06,16.07,76.94,59.16
13.27,13.27,24.32,76.87,59.19
16.64,16.64,24.02,76.85,59.04
22.42,22.42,25.46,74.78,53.90
24.14,24.14,27.18,73.36,48.37
22.31,22.31,23.54,71.31,39.17
17.66,17.66,19.75,69.67,28.79
14.62,14.62,15.05,66.54,21.03
11.57,11.57,23.18,61.95,16.46
11.22,11.22,32.78,56.49,15.42
11.07,11.07,35.14,48.81,12.96
7.67,7.67,36.05,39.98,8.92
5.43,5.43,30.61,29.86,2.81
5.34,5.34,15.99,15.48,10.06
8.87,8.87,11.02,18.89,18.57
21.39,21.39,19.51,34.14,31.37
26.86,26.86,34.69,71.21,50.21
17.81,17.81,36.08,83.42,61.64
10.61,10.61,25.81,80.41,57.72
21.39,21.39,12.36,77.33,57.94
26.17,26.17,17.11,80.58,58.03
26.46,26.46,16.25,80.90,60.18
22.41,22.41,20.40,78.75,58.52
20.66,20.66,12.50,79.81,58.64
19.36,19.36,14.49,78.41,58.92
19.48,19.48,15.80,78.97,58.50
17.25,17.25,17.63,78.56,57.73
12.60,12.60,17.11,77.71,58.75
9.79,9.79,15.14,77.98,60.46
16.50,16.50,28.26,80.71,58.82
18.82,18.82,16.57,76.43,57.88
19.29,19.29,16.75,72.91,54.96
15.44,15.44,17.48,72.73,47.37
13.36,13.36,13.00,70.86,38.64
9.26,9.26,13.41,68.21,34.11
7.77,7.77,18.90,63.62,30.25
8.89,8.89,31.09,57.49,25.45
6.25,6.25,37.54,50.69,19.09
6.92,6.92,35.94,41.45,11.36
1.29,1.29,26.07,30.16,1.92
3.15,3.15,11.26,15.09,6.56
9.35,9.35,9.34,18.24,17.80
14.12,14.12,17.50,33.46,32.38
20.68,20.68,30.32,66.45,50.99
5.00,5.00,32.51,82.10,60.61
1.26,1.26,28.54,81.22,59.10
8.45,8.45,24.99,80.05,55.81
11.58,11.58,18.28,80.07,55.03
11.02,11.02,15.95,79.92,54.72
10.71,10.71,10.06,79.44,54.82
11.66,11.66,13.60,79.38,56.25
13.59,13.59,22.37,80.26,55.86
15.12,15.12,24.27,79.58,58.11
16.86,16.86,26.33,80.10,58.12
14.63,14.63,26.23,80.21,58.44
14.04,14.04,28.37,80.62,57.92
13.95,13.95,25.76,78.85,58.79
16.54,16.54,20.36,79.72,60.75
19.78,19.78,21.86,78.60,57.67
22.53,22.53,16.83,76.66,52.40
22.36,22.36,16.84,73.05,43.00
26.47,26.47,14.89,71.65,33.06
19.04,19.04,16.84,68.65,27.63
12.02,12.02,16.79,64.52,15.50
5.62,5.62,20.10,59.14,10.73
6.80,6.80,28.34,52.14,8.16
4.55,4.55,31.52,44.32,4.48
2.91,2.91,30.85,35.50,2.32
0.54,0.54,25.34,22.67,0.46
-0.00,-0.00,7.64,8.21,-0.00
-0.00,-0.00,0.61,0.10,-0.00
0.36,0.36,1.49,0.72,0.32
5.29,5.29,4.51,7.76,5.71
9.91,9.91,9.81,16.16,15.23
15.99,15.99,23.59,29.92,29.50
26.31,26.31,35.69,69.31,48.23
11.86,11.86,36.92,80.53,59.94
6.11,6.11,30.72,81.34,59.85
16.17,16.17,30.49,80.63,58.24
25.51,25.51,23.24,79.30,59.24
26.52,26.52,20.61,79.66,57.87
27.55,27.55,21.15,76.88,59.12
28.71,28.71,20.56,78.43,56.67
31.60,31.60,20.01,79.29,54.42
31.28,31.28,21.65,78.57,55.80
31.84,31.84,21.85,78.44,56.06
31.21,31.21,23.55,77.93,53.96
29.84,29.84,21.85,76.11,54.35
29.90,29.90,26.44,78.44,56.63
27.73,27.73,29.90,79.04,54.31
27.94,27.94,33.69,77.20,54.54
30.62,30.62,32.24,77.31,53.62
28.05,28.05,26.98,73.49,46.18
22.01,22.01,20.10,70.53,33.99
17.20,17.20,16.54,64.46,24.86
10.58,10.58,16.97,64.37,23.97
5.75,5.75,17.19,60.93,20.40
3.59,3.59,17.01,53.03,20.33
5.44,5.44,16.88,45.43,18.31
8.19,8.19,10.99,42.27,13.89
14.50,14.50,12.50,34.88,15.38
22.27,22.27,22.26,22.13,24.66
37.39,37.39,34.04,32.76,36.77
48.85,48.85,55.24,49.66,54.13
58.42,58.42,74.75,70.48,68.40
50.96,50.96,91.63,69.57,65.88
55.83,55.83,91.25,74.15,69.56
54.69,54.69,88.93,77.29,69.34
56.16,56.16,91.38,76.31,69.59
55.16,55.16,91.92,73.86,68.24
56.70,56.70,89.04,72.54,69.59
57.60,57.60,88.35,80.16,69.64
62.52,62.52,79.16,75.70,70.46
59.75,59.75,72.11,75.76,69.01
61.00,61.00,79.13,77.55,70.87
60.20,60.20,73.05,80.09,70.88
62.36,62.36,73.76,77.77,70.18
63.82,63.82,71.10,76.30,70.47
64.27,64.27,62.37,78.20,69.46
66.01,66.01,63.36,80.01,69.79
65.76,65.76,58.60,77.46,70.04
63.91,63.91,53.33,74.76,70.35
64.08,64.08,66.18,80.31,68.83
65.99,65.99,67.88,73.53,66.11
66.23,66.23,65.82,72.76,66.38
64.78,64.78,63.08,72.39,64.93
64.14,64.14,59.93,73.34,66.87
63.77,63.77,47.48,67.73,64.09
65.44,65.44,51.83,70.27,65.84
65.80,65.80,62.59,64.44,65.97
64.07,64.07,61.06,71.62,64.46
64.20,64.20,57.62,68.67,65.66
62.66,62.66,58.14,68.89,63.67
61.45,61.45,56.59,67.88,64.15
63.46,63.46,54.14,69.08,65.13
63.52,63.52,58.76,67.62,64.52
62.97,62.97,59.39,65.65,66.22
62.61,62.61,57.25,68.06,65.57
62.48,62.48,51.34,62.86,64.34
62.83,62.83,38.94,69.36,64.29
61.83,61.83,43.37,64.27,64.02
62.37,62.37,56.70,67.22,64.86
61.72,61.72,58.35,66.18,63.05
62.60,62.60,51.62,65.78,62.18
62.23,62.23,46.98,66.68,63.54
61.42,61.42,53.11,64.25,63.04
60.85,60.85,55.49,66.49,62.98
60.10,60.10,52.73,61.49,61.67
60.66,60.66,56.84,66.69,62.54
62.83,62.83,55.75,65.57,63.25
62.25,62.25,55.03,66.91,63.30
61.83,61.83,51.51,65.66,61.67
61.41,61.41,46.46,66.07,61.91
63.16,63.16,40.92,67.38,60.84
63.09,63.09,39.21,63.69,62.20
61.15,61.15,36.16,68.58,61.76
62.06,62.06,31.41,63.07,62.33
61.69,61.69,24.66,67.47,61.98
63.22,63.22,26.56,64.35,63.29
61.21,61.21,32.48,65.27,61.52
61.21,61.21,41.31,67.82,60.06
61.64,61.64,43.05,66.02,59.88
61.24,61.24,42.31,68.00,59.29
60.93,60.93,43.64,58.20,61.66
60.55,60.55,49.27,67.91,59.96
59.30,59.30,59.93,60.90,59.76
58.48,58.48,71.37,62.76,58.78
57.98,57.98,81.87,69.53,62.80
59.11,59.11,81.02,67.23,66.05
57.50,57.50,79.99,65.71,70.82
58.39,58.39,72.77,62.84,73.05
60.25,60.25,59.23,65.46,72.83
61.30,61.30,58.59,64.10,75.59
61.02,61.02,61.21,63.89,74.71
61.16,61.16,58.78,67.96,73.77
59.36,59.36,49.13,69.61,74.96
58.85,58.85,55.42,71.98,74.46
61.02,61.02,50.96,62.18,72.75
62.57,62.57,39.07,67.66,70.10
59.36,59.36,46.69,68.53,68.77
62.16,62.16,50.95,74.17,66.53
61.11,61.11,50.94,68.28,66.30
61.74,61.74,45.45,69.60,68.71
62.48,62.48,43.39,70.55,69.97
60.85,60.85,45.42,68.87,70.95
62.15,62.15,36.86,69.53,69.43
61.64,61.64,40.52,66.48,67.55
59.98,59.98,47.37,66.66,66.21
60.88,60.88,41.98,67.17,65.47
63.20,63.20,35.25,66.64,66.43
61.69,61.69,33.88,66.18,65.04
59.81,59.81,34.01,69.78,63.88
62.57,62.57,33.26,67.36,64.01
62.39,62.39,37.32,70.34,66.07
63.31,63.31,38.76,65.53,66.15
63.04,63.04,42.14,67.72,65.47
63.99,63.99,32.03,63.84,64.04
60.73,60.73,32.58,57.89,61.46
61.71,61.71,33.88,56.27,60.49
63.54,63.54,38.17,53.52,62.46
61.78,61.78,37.68,49.56,60.73
61.66,61.66,36.84,50.79,61.15
62.42,62.42,31.68,51.71,61.31
62.15,62.15,38.14,58.37,64.38
58.34,58.34,46.06,71.66,65.14
57.22,57.22,54.41,67.84,65.45
60.55,60.55,54.54,71.39,63.96
57.94,57.94,51.76,71.56,63.90
59.58,59.58,46.31,71.62,63.40
61.33,61.33,43.65,70.79,62.39
60.99,60.99,52.90,70.71,62.55
59.81,59.81,58.29,69.72,59.93
57.26,57.26,58.99,68.91,60.39
57.03,57.03,52.31,70.08,59.95
59.79,59.79,65.24,69.94,59.48
58.45,58.45,66.99,68.88,59.79
57.81,57.81,61.89,70.47,57.32
60.21,60.21,66.74,69.16,59.59
57.65,57.65,67.63,68.28,57.89
56.34,56.34,67.26,69.26,59.28
57.99,57.99,61.44,70.26,60.19
58.72,58.72,55.40,68.80,59.07
60.24,60.24,54.16,68.71,56.96
61.27,61.27,64.41,67.83,54.92
56.32,56.32,63.11,65.84,54.75
58.00,58.00,70.08,64.86,59.81
57.75,57.75,89.54,64.74,59.68
56.25,56.25,93.15,64.47,59.63
56.38,56.38,89.40,64.53,62.83
58.40,58.40,90.04,64.81,66.63
55.59,55.59,91.93,65.00,65.16
56.42,56.42,91.85,66.17,66.15
54.47,54.47,90.36,67.92,64.30
55.77,55.77,82.91,68.37,67.15
55.15,55.15,69.05,68.12,65.01
57.47,57.47,75.83,68.36,66.61
57.24,57.24,74.43,67.98,65.81
59.23,59.23,73.54,68.93,66.25
62.96,62.96,70.62,69.62,65.97
66.09,66.09,70.40,68.93,63.46
67.79,67.79,56.45,68.30,65.04
67.91,67.91,57.44,68.36,63.34
67.04,67.04,58.57,66.57,62.60
63.85,63.85,67.68,60.47,62.55
61.52,61.52,62.47,50.29,64.31
64.26,64.26,68.17,54.68,64.62
66.77,66.77,66.18,52.12,64.45
68.68,68.68,66.35,58.25,64.62
67.75,67.75,64.78,71.65,64.28
66.43,66.43,64.00,71.76,64.06
66.31,66.31,65.96,71.35,61.86
65.45,65.45,69.34,69.73,61.21
65.37,65.37,66.86,72.94,61.16
64.55,64.55,52.16,70.69,60.62
63.73,63.73,58.92,70.73,61.63
60.98,60.98,54.66,71.88,62.21
56.76,56.76,59.38,70.78,60.12
56.56,56.56,60.52,70.98,60.87
55.21,55.21,62.13,70.01,60.29
54.70,54.70,58.49,70.11,60.87
56.18,56.18,52.48,70.55,59.43
53.68,53.68,36.76,64.32,59.90
57.99,57.99,38.99,55.26,62.44
56.96,56.96,50.72,48.82,62.87
53.07,53.07,56.19,51.49,65.52
51.61,51.61,57.47,60.39,67.79
50.41,50.41,56.22,71.48,67.57
51.35,51.35,49.94,69.23,65.84
52.49,52.49,45.31,71.45,65.06
58.07,58.07,49.26,71.55,60.54
58.97,58.97,54.53,70.54,60.33
57.20,57.20,54.74,70.53,61.67
52.11,52.11,53.09,71.29,61.90
53.28,53.28,47.61,70.77,62.01
56.53,56.53,47.19,70.92,62.39
53.55,53.55,37.87,70.15,62.31
52.76,52.76,43.10,69.97,64.56
49.45,49.45,48.88,71.33,64.25
50.95,50.95,46.49,70.28,63.76
52.48,52.48,43.17,65.76,65.96
53.86,53.86,50.36,60.63,66.10
50.17,50.17,54.29,57.28,65.56
46.20,46.20,55.81,55.94,65.64
43.70,43.70,59.89,47.68,63.34
40.15,40.15,76.43,57.06,59.87
38.72,38.72,81.62,60.28,55.19
41.80,41.80,81.37,61.00,57.94
42.88,42.88,82.23,62.89,61.21
45.87,45.87,73.53,61.81,61.78
45.06,45.06,67.54,64.72,62.95
45.07,45.07,67.02,66.22,62.37
46.21,46.21,70.11,70.04,62.91
47.85,47.85,61.38,67.62,62.22
44.76,44.76,57.03,58.79,62.06
42.66,42.66,53.90,50.59,62.43
43.98,43.98,57.43,50.75,63.76
42.89,42.89,60.79,52.72,63.94
43.11,43.11,57.81,48.16,63.42
46.92,46.92,57.82,50.64,63.92
46.77,46.77,54.80,46.84,63.12
47.86,47.86,51.10,46.61,62.16
47.14,47.14,47.45,43.90,61.35
44.79,44.79,47.80,50.77,61.45
48.55,48.55,47.75,49.84,64.96
60.39,60.39,53.63,58.37,73.90
59.72,59.72,62.52,59.45,73.21
61.55,61.55,67.59,61.69,70.90
60.94,60.94,67.72,58.07,70.07
58.93,58.93,62.54,57.74,69.63
58.45,58.45,64.82,58.85,70.39
53.51,53.51,63.21,64.96,70.34
52.99,52.99,64.20,66.88,69.09
54.62,54.62,61.68,66.73,70.68
56.70,56.70,65.62,67.64,70.97
57.28,57.28,62.88,67.86,70.94
55.59,55.59,61.74,67.37,70.14
55.47,55.47,69.99,66.68,69.50
55.99,55.99,69.39,66.40,68.44
57.46,57.46,63.94,67.66,67.84
55.59,55.59,58.07,67.95,67.93
55.18,55.18,58.24,66.58,67.57
53.76,53.76,72.55,61.86,67.39
51.85,51.85,90.83,62.30,65.19
57.93,57.93,91.34,60.16,65.56
59.47,59.47,90.16,59.27,66.66
57.66,57.66,88.56,61.52,67.30
56.34,56.34,88.66,65.04,66.30
59.79,59.79,87.20,64.32,66.85
58.58,58.58,84.00,61.94,67.97
59.47,59.47,82.29,61.82,69.18
58.61,58.61,76.96,58.12,67.42
58.16,58.16,76.20,55.13,66.39
55.42,55.42,63.62,55.47,65.00
47.79,47.79,66.21,52.17,65.75
47.85,47.85,70.52,50.86,66.21
46.09,46.09,69.02,46.56,65.54
47.39,47.39,69.72,46.64,65.69
44.70,44.70,59.21,46.23,65.23
43.38,43.38,57.51,47.10,64.97
43.18,43.18,62.13,46.69,67.98
42.02,42.02,65.31,44.26,69.61
41.76,41.76,61.89,47.12,68.66
38.49,38.49,66.07,61.25,69.94
38.55,38.55,86.44,69.19,70.04
36.24,36.24,92.99,69.29,68.09
39.65,39.65,93.14,70.34,70.00
41.77,41.77,89.40,72.78,71.50
39.89,39.89,91.20,70.04,71.22
37.15,37.15,90.66,69.98,71.99
34.84,34.84,91.84,67.92,68.34
38.87,38.87,84.76,70.49,70.82
37.29,37.29,75.06,70.86,70.96
37.97,37.97,77.40,66.57,69.16
36.38,36.38,76.56,72.08,69.59
36.55,36.55,77.30,69.20,69.10
38.59,38.59,72.28,71.87,68.30
37.12,37.12,69.91,68.01,69.04
35.60,35.60,59.03,71.32,68.36
39.05,39.05,61.68,69.16,66.13
38.41,38.41,53.32,71.03,67.46
34.77,34.77,67.46,69.64,67.73
33.19,33.19,67.11,69.70,68.78
31.00,31.00,61.50,70.83,69.73
30.87,30.87,60.66,68.06,68.89
27.29,27.29,54.80,71.32,67.54
28.94,28.94,53.56,66.77,68.49
32.43,32.43,53.77,72.33,67.32
33.32,33.32,59.30,68.41,66.72
35.23,35.23,62.82,71.11,67.16
32.23,32.23,60.00,69.67,66.61
33.78,33.78,56.44,70.24,64.44
33.77,33.77,49.09,70.50,65.78
33.22,33.22,48.62,68.82,65.89
34.46,34.46,50.60,70.90,64.12
36.15,36.15,51.69,67.77,66.43
38.10,38.10,47.50,72.40,64.53
35.37,35.37,34.64,68.07,65.67
37.60,37.60,38.32,71.01,65.32
38.50,38.50,37.52,68.79,65.31
38.11,38.11,44.35,70.06,65.14
35.75,35.75,42.81,70.06,67.13
31.44,31.44,50.93,68.37,65.40
28.12,28.12,55.87,69.91,65.09
30.65,30.65,58.94,68.42,64.51
27.14,27.14,55.77,69.71,62.91
27.51,27.51,54.30,66.29,65.10
26.65,26.65,47.08,71.17,64.53
28.45,28.45,40.79,66.73,63.85
30.20,30.20,39.94,70.13,63.14
31.01,31.01,38.56,68.23,63.08
32.36,32.36,40.56,68.61,60.90
32.93,32.93,40.88,68.71,62.10
31.33,31.33,40.24,67.94,62.10
28.85,28.85,36.47,69.12,62.87
28.91,28.91,38.12,66.99,64.93
27.26,27.26,38.41,70.06,64.46
28.08,28.08,45.31,66.51,62.86
29.66,29.66,45.56,70.64,63.44
31.65,31.65,43.90,66.98,63.61
33.90,33.90,46.18,68.90,61.68
31.42,31.42,53.23,66.93,60.99
20.77,20.77,61.55,67.46,58.85
11.57,11.57,77.25,68.91,54.70
16.98,16.98,83.83,66.71,53.47
12.70,12.70,84.29,67.97,54.83
12.09,12.09,79.40,61.93,57.64
11.17,11.17,73.05,68.08,59.85
16.85,16.85,64.22,65.42,60.06
19.14,19.14,69.49,69.73,59.78
22.19,22.19,66.98,66.66,61.74
22.14,22.14,58.55,68.75,60.99
23.88,23.88,58.58,69.06,60.28
23.09,23.09,62.63,66.08,62.87
21.95,21.95,59.02,67.24,62.98
24.01,24.01,52.46,65.32,62.76
27.26,27.26,53.42,69.48,62.23
28.31,28.31,50.75,64.95,60.23
31.98,31.98,46.35,68.90,60.55
32.99,32.99,42.55,64.95,61.28
29.64,29.64,38.45,64.00,60.85
29.01,29.01,43.27,63.58,62.05
22.11,22.11,47.89,63.71,63.42
24.03,24.03,54.51,63.04,67.08
25.68,25.68,50.54,66.78,66.89
24.47,24.47,43.71,69.40,68.29
25.71,25.71,46.19,64.01,67.50
26.04,26.04,49.26,68.29,66.43
28.46,28.46,57.74,70.62,67.54
32.98,32.98,61.11,68.77,66.67
34.40,34.40,62.07,59.99,67.67
36.62,36.62,62.56,68.61,66.92
38.84,38.84,63.50,69.66,65.96
40.18,40.18,62.78,60.64,65.34
41.62,41.62,50.88,65.70,64.80
40.18,40.18,55.56,69.09,66.75
43.03,43.03,63.49,65.00,64.72
41.69,41.69,64.23,62.55,62.32
40.96,40.96,59.64,65.14,60.36
37.05,37.05,55.73,64.89,59.27
27.97,27.97,64.96,64.60,59.48
28.60,28.60,86.37,69.52,60.29
28.35,28.35,92.49,70.62,60.68
30.51,30.51,94.18,69.13,61.56
33.87,33.87,89.00,64.91,61.50
30.81,30.81,88.69,63.07,63.67
25.30,25.30,89.95,61.39,60.39
22.59,22.59,90.53,69.18,62.61
26.25,26.25,80.02,72.26,61.62
29.50,29.50,79.92,72.48,62.94
34.03,34.03,80.38,69.39,59.91
35.53,35.53,74.56,64.68,60.49
31.52,31.52,71.72,57.61,60.75
33.06,33.06,57.81,64.69,60.71
38.22,38.22,63.52,70.98,60.58
35.65,35.65,65.65,72.84,60.84
36.64,36.64,67.16,68.28,64.19
36.51,36.51,62.16,65.23,65.22
34.78,34.78,63.78,62.46,65.72
30.30,30.30,59.16,59.69,64.09
26.30,26.30,63.40,61.03,62.98
19.99,19.99,81.18,64.51,70.23
21.65,21.65,88.64,65.80,66.77
26.91,26.91,94.20,66.38,66.54
30.68,30.68,89.56,69.51,66.78
31.16,31.16,90.75,70.25,68.72
30.44,30.44,90.09,69.85,68.32
25.95,25.95,90.55,69.55,68.13
24.71,24.71,86.56,68.48,67.59
27.26,27.26,80.76,68.49,69.04
30.48,30.48,76.17,67.44,69.93
34.11,34.11,79.90,67.43,67.43
34.22,34.22,81.00,66.16,65.69
35.06,35.06,72.19,64.75,65.93
33.84,33.84,69.48,64.51,65.11
31.69,31.69,61.78,63.22,63.93
32.21,32.21,65.08,63.10,64.43
33.71,33.71,67.32,61.84,64.88
32.01,32.01,66.72,60.07,65.56
27.70,27.70,65.81,57.14,66.29
20.61,20.61,61.82,60.92,65.26
18.75,18.75,62.82,68.35,64.95
20.53,20.53,62.68,70.93,64.97
22.52,22.52,55.30,71.70,63.43
21.27,21.27,45.60,69.86,63.42
21.94,21.94,52.96,69.89,63.71
22.54,22.54,53.84,70.36,62.33
25.84,25.84,57.56,68.04,64.06
24.63,24.63,51.02,61.02,64.49
25.34,25.34,45.92,50.43,64.05
25.35,25.35,46.54,47.46,63.37
27.52,27.52,52.84,46.98,62.88
24.18,24.18,61.31,47.14,62.69
24.54,24.54,60.39,47.26,64.11
26.03,26.03,59.55,40.05,65.24
23.11,23.11,59.18,45.05,64.15
24.42,24.42,49.64,43.78,64.53
26.72,26.72,49.67,47.78,62.61
26.14,26.14,48.08,53.94,62.43
27.06,27.06,49.66,74.58,63.20
17.24,17.24,53.63,68.97,62.85
14.29,14.29,61.69,73.00,64.90
20.68,20.68,63.49,66.92,63.53
32.59,32.59,62.27,72.13,63.34
41.15,41.15,62.11,70.15,64.44
42.53,42.53,59.39,71.74,64.76
40.27,40.27,58.67,71.17,63.54
38.74,38.74,60.64,70.60,63.69
36.97,36.97,59.06,73.12,63.15
37.24,37.24,58.95,66.94,62.23
35.08,35.08,59.38,67.80,62.94
32.69,32.69,58.07,65.02,63.89
33.43,33.43,57.28,64.55,64.13
33.01,33.01,57.15,65.07,65.79
31.55,31.55,57.34,64.50,63.56
39.19,39.19,55.17,63.73,63.92
46.41,46.41,56.36,63.32,64.53
50.13,50.13,55.13,63.04,63.31
54.94,54.94,56.99,61.76,61.57
53.37,53.37,61.49,56.85,61.83
58.74,58.74,70.30,59.90,59.74
69.42,69.42,85.93,62.13,58.89
67.03,67.03,81.61,66.06,56.72
68.84,68.84,76.11,58.59,56.10
67.69,67.69,72.55,62.61,58.57
72.01,72.01,74.02,68.12,58.37
71.37,71.37,72.49,71.33,60.05
69.53,69.53,65.99,66.33,62.25
70.62,70.62,60.20,68.65,61.09
69.75,69.75,54.48,65.86,60.37
72.83,72.83,56.65,70.40,56.24
72.72,72.72,60.78,66.94,60.34
73.03,73.03,54.25,70.70,57.49
74.78,74.78,66.96,68.26,60.34
77.24,77.24,68.63,70.78,59.58
74.65,74.65,64.79,60.91,57.13
74.15,74.15,67.35,62.54,57.93
74.18,74.18,67.03,62.80,60.71
75.35,75.35,64.70,58.81,59.71
74.05,74.05,73.44,59.01,60.91
71.59,71.59,90.16,57.64,61.54
71.05,71.05,90.31,64.29,70.15
72.03,72.03,90.06,63.90,70.44
69.29,69.29,90.34,65.64,69.21
72.81,72.81,89.73,62.95,71.43
71.93,71.93,90.99,67.05,71.92
71.30,71.30,89.62,68.97,71.10
74.97,74.97,84.50,67.30,73.19
72.23,72.23,69.88,68.64,72.22
71.40,71.40,77.65,71.12,72.75
71.82,71.82,69.11,70.22,72.98
75.85,75.85,65.79,70.62,69.84
68.67,68.67,73.12,68.22,70.02
69.94,69.94,70.04,67.74,69.43
70.05,70.05,59.09,66.05,68.42
66.89,66.89,61.50,57.02,70.75
64.87,64.87,63.05,51.80,69.08
58.36,58.36,57.94,44.75,69.06
60.65,60.65,66.86,41.73,68.14
56.86,56.86,89.31,57.69,66.33
59.25,59.25,92.60,56.98,70.66
59.52,59.52,89.59,61.53,70.22
58.39,58.39,91.03,63.22,70.31
58.40,58.40,89.95,67.48,70.32
55.25,55.25,92.47,69.11,70.98
52.16,52.16,88.87,65.53,71.79
53.00,53.00,82.06,65.68,70.48
50.80,50.80,74.93,67.48,70.01
51.90,51.90,79.50,60.23,69.02
51.84,51.84,76.33,61.02,70.05
53.30,53.30,67.23,57.75,70.51
52.83,52.83,71.65,52.31,67.83
53.01,53.01,68.99,60.75,67.95
52.19,52.19,67.40,62.88,68.18
50.79,50.79,65.03,62.01,67.64
52.62,52.62,67.60,58.56,67.70
49.91,49.91,59.98,60.43,66.50
51.29,51.29,62.30,57.24,66.41
52.03,52.03,64.64,54.97,66.11
57.16,57.16,88.50,58.94,66.25
51.71,51.71,89.71,64.53,67.68
54.28,54.28,93.89,73.25,65.57
57.09,57.09,89.58,70.28,64.39
57.35,57.35,90.75,68.63,65.81
56.14,56.14,91.00,72.13,66.21
56.46,56.46,91.10,78.01,64.26
56.53,56.53,85.40,78.85,65.56
56.30,56.30,75.09,77.27,65.22
56.81,56.81,67.92,76.90,64.84
58.58,58.58,77.85,75.81,66.44
60.14,60.14,78.84,75.46,65.54
59.19,59.19,74.45,74.37,65.30
60.32,60.32,66.69,76.91,66.78
60.29,60.29,57.40,76.19,66.95
60.08,60.08,49.16,76.08,67.05
60.05,60.05,58.26,75.41,65.84
60.73,60.73,57.89,74.22,65.67
58.61,58.61,55.15,73.92,65.54
60.37,60.37,61.63,74.74,65.10
61.44,61.44,62.53,73.17,64.80
60.58,60.58,63.42,72.40,64.46
61.29,61.29,61.56,72.84,64.73
62.30,62.30,48.66,71.44,65.65
63.25,63.25,55.91,73.43,66.25
62.08,62.08,62.64,72.83,66.49
55.10,55.10,62.32,70.94,67.62
56.01,56.01,58.46,72.11,66.70
54.27,54.27,54.45,73.19,66.16
56.05,56.05,52.11,73.60,66.74
57.78,57.78,45.44,71.98,67.20
56.33,56.33,41.54,74.92,66.36
54.84,54.84,48.91,73.27,68.84
55.16,55.16,48.77,73.87,68.39
56.41,56.41,46.69,73.15,67.60
54.50,54.50,43.78,73.03,67.10
53.93,53.93,42.88,72.65,65.70
54.83,54.83,43.42,72.79,65.45
52.12,52.12,45.46,72.40,63.95
51.42,51.42,44.63,72.17,65.50
53.88,53.88,54.36,72.13,66.39
56.29,56.29,52.74,71.57,67.34
53.89,53.89,45.78,71.88,66.11
51.56,51.56,39.25,72.77,64.47
52.64,52.64,29.03,73.14,66.00
51.69,51.69,26.30,72.34,65.01
54.75,54.75,24.17,72.58,64.11
56.32,56.32,24.53,72.80,65.26
52.21,52.21,30.91,72.24,64.61
52.21,52.21,31.67,71.45,64.65
52.40,52.40,31.89,71.43,65.28
52.51,52.51,32.30,71.52,64.77
51.06,51.06,32.12,71.90,64.01
50.40,50.40,33.67,72.61,63.99
53.48,53.48,33.03,71.51,65.80
53.66,53.66,32.45,72.21,64.85
51.83,51.83,33.59,71.75,63.64
49.15,49.15,44.10,71.07,64.98
45.38,45.38,57.19,71.29,62.03
36.62,36.62,63.72,71.29,59.41
30.59,30.59,78.33,68.90,61.51
31.76,31.76,83.26,64.75,67.53
39.99,39.99,83.07,67.55,72.55
44.20,44.20,79.50,68.30,75.98
46.02,46.02,72.68,71.13,77.06
47.87,47.87,66.86,71.25,77.86
50.70,50.70,63.01,69.89,77.11
47.88,47.88,60.65,70.39,77.74
52.06,52.06,60.04,70.85,77.34
61.20,61.20,60.02,70.01,73.13
65.97,65.97,60.77,69.26,71.54
67.47,67.47,54.96,69.80,72.15
68.04,68.04,54.55,69.81,70.69
69.00,69.00,54.32,70.52,69.82
69.51,69.51,48.47,69.31,69.51
70.55,70.55,45.43,69.86,66.53
71.56,71.56,42.87,70.69,65.68
72.15,72.15,40.10,70.01,66.28
71.50,71.50,34.99,69.77,64.17
67.55,67.55,41.52,68.72,65.60
58.19,58.19,49.12,68.92,66.56
47.32,47.32,56.35,68.73,68.79
47.26,47.26,51.16,68.83,66.69
46.86,46.86,48.27,68.54,70.74
49.76,49.76,46.33,69.21,69.62
52.02,52.02,52.15,72.27,70.02
52.02,52.02,55.73,64.62,69.13
55.36,55.36,54.94,74.23,67.45
50.76,50.76,49.80,64.55,67.27
52.82,52.82,43.53,65.51,66.74
53.51,53.51,42.03,63.29,68.30
50.05,50.05,45.53,51.98,65.90
50.41,50.41,50.10,65.49,65.90
52.44,52.44,53.22,63.04,65.22
48.14,48.14,47.86,59.88,65.82
50.63,50.63,36.45,50.33,68.27
50.10,50.10,31.21,46.32,67.42
48.37,48.37,31.46,50.00,63.28
42.36,42.36,43.52,59.11,63.57
37.73,37.73,47.75,64.31,64.46
37.52,37.52,56.93,73.51,65.32
33.82,33.82,61.97,76.13,64.79
37.33,37.33,67.17,78.21,64.70
39.68,39.68,68.71,74.09,64.87
43.78,43.78,65.30,74.90,63.77
43.40,43.40,56.16,73.87,63.43
44.67,44.67,55.87,75.35,65.59
44.12,44.12,63.02,74.20,65.01
44.09,44.09,63.98,75.15,65.12
42.64,42.64,60.42,77.99,64.83
42.27,42.27,53.17,65.84,63.02
42.29,42.29,44.73,56.91,62.39
38.92,38.92,47.77,61.01,65.27
41.21,41.21,50.51,69.81,66.24
43.15,43.15,49.02,66.83,65.26
43.95,43.95,45.69,60.90,66.08
45.58,45.58,41.97,54.36,65.85
42.04,42.04,52.82,51.31,63.81
38.70,38.70,58.86,52.10,61.77
30.92,30.92,69.81,56.00,62.13
28.45,28.45,87.23,62.89,61.95
31.70,31.70,93.14,65.24,61.14
36.85,36.85,91.08,66.08,62.26
35.60,35.60,89.26,69.17,61.67
37.34,37.34,90.53,71.35,63.62
35.89,35.89,90.91,71.23,66.44
33.18,33.18,87.57,71.46,66.22
33.38,33.38,76.75,72.36,64.70
35.16,35.16,76.76,71.93,66.35
33.95,33.95,81.80,71.85,66.06
35.62,35.62,83.50,71.46,65.88
35.78,35.78,79.68,73.14,65.12
36.95,36.95,74.69,73.48,66.95
36.68,36.68,68.11,73.21,65.50
39.57,39.57,65.73,74.10,65.03
38.72,38.72,63.80,73.64,64.03
40.01,40.01,66.37,74.34,63.20
41.12,41.12,68.81,74.28,61.73
34.07,34.07,68.32,73.20,62.21
29.75,29.75,66.53,73.74,62.95
21.50,21.50,61.22,74.43,67.04
23.37,23.37,53.43,75.25,72.31
29.41,29.41,59.51,75.41,72.71
30.70,30.70,57.66,75.30,73.33
32.98,32.98,61.14,75.25,73.43
30.95,30.95,59.63,75.87,74.22
33.13,33.13,53.71,75.15,72.35
34.03,34.03,46.96,74.68,65.93
33.98,33.98,45.79,74.38,62.91
32.62,32.62,34.86,75.54,62.69
32.97,32.97,43.84,75.74,61.85
32.86,32.86,48.49,74.98,61.23
31.07,31.07,48.04,75.37,60.89
32.27,32.27,44.86,74.15,60.93
29.04,29.04,44.01,74.68,60.72
28.07,28.07,40.36,74.68,60.88
26.12,26.12,39.00,73.74,61.26
22.29,22.29,40.02,74.45,60.98
15.14,15.14,47.25,74.00,61.20
16.45,16.45,55.25,74.34,64.46
9.48,9.48,54.22,73.62,64.66
11.61,11.61,49.18,73.35,66.70
17.50,17.50,46.57,73.71,68.12
21.28,21.28,42.73,72.36,68.60
23.56,23.56,39.98,73.72,69.72
25.44,25.44,33.67,72.25,69.15
28.65,28.65,29.14,71.83,68.62
30.27,30.27,31.52,71.79,68.14
33.64,33.64,33.30,72.28,66.47
35.74,35.74,37.11,72.42,67.84
37.08,37.08,36.47,72.93,66.96
36.68,36.68,38.28,71.98,66.05
35.89,35.89,37.86,73.17,64.64
34.85,34.85,35.82,71.84,65.26
35.06,35.06,36.24,71.54,65.50
34.95,34.95,35.75,72.71,66.83
33.50,33.50,49.50,71.52,66.99
25.32,25.32,57.81,71.70,62.90
13.47,13.47,63.31,71.17,62.20
13.81,13.81,82.39,71.79,64.39
16.79,16.79,83.23,73.29,67.71
23.12,23.12,84.18,76.15,67.66
7.69,7.69,80.48,71.87,66.71
12.87,12.87,69.33,73.07,65.38
20.55,20.55,67.03,74.31,64.56
29.72,29.72,63.19,74.74,63.68
33.16,33.16,51.86,73.85,64.66
33.75,33.75,55.30,73.46,64.27
33.18,33.18,59.80,73.76,64.98
33.95,33.95,58.35,73.50,64.63
33.72,33.72,48.31,73.19,64.83
32.18,32.18,46.43,73.12,64.07
33.66,33.66,46.42,73.92,63.49
35.02,35.02,45.50,74.02,63.07
34.55,34.55,41.14,73.90,63.87
32.92,32.92,42.23,74.26,63.60
27.83,27.83,40.08,73.12,64.14
19.93,19.93,40.38,73.87,65.73
20.72,20.72,49.34,73.13,65.67
19.91,19.91,47.77,71.20,65.51
26.44,26.44,45.22,67.76,66.63
29.45,29.45,39.97,69.22,67.36
32.18,32.18,41.82,68.35,67.18
34.30,34.30,46.86,69.99,64.33
33.90,33.90,41.00,71.45,64.40
35.20,35.20,41.44,68.74,62.99
35.54,35.54,39.67,71.92,63.61
33.70,33.70,36.58,68.66,63.91
33.05,33.05,32.32,68.77,64.54
31.13,31.13,33.66,60.51,64.47
28.27,28.27,34.04,52.07,62.64
27.67,27.67,34.67,55.61,64.76
30.78,30.78,36.43,55.64,62.47
31.09,31.09,38.55,50.57,63.52
30.66,30.66,43.14,54.93,62.79
29.14,29.14,47.42,55.56,62.67
22.75,22.75,46.90,56.67,61.86
15.61,15.61,50.93,68.02,61.36
12.64,12.64,61.55,67.24,64.57
16.13,16.13,60.85,73.36,63.98
25.36,25.36,60.35,68.67,63.16
24.59,24.59,59.16,69.65,64.47
24.62,24.62,58.71,71.24,62.63
26.67,26.67,58.95,70.69,60.69
29.43,29.43,59.94,69.50,60.02
29.77,29.77,58.41,71.74,59.84
29.50,29.50,57.67,68.85,62.48
29.77,29.77,58.45,71.37,63.26
29.12,29.12,60.07,71.67,61.99
29.71,29.71,59.10,69.73,62.57
29.49,29.49,59.19,67.74,63.12
25.82,25.82,64.34,68.23,63.73
27.65,27.65,62.81,66.65,63.84
36.79,36.79,58.86,59.24,63.84
48.13,48.13,52.63,58.21,67.70
58.67,58.67,57.18,58.96,68.65
58.02,58.02,55.90,56.20,67.25
64.06,64.06,64.08,55.51,70.57
71.86,71.86,79.34,60.46,73.57
71.05,71.05,88.53,64.03,70.89
74.61,74.61,90.79,65.81,69.61
74.62,74.62,86.60,67.73,69.19
75.17,75.17,89.80,70.83,67.54
74.36,74.36,90.55,72.53,65.82
72.78,72.78,90.67,73.46,65.75
72.53,72.53,89.01,74.51,66.70
77.91,77.91,83.74,74.04,67.07
74.13,74.13,68.28,72.72,65.78
76.19,76.19,80.19,72.72,65.94
74.16,74.16,78.10,72.12,64.76
73.36,73.36,75.71,74.84,65.50
74.65,74.65,67.22,74.95,66.27
75.95,75.95,64.30,74.10,66.95
73.62,73.62,61.54,74.06,67.75
72.84,72.84,60.48,73.89,68.09
76.64,76.64,63.48,74.75,67.97
74.79,74.79,65.22,74.28,67.79
72.52,72.52,60.09,74.46,66.15
73.07,73.07,63.59,73.87,65.05
70.22,70.22,62.49,72.93,66.29
70.58,70.58,59.14,72.43,69.26
73.26,73.26,54.15,73.09,71.64
73.33,73.33,47.91,73.11,71.77
77.81,77.81,55.98,71.94,70.69
79.05,79.05,64.02,72.14,70.69
77.73,77.73,60.81,72.71,68.39
77.77,77.77,62.24,71.54,68.36
79.70,79.70,61.62,74.24,62.01
82.24,82.24,57.94,73.61,62.02
80.89,80.89,53.58,71.56,64.86
81.22,81.22,54.23,71.34,62.12
79.27,79.27,56.30,72.44,59.88
78.71,78.71,56.06,72.24,59.34
77.11,77.11,50.99,70.02,59.07
74.37,74.37,45.96,68.55,60.04
78.03,78.03,44.80,69.91,65.25
79.58,79.58,42.89,70.43,71.19
78.71,78.71,47.30,69.99,72.62
78.73,78.73,53.34,70.64,74.15
77.79,77.79,50.79,70.77,73.64
75.16,75.16,45.35,71.22,73.19
78.14,78.14,43.00,72.04,72.29
78.66,78.66,37.35,70.22,72.76
76.56,76.56,35.30,71.52,72.40
79.00,79.00,32.74,72.26,71.49
79.34,79.34,31.64,73.44,71.96
77.33,77.33,33.49,72.22,71.83
75.81,75.81,35.86,72.93,71.15
73.40,73.40,34.38,69.87,70.79
76.79,76.79,34.74,71.49,70.99
76.56,76.56,36.80,73.66,69.46
77.83,77.83,38.65,71.71,69.67
78.74,78.74,38.94,73.29,69.43
79.65,79.65,39.79,72.04,69.00
78.71,78.71,47.51,73.32,68.51
76.13,76.13,62.07,71.96,70.44
76.63,76.63,68.95,70.46,71.20
77.25,77.25,82.68,66.97,70.48
77.63,77.63,82.37,67.47,68.32
77.56,77.56,83.81,73.84,68.48
76.73,76.73,79.04,69.32,69.30
75.67,75.67,70.16,71.13,71.12
74.04,74.04,65.64,71.12,72.06
69.20,69.20,65.08,71.44,71.38
72.28,72.28,62.22,71.80,71.31
77.90,77.90,61.59,71.09,71.74
79.26,79.26,57.36,68.64,71.51
79.06,79.06,47.71,71.36,69.93
80.82,80.82,57.62,71.41,71.11
80.77,80.77,57.94,72.00,69.93
80.70,80.70,48.17,71.92,71.79
78.34,78.34,43.36,72.34,71.86
75.91,75.91,47.45,72.37,70.19
74.52,74.52,45.06,71.85,69.58
75.85,75.85,41.26,69.90,68.38
76.40,76.40,40.60,65.20,71.34
77.38,77.38,44.49,67.07,72.53
77.73,77.73,49.60,67.77,71.44
78.33,78.33,45.97,67.50,70.12
78.48,78.48,43.15,68.84,69.11
76.83,76.83,44.57,71.40,68.40
73.36,73.36,48.09,66.18,68.86
76.73,76.73,48.98,67.40,68.05
80.45,80.45,50.29,67.42,68.76
80.81,80.81,52.13,67.13,69.49
82.12,82.12,54.87,68.93,67.57
83.27,83.27,51.69,69.14,67.44
84.60,84.60,50.05,68.95,68.90
85.47,85.47,47.76,67.58,69.39
85.82,85.82,52.10,67.69,69.26
86.14,86.14,57.14,67.57,68.88
86.13,86.13,54.95,67.37,70.25
85.46,85.46,50.32,67.50,67.84
83.83,83.83,59.04,67.51,67.13
80.14,80.14,82.04,65.79,67.05
75.27,75.27,89.51,66.22,65.92
76.82,76.82,93.86,67.76,64.89
80.74,80.74,87.99,64.63,65.62
80.24,80.24,88.80,67.58,65.14
78.51,78.51,89.38,67.10,63.19
76.27,76.27,90.13,63.01,64.77
70.55,70.55,78.37,64.00,66.13
74.03,74.03,79.76,64.95,66.37
79.49,79.49,79.82,68.82,65.27
79.72,79.72,75.54,69.35,68.52
79.51,79.51,68.02,66.59,67.46
76.13,76.13,62.44,65.79,66.68
75.33,75.33,65.91,68.21,66.61
78.22,78.22,62.61,67.69,65.54
79.24,79.24,62.08,68.89,64.65
79.25,79.25,64.61,66.29,64.39
78.67,78.67,66.63,67.02,65.92
79.52,79.52,61.35,68.12,64.06
78.54,78.54,56.92,63.76,63.69
77.68,77.68,58.19,65.25,66.25
75.55,75.55,69.38,66.95,68.24
69.97,69.97,87.94,68.34,68.76
68.08,68.08,93.87,62.09,66.53
72.02,72.02,90.15,55.04,67.63
72.19,72.19,87.20,56.01,66.52
74.27,74.27,92.48,58.41,68.07
76.59,76.59,91.09,58.48,69.99
76.52,76.52,91.13,59.82,70.79
70.92,70.92,83.05,63.61,70.46
72.34,72.34,72.70,64.87,69.99
71.98,71.98,81.10,63.39,68.74
70.52,70.52,77.29,64.85,68.48
69.20,69.20,79.31,66.08,68.76
71.54,71.54,71.42,62.61,68.35
69.84,69.84,72.31,63.59,66.05
70.05,70.05,61.64,64.08,68.43
69.48,69.48,66.22,62.06,68.43
73.91,73.91,61.51,63.98,66.77
74.47,74.47,56.37,59.26,65.81
74.48,74.48,63.74,60.64,66.91
69.62,69.62,70.71,64.26,66.15
71.17,71.17,66.90,63.56,65.76
67.50,67.50,64.01,62.43,67.25
66.57,66.57,59.10,60.91,68.94
72.49,72.49,59.59,61.85,67.84
78.59,78.59,58.03,61.45,67.45
80.32,80.32,61.75,61.29,67.56
78.03,78.03,54.74,59.76,66.19
76.62,76.62,53.87,64.65,64.92
72.93,72.93,59.28,65.88,64.19
73.60,73.60,57.09,66.76,63.30
74.12,74.12,55.20,65.42,63.36
77.75,77.75,57.77,66.51,63.05
75.22,75.22,53.23,65.95,63.91
74.01,74.01,50.30,64.49,63.37
74.90,74.90,47.72,64.60,64.00
74.06,74.06,47.56,64.22,64.64
76.80,76.80,51.10,66.00,65.39
76.48,76.48,52.00,66.48,66.09
76.35,76.35,55.75,66.20,66.48
76.58,76.58,60.12,67.28,67.99
76.61,76.61,60.66,65.31,67.82
75.51,75.51,58.75,67.09,68.37
75.84,75.84,57.94,65.91,69.08
73.35,73.35,55.68,66.48,66.38
71.96,71.96,54.57,64.29,67.69
73.70,73.70,53.71,65.85,66.01
74.96,74.96,52.46,67.13,65.19
77.50,77.50,51.36,66.57,66.94
76.14,76.14,50.14,66.71,66.64
75.09,75.09,53.52,66.75,68.03
76.43,76.43,54.77,67.38,66.15
74.04,74.04,52.68,67.25,66.80
71.54,71.54,50.20,67.03,67.29
70.04,70.04,48.53,67.20,67.95
70.01,70.01,46.88,67.51,66.85
69.04,69.04,46.36,67.59,65.90
66.12,66.12,50.42,67.46,65.67
72.12,72.12,60.58,64.82,63.36
71.42,71.42,66.76,60.67,61.54
68.98,68.98,81.90,59.28,62.67
72.55,72.55,83.35,59.82,61.99
73.43,73.43,84.10,60.57,62.08
73.66,73.66,78.21,61.20,63.32
73.87,73.87,74.24,62.32,65.01
71.46,71.46,72.34,62.72,65.19
71.40,71.40,68.75,65.09,69.68
73.30,73.30,68.51,64.16,67.82
72.28,72.28,61.34,64.08,72.64
68.59,68.59,62.68,60.85,71.78
66.52,66.52,62.90,61.18,73.29
65.80,65.80,63.62,67.34,70.18
69.62,69.62,66.86,68.10,69.55
70.33,70.33,69.38,58.45,70.35
69.95,69.95,69.70,59.61,72.03
72.97,72.97,67.90,60.09,73.23
73.87,73.87,65.87,60.35,72.58
73.70,73.70,61.23,61.07,70.03
74.72,74.72,69.54,59.50,61.79
74.67,74.67,74.97,62.29,66.78
73.84,73.84,88.58,62.29,65.32
70.48,70.48,91.99,65.46,65.65
68.59,68.59,88.40,67.68,65.51
70.20,70.20,90.14,66.23,65.81
73.75,73.75,91.32,64.56,66.10
73.04,73.04,90.00,64.23,68.77
73.49,73.49,86.58,61.33,66.31
72.85,72.85,72.84,61.92,68.29
74.54,74.54,78.92,56.20,69.82
74.58,74.58,80.62,53.61,70.54
74.28,74.28,76.74,53.04,70.33
70.82,70.82,66.85,55.73,68.80
69.07,69.07,66.19,59.98,67.64
67.78,67.78,80.73,65.44,63.96
67.91,67.91,76.14,64.33,65.14
67.07,67.07,71.64,56.20,64.00
68.37,68.37,71.94,67.04,64.30
67.53,67.53,70.02,62.36,63.86
65.06,65.06,73.88,62.50,63.34
65.72,65.72,83.31,71.15,63.56
66.51,66.51,80.31,68.30,65.56
68.22,68.22,72.69,69.20,65.21
72.29,72.29,75.40,66.26,68.56
72.94,72.94,67.83,68.35,67.59
73.33,73.33,64.22,64.77,67.26
71.06,71.06,65.97,67.16,67.42
70.39,70.39,64.74,63.47,68.82
67.49,67.49,62.67,68.01,66.57
66.08,66.08,58.90,61.82,66.46
65.61,65.61,64.59,74.40,65.65
68.51,68.51,61.56,81.95,66.53
69.26,69.26,69.81,78.44,66.93
69.96,69.96,70.87,78.97,66.37
69.28,69.28,72.15,79.70,66.46
70.72,70.72,70.77,77.36,67.28
69.57,69.57,69.50,78.43,65.23
67.75,67.75,65.75,71.95,65.38
64.73,64.73,78.02,76.18,67.56
62.26,62.26,90.60,82.97,68.44
59.37,59.37,90.88,81.88,68.23
66.14,66.14,89.44,80.62,70.92
68.33,68.33,91.46,81.37,70.06
67.06,67.06,91.26,80.42,69.54
65.42,65.42,88.94,80.21,70.19
70.58,70.58,88.61,80.34,68.94
70.10,70.10,79.13,81.96,71.32
69.46,69.46,71.46,81.18,70.27
68.46,68.46,78.25,81.27,71.24
67.51,67.51,72.62,80.18,69.82
69.55,69.55,74.85,80.47,70.04
69.89,69.89,70.07,77.96,68.87
68.30,68.30,65.37,75.42,68.26
70.89,70.89,65.95,73.29,68.26
70.47,70.47,63.38,71.21,68.45
68.48,68.48,55.40,71.97,68.47
65.38,65.38,69.26,67.33,66.96
65.14,65.14,68.09,67.12,65.98
69.55,69.55,66.98,67.04,67.11
68.05,68.05,64.46,65.60,65.71
65.05,65.05,62.47,69.85,67.42
65.73,65.73,54.94,67.44,65.65
67.03,67.03,54.23,71.03,65.83
74.54,74.54,65.17,68.28,67.49
75.44,75.44,64.44,73.14,67.79
74.69,74.69,60.50,70.28,69.54
71.13,71.13,60.64,70.68,68.56
71.21,71.21,60.68,69.34,66.73
71.27,71.27,58.29,69.65,66.40
71.26,71.26,62.47,67.97,68.79
71.77,71.77,61.48,64.42,69.48
74.87,74.87,60.65,69.30,68.61
74.29,74.29,55.65,64.99,69.59
74.74,74.74,40.70,72.30,68.81
71.66,71.66,49.69,63.73,67.98
74.72,74.72,54.32,66.22,67.70
73.32,73.32,59.53,67.17,66.47
71.83,71.83,45.75,67.50,65.92
74.11,74.11,48.25,67.37,66.65
72.78,72.78,54.35,65.80,66.81
72.62,72.62,57.99,69.58,66.75
74.73,74.73,54.90,64.51,65.81
70.29,70.29,56.17,67.13,65.23
69.92,69.92,54.86,63.67,66.50
71.43,71.43,55.08,66.93,66.63
69.04,69.04,51.90,65.08,66.14
71.29,71.29,44.43,66.59,64.16
74.58,74.58,42.83,66.65,65.75
72.17,72.17,33.94,61.61,65.76
70.50,70.50,33.63,68.85,65.49
70.89,70.89,31.86,65.39,66.63
68.91,68.91,30.97,67.97,67.87
72.54,72.54,34.32,67.64,68.76
75.05,75.05,37.24,66.37,67.33
75.71,75.71,43.24,66.08,64.82
73.20,73.20,46.93,65.30,64.74
69.50,69.50,44.20,67.36,64.59
69.78,69.78,44.48,66.21,64.55
71.05,71.05,52.09,68.31,63.75
67.75,67.75,61.89,62.28,63.26
61.56,61.56,71.58,64.15,61.94
61.51,61.51,82.80,66.48,66.31
66.03,66.03,81.46,59.57,68.81
70.53,70.53,80.39,62.25,70.46
69.70,69.70,73.64,56.16,70.52
71.43,71.43,61.46,61.27,70.80
75.20,75.20,61.52,62.65,69.78
73.89,73.89,62.20,60.51,68.62
74.03,74.03,62.71,65.81,68.88
72.43,72.43,56.59,66.69,69.01
74.73,74.73,59.95,73.78,67.35
74.67,74.67,55.07,64.15,67.56
70.07,70.07,45.50,69.56,66.30
61.50,61.50,48.64,70.02,67.47
67.12,67.12,49.36,75.21,66.73
68.02,68.02,50.63,69.51,68.11
70.19,70.19,48.25,70.21,70.11
68.47,68.47,42.98,67.85,72.82
70.21,70.21,42.11,66.72,72.73
69.54,69.54,40.04,70.19,72.51
69.97,69.97,44.30,65.37,69.86
72.29,72.29,50.70,68.82,69.74
71.14,71.14,45.24,66.60,68.80
73.09,73.09,37.07,67.69,69.13
68.82,68.82,34.11,67.82,66.44
71.87,71.87,35.45,72.92,66.11
66.37,66.37,34.27,66.33,66.78
65.67,65.67,36.92,70.39,67.34
67.52,67.52,42.93,64.04,69.22
65.41,65.41,37.32,67.14,67.25
66.54,66.54,31.83,61.02,65.32
67.39,67.39,30.26,61.84,63.20
64.91,64.91,36.72,60.06,62.86
66.63,66.63,36.30,52.13,64.02
64.17,64.17,34.33,57.65,63.07
66.59,66.59,37.06,57.02,63.75
65.22,65.22,27.14,52.82,64.24
62.81,62.81,40.96,63.04,66.92
60.46,60.46,47.69,71.26,67.21
62.89,62.89,55.10,69.89,64.79
64.34,64.34,53.95,68.47,66.80
61.84,61.84,49.40,70.28,66.22
58.11,58.11,46.34,71.48,66.50
61.13,61.13,43.45,71.59,66.05
59.90,59.90,49.18,71.56,65.56
58.29,58.29,56.34,67.53,63.31
58.47,58.47,53.69,68.40,62.30
56.03,56.03,50.58,70.67,61.66
61.03,61.03,64.60,70.32,62.07
60.52,60.52,66.06,67.59,60.45
60.05,60.05,62.33,68.01,59.63
63.32,63.32,66.76,69.80,61.59
57.26,57.26,67.79,70.30,60.42
54.94,54.94,66.97,70.59,61.43
57.11,57.11,61.39,70.15,63.10
59.03,59.03,56.05,68.15,62.64
59.91,59.91,56.24,69.33,59.98
58.18,58.18,64.09,68.38,59.45
54.11,54.11,62.57,66.94,57.62
56.19,56.19,69.44,65.39,60.84
57.16,57.16,89.60,63.58,61.04
55.93,55.93,93.24,62.33,62.92
57.15,57.15,89.25,64.13,65.69
56.15,56.15,90.29,65.67,68.23
52.56,52.56,91.88,64.04,66.62
52.13,52.13,92.03,64.08,67.93
50.95,50.95,90.30,66.11,65.76
52.14,52.14,82.98,66.32,68.02
56.68,56.68,68.76,67.11,66.93
55.71,55.71,75.90,66.10,68.36
56.89,56.89,74.67,67.77,67.44
57.96,57.96,74.14,68.63,67.40
61.13,61.13,71.70,69.43,67.50
65.44,65.44,70.68,68.76,65.01
68.95,68.95,56.54,68.46,65.92
68.28,68.28,58.54,67.97,64.16
67.14,67.14,60.53,67.79,64.10
64.08,64.08,66.87,61.66,64.67
61.66,61.66,57.00,52.75,66.20
63.70,63.70,67.62,52.80,65.87
67.27,67.27,66.12,57.60,66.27
69.60,69.60,63.50,59.44,66.51
69.31,69.31,62.54,72.00,65.92
68.23,68.23,64.57,72.21,65.74
67.48,67.48,66.79,71.79,63.86
65.78,65.78,67.53,68.19,63.50
66.39,66.39,64.60,73.14,64.19
65.91,65.91,60.13,70.43,62.61
64.37,64.37,57.73,70.57,62.37
61.54,61.54,55.43,72.04,63.82
56.20,56.20,63.40,70.58,61.94
56.29,56.29,62.55,70.96,62.09
53.13,53.13,65.35,69.69,62.19
52.18,52.18,54.94,70.44,62.87
53.57,53.57,50.65,70.92,61.25
49.96,49.96,43.45,63.55,61.84
56.59,56.59,49.35,54.22,64.23
54.97,54.97,51.58,50.50,64.16
50.60,50.60,56.14,51.76,66.76
51.32,51.32,55.45,57.82,68.64
49.64,49.64,55.57,71.47,68.46
52.45,52.45,49.39,71.07,67.06
53.33,53.33,45.88,71.55,65.95
58.59,58.59,49.66,71.22,61.95
60.29,60.29,54.73,70.14,61.87
58.48,58.48,55.52,70.88,63.36
51.69,51.69,54.44,71.60,63.01
54.64,54.64,50.50,70.40,63.63
57.40,57.40,52.42,70.85,63.72
53.10,53.10,50.10,70.80,63.60
48.91,48.91,43.80,67.43,65.67
47.69,47.69,47.16,71.75,65.05
49.52,49.52,40.03,70.38,63.98
50.60,50.60,42.52,64.29,66.39
53.78,53.78,50.39,60.87,66.88
49.95,49.95,54.03,55.88,65.52
42.60,42.60,56.89,45.02,65.89
40.53,40.53,59.31,49.84,64.00
33.94,33.94,76.12,58.14,60.62
30.70,30.70,81.29,60.96,56.75
29.50,29.50,81.57,60.93,60.29
33.54,33.54,81.86,61.02,62.26
36.91,36.91,73.44,61.66,62.27
38.82,38.82,66.25,62.95,62.66
40.20,40.20,67.82,65.54,62.95
44.65,44.65,68.77,70.87,63.14
43.56,43.56,60.35,69.57,62.42
43.62,43.62,59.31,59.48,62.68
37.83,37.83,52.30,51.29,62.79
38.63,38.63,57.08,55.39,64.11
37.74,37.74,61.32,54.33,64.16
38.38,38.38,57.79,48.24,64.11
41.51,41.51,59.47,53.41,64.45
42.98,42.98,57.65,54.40,63.58
44.00,44.00,54.24,52.99,62.68
43.28,43.28,51.46,52.18,62.31
39.75,39.75,47.13,48.17,61.52
43.90,43.90,48.71,51.49,64.85
53.13,53.13,54.94,61.97,73.13
53.59,53.59,62.58,61.61,73.47
59.36,59.36,67.41,62.14,70.92
59.59,59.59,68.44,60.86,69.49
59.19,59.19,63.67,58.09,70.60
56.87,56.87,66.09,58.86,70.74
51.34,51.34,64.98,65.46,70.22
49.07,49.07,64.81,66.94,68.79
52.44,52.44,62.27,66.79,70.56
53.82,53.82,67.29,67.97,71.06
54.00,54.00,65.28,68.57,70.41
52.04,52.04,65.17,67.58,69.97
51.55,51.55,71.33,67.35,69.50
51.61,51.61,69.92,66.82,68.14
53.49,53.49,64.97,68.38,67.79
51.17,51.17,59.52,68.45,68.05
51.29,51.29,60.25,67.63,67.32
49.87,49.87,72.55,63.23,67.49
47.49,47.49,90.81,63.90,65.76
49.53,49.53,91.24,63.34,66.14
51.16,51.16,90.18,62.19,66.35
52.95,52.95,88.67,64.33,67.53
55.37,55.37,88.43,66.48,66.34
59.51,59.51,87.33,65.40,67.36
59.93,59.93,83.98,64.04,67.43
59.96,59.96,82.31,62.27,68.79
58.43,58.43,77.30,58.50,67.60
58.06,58.06,76.60,53.76,66.30
56.30,56.30,65.13,55.17,64.76
46.75,46.75,68.29,50.54,65.27
48.32,48.32,71.09,52.88,66.36
46.17,46.17,69.47,48.04,65.63
47.41,47.41,70.38,46.53,65.54
43.68,43.68,59.21,45.69,64.98
42.95,42.95,58.31,48.63,65.06
42.47,42.47,63.64,45.57,67.97
37.21,37.21,66.03,45.22,69.60
35.06,35.06,61.02,48.79,68.46
33.39,33.39,66.60,61.78,69.88
34.41,34.41,86.28,68.54,69.84
32.10,32.10,92.97,69.23,68.01
32.70,32.70,93.02,70.28,70.17
33.93,33.93,89.31,72.56,71.43
29.96,29.96,91.25,69.45,71.46
26.75,26.75,90.55,69.16,72.13
28.56,28.56,91.80,68.99,68.78
28.43,28.43,84.76,70.79,71.12
29.08,29.08,74.78,71.20,71.03
33.00,33.00,77.46,67.96,69.19
30.70,30.70,76.95,72.11,69.82
33.77,33.77,77.29,69.17,69.17
35.73,35.73,72.33,71.97,68.58
34.34,34.34,69.85,68.04,69.47
33.32,33.32,58.67,71.56,68.89
36.11,36.11,62.41,69.64,66.32
36.30,36.30,53.81,71.12,67.31
32.19,32.19,67.80,70.54,67.89
29.55,29.55,67.30,69.81,68.87
25.16,25.16,61.85,71.39,70.00
28.60,28.60,59.79,68.36,69.13
27.04,27.04,54.36,71.61,67.86
26.53,26.53,52.55,66.87,68.25
28.05,28.05,54.03,72.46,67.39
30.41,30.41,60.34,68.37,66.58
31.77,31.77,64.29,71.08,67.56
29.94,29.94,61.17,69.50,66.40
31.80,31.80,56.86,70.03,64.71
30.89,30.89,51.57,70.49,66.16
32.56,32.56,51.55,68.60,66.16
33.19,33.19,52.43,70.68,64.39
35.11,35.11,52.95,67.44,66.54
36.49,36.49,48.66,72.15,64.55
33.11,33.11,36.02,67.58,64.96
36.27,36.27,34.47,70.93,65.00
38.31,38.31,37.94,68.61,65.41
36.34,36.34,43.27,69.86,65.28
33.55,33.55,43.37,69.75,67.33
29.96,29.96,49.83,68.27,65.39
26.13,26.13,54.61,69.78,65.34
30.48,30.48,57.75,67.76,64.69
27.34,27.34,55.00,69.34,63.15
25.22,25.22,53.95,66.59,64.91
24.56,24.56,47.39,71.28,64.68
27.47,27.47,41.94,67.10,64.39
28.92,28.92,37.23,69.87,63.17
29.94,29.94,38.54,68.02,63.17
32.31,32.31,41.98,68.40,60.79
31.75,31.75,40.98,68.67,62.21
29.24,29.24,39.91,67.99,62.25
26.62,26.62,36.45,69.02,63.10
27.07,27.07,37.60,66.91,65.12
25.64,25.64,40.48,70.16,64.59
26.11,26.11,46.66,66.46,62.68
28.63,28.63,47.40,70.85,63.08
31.49,31.49,46.34,66.53,63.15
34.34,34.34,47.50,68.73,61.71
31.47,31.47,53.54,66.73,61.45
19.63,19.63,61.43,66.70,58.91
12.62,12.62,77.27,68.23,52.87
15.34,15.34,83.49,66.24,51.07
9.47,9.47,83.65,67.56,53.99
15.63,15.63,79.47,62.36,56.68
12.28,12.28,73.05,67.10,59.57
17.17,17.17,64.66,64.74,60.11
20.01,20.01,69.33,69.62,59.02
22.97,22.97,67.33,66.55,61.38
23.20,23.20,58.38,68.62,60.63
24.15,24.15,58.91,68.99,60.30
23.72,23.72,63.58,66.06,62.44
22.74,22.74,60.07,67.28,62.53
24.22,24.22,55.02,65.62,62.70
28.00,28.00,55.47,69.76,61.94
28.82,28.82,50.35,65.23,60.13
32.61,32.61,47.34,69.02,60.55
32.34,32.34,43.81,64.83,61.17
27.79,27.79,40.18,64.08,60.58
25.26,25.26,44.16,61.93,62.05
19.76,19.76,48.09,62.50,63.76
21.28,21.28,53.77,61.34,67.44
20.85,20.85,53.08,66.69,66.25
21.12,21.12,46.65,70.20,68.36
23.74,23.74,49.74,64.39,67.87
24.75,24.75,53.81,69.31,66.05
27.12,27.12,60.34,70.99,67.20
29.34,29.34,62.96,68.56,66.39
33.07,33.07,62.99,60.76,67.39
35.64,35.64,62.80,68.44,66.69
38.28,38.28,64.43,70.02,65.77
39.93,39.93,63.97,61.11,64.69
40.83,40.83,52.91,66.21,64.57
40.23,40.23,58.60,69.50,65.72
42.83,42.83,63.88,64.15,63.84
41.91,41.91,64.54,62.06,61.58
39.76,39.76,60.04,65.21,60.64
36.65,36.65,54.44,64.86,59.24
27.44,27.44,65.28,64.47,58.86
24.95,24.95,86.29,69.74,60.18
21.72,21.72,92.55,70.56,62.07
22.69,22.69,94.05,69.56,61.54
22.43,22.43,88.90,66.96,61.26
19.88,19.88,88.73,63.06,64.54
16.09,16.09,89.95,60.67,61.32
18.02,18.02,90.54,69.49,62.87
27.00,27.00,79.92,72.50,62.08
31.21,31.21,80.08,72.86,63.35
32.45,32.45,80.23,69.98,59.97
28.20,28.20,74.95,66.23,60.88
30.98,30.98,71.29,58.10,61.24
28.43,28.43,57.62,64.76,60.83
31.70,31.70,63.85,70.96,60.67
32.50,32.50,66.25,72.88,60.59
32.80,32.80,67.24,68.13,64.15
32.38,32.38,61.74,65.07,64.51
31.46,31.46,63.50,62.35,65.67
27.21,27.21,59.42,60.05,64.09
21.75,21.75,64.22,62.22,63.12
15.30,15.30,80.90,66.67,69.11
17.37,17.37,88.91,67.81,66.43
22.27,22.27,94.19,66.53,65.38
24.95,24.95,89.49,67.64,65.58
23.61,23.61,90.79,69.70,66.65
25.28,25.28,90.06,70.15,66.02
22.34,22.34,90.54,69.21,67.65
21.71,21.71,86.68,67.69,66.04
19.78,19.78,80.85,67.50,68.23
23.37,23.37,75.94,67.51,69.10
28.45,28.45,80.45,67.13,66.90
29.24,29.24,80.92,66.07,64.94
28.48,28.48,71.97,64.62,66.11
29.77,29.77,69.34,64.54,64.83
28.32,28.32,63.55,63.45,63.89
27.93,27.93,66.10,63.08,64.34
28.64,28.64,68.04,61.98,64.10
28.85,28.85,66.96,59.86,65.96
24.42,24.42,66.20,56.50,66.21
16.24,16.24,60.55,60.35,65.55
15.70,15.70,62.85,68.56,65.12
20.23,20.23,63.15,70.95,65.05
19.38,19.38,54.77,71.38,63.60
18.05,18.05,46.10,69.63,63.98
19.80,19.80,54.01,69.84,63.72
22.29,22.29,55.02,70.49,62.44
25.27,25.27,58.89,68.15,63.74
24.70,24.70,51.29,61.23,64.81
22.93,22.93,47.93,46.17,63.96
23.03,23.03,46.84,48.86,63.21
23.57,23.57,54.34,46.57,62.68
21.10,21.10,62.48,44.31,62.73
21.29,21.29,61.87,42.20,64.16
22.97,22.97,59.95,40.58,65.06
20.89,20.89,59.78,43.64,64.06
22.43,22.43,49.69,42.41,64.36
25.11,25.11,49.59,49.41,62.95
23.56,23.56,47.84,52.54,62.80
24.83,24.83,50.73,74.35,64.20
14.47,14.47,56.82,69.35,62.94
13.50,13.50,63.97,72.77,65.13
21.64,21.64,64.22,67.75,64.20
32.30,32.30,62.55,71.45,63.68
40.17,40.17,61.17,70.41,64.60
40.64,40.64,60.07,71.38,64.24
39.53,39.53,59.47,70.63,63.82
37.73,37.73,60.08,69.80,64.52
35.97,35.97,60.04,73.14,63.45
36.46,36.46,59.21,66.80,62.99
34.22,34.22,59.37,67.24,62.77
33.69,33.69,57.83,64.86,64.05
33.72,33.72,57.30,64.76,64.13
33.07,33.07,56.82,65.48,65.72
31.52,31.52,56.06,64.75,63.48
32.23,32.23,55.52,64.33,64.04
36.05,36.05,56.13,63.95,64.83
40.69,40.69,55.21,63.50,62.98
52.92,52.92,57.19,61.64,61.68
51.50,51.50,61.84,55.07,62.05
58.12,58.12,70.88,56.57,58.73
69.40,69.40,85.94,61.64,58.67
66.43,66.43,81.47,62.28,56.31
68.00,68.00,76.58,62.85,57.90
68.18,68.18,72.04,64.32,59.43
71.52,71.52,76.00,67.53,60.65
71.25,71.25,74.15,70.90,62.82
69.68,69.68,70.83,68.02,64.29
70.49,70.49,60.34,64.00,64.60
69.67,69.67,57.46,68.01,62.26
72.64,72.64,62.86,69.86,62.83
72.87,72.87,65.31,68.15,62.71
72.87,72.87,63.06,67.48,62.70
74.75,74.75,71.61,66.79,63.86
77.11,77.11,71.39,71.38,62.34
74.79,74.79,63.85,61.68,58.14
73.83,73.83,68.79,62.17,60.15
73.97,73.97,67.69,61.97,62.35
75.17,75.17,65.31,57.75,59.81
73.99,73.99,73.66,58.97,60.51
71.92,71.92,90.25,58.30,60.15
70.49,70.49,90.47,63.47,70.46
72.44,72.44,89.92,65.14,70.60
69.02,69.02,90.25,64.16,68.94
72.77,72.77,89.75,66.43,71.95
72.02,72.02,90.91,67.28,71.47
70.95,70.95,89.16,69.54,71.51
75.23,75.23,84.84,67.63,73.17
72.13,72.13,70.09,68.53,73.08
71.37,71.37,78.00,69.21,72.11
71.44,71.44,70.06,68.83,73.61
75.44,75.44,67.33,69.16,70.74
68.66,68.66,74.87,69.24,70.09
70.04,70.04,69.90,66.89,69.83
69.69,69.69,59.90,65.30,68.70
66.46,66.46,64.22,53.17,71.33
64.53,64.53,64.07,49.45,68.87
58.63,58.63,58.37,43.35,69.21
60.86,60.86,67.42,49.61,68.24
57.08,57.08,89.23,60.45,66.00
57.57,57.57,92.72,62.37,70.19
57.64,57.64,89.72,61.44,70.27
56.89,56.89,91.01,65.64,70.21
56.67,56.67,89.81,68.85,70.43
55.05,55.05,92.51,69.82,71.46
51.52,51.52,88.75,66.54,71.44
51.77,51.77,82.16,67.22,70.26
50.37,50.37,75.71,67.88,69.84
51.05,51.05,79.54,62.44,69.09
51.36,51.36,76.80,61.84,70.11
52.26,52.26,67.64,58.01,70.31
52.46,52.46,72.45,53.39,67.41
52.23,52.23,69.20,60.67,67.21
51.56,51.56,67.90,65.24,68.15
50.07,50.07,66.52,64.01,67.80
51.73,51.73,67.76,61.13,67.41
48.87,48.87,59.71,62.78,65.95
46.65,46.65,62.19,59.66,66.59
43.73,43.73,65.78,56.67,65.85
48.41,48.41,88.57,63.16,68.45
45.77,45.77,89.58,65.73,68.06
48.64,48.64,93.86,74.08,65.71
51.97,51.97,89.74,71.59,65.96
48.45,48.45,90.74,68.92,66.42
48.93,48.93,90.99,72.90,66.65
49.55,49.55,91.06,78.14,64.91
49.70,49.70,85.47,78.65,66.37
50.99,50.99,74.69,77.14,65.70
52.52,52.52,67.26,77.01,64.37
55.63,55.63,77.80,76.31,67.32
58.17,58.17,78.77,75.34,67.44
58.53,58.53,74.28,74.27,66.02
58.90,58.90,66.17,76.50,68.06
58.35,58.35,57.64,75.97,68.32
58.24,58.24,47.31,75.82,67.95
58.56,58.56,57.45,74.85,66.55
59.89,59.89,57.84,73.61,66.25
57.66,57.66,54.30,73.12,65.01
59.53,59.53,61.82,74.05,65.66
60.53,60.53,62.91,73.04,64.70
60.61,60.61,63.19,72.49,64.46
60.76,60.76,61.64,73.03,66.10
61.98,61.98,48.62,70.54,66.45
61.96,61.96,55.96,73.47,66.49
60.84,60.84,63.13,72.95,66.00
53.94,53.94,62.70,71.42,67.05
53.95,53.95,59.51,72.46,66.32
52.80,52.80,56.14,73.71,66.22
53.70,53.70,54.26,73.71,66.59
53.46,53.46,47.20,72.44,67.62
52.66,52.66,45.21,75.02,67.64
52.32,52.32,51.76,73.28,69.86
52.10,52.10,50.31,74.01,69.21
53.35,53.35,47.94,73.15,68.10
52.92,52.92,44.58,73.18,67.05
53.79,53.79,43.11,72.95,65.51
53.14,53.14,43.20,72.68,65.56
49.39,49.39,46.03,72.49,64.55
48.59,48.59,45.65,72.25,65.49
49.83,49.83,54.07,72.14,66.88
51.20,51.20,52.73,71.65,68.15
50.09,50.09,45.79,71.90,66.44
47.93,47.93,41.50,72.80,64.25
51.17,51.17,31.94,72.78,65.72
49.37,49.37,29.19,72.00,65.08
51.93,51.93,26.05,72.33,64.06
53.56,53.56,27.16,72.85,65.49
51.32,51.32,33.52,71.86,64.67
50.89,50.89,33.89,71.10,64.80
49.61,49.61,33.42,71.20,65.25
49.09,49.09,33.65,71.57,65.30
48.33,48.33,34.43,71.66,64.36
47.85,47.85,36.70,72.35,64.63
48.49,48.49,38.49,71.54,67.26
49.96,49.96,36.95,72.22,65.54
48.35,48.35,36.98,71.72,64.25
46.42,46.42,45.56,70.97,65.14
41.13,41.13,57.90,71.36,61.28
28.36,28.36,63.77,71.42,59.19
23.81,23.81,78.66,68.97,61.01
17.00,17.00,83.28,65.60,67.62
20.27,20.27,83.24,68.30,72.73
16.62,16.62,80.15,68.31,76.32
20.32,20.32,72.13,71.24,77.12
23.46,23.46,67.12,70.93,77.94
30.09,30.09,63.04,69.78,76.83
29.66,29.66,60.57,70.11,77.73
33.46,33.46,60.78,70.58,77.76
36.18,36.18,60.99,70.29,74.09
36.89,36.89,62.83,69.76,74.63
39.59,39.59,56.01,70.13,76.17
43.72,43.72,55.64,70.28,74.35
45.09,45.09,56.73,70.54,74.44
46.31,46.31,52.07,69.34,74.58
43.84,43.84,46.17,70.02,72.49
45.16,45.16,45.06,70.53,73.62
48.93,48.93,42.63,69.98,75.02
55.29,55.29,35.41,69.80,71.36
53.56,53.56,42.25,68.71,70.01
44.32,44.32,47.70,69.40,67.17
36.24,36.24,56.58,69.21,68.36
36.31,36.31,52.36,69.23,67.41
41.60,41.60,47.92,68.79,70.74
39.85,39.85,47.58,69.37,70.26
38.36,38.36,54.53,71.81,70.50
39.77,39.77,58.67,65.09,69.67
35.41,35.41,58.78,73.79,68.18
39.18,39.18,54.39,64.99,68.31
40.04,40.04,48.33,64.98,67.90
41.01,41.01,44.57,62.55,69.67
41.29,41.29,48.68,51.21,66.46
40.54,40.54,52.95,66.06,65.98
41.80,41.80,54.85,61.32,65.66
42.28,42.28,48.63,61.05,65.76
42.95,42.95,39.95,54.67,67.80
43.76,43.76,30.26,52.16,67.44
41.90,41.90,32.27,52.83,63.92
35.17,35.17,43.69,60.26,63.79
27.68,27.68,48.54,64.83,64.93
25.26,25.26,57.78,73.44,66.11
29.43,29.43,63.12,75.89,64.45
33.46,33.46,68.70,77.93,64.86
36.77,36.77,69.81,74.32,64.87
38.75,38.75,66.97,74.61,64.45
39.93,39.93,58.25,73.90,63.53
41.25,41.25,58.60,74.80,65.64
41.13,41.13,65.76,73.88,65.31
41.66,41.66,67.74,74.39,64.62
39.67,39.67,66.15,75.98,65.40
42.02,42.02,60.85,64.79,63.46
41.31,41.31,51.35,59.02,62.66
38.87,38.87,55.20,60.12,65.43
41.01,41.01,57.08,69.00,66.32
43.12,43.12,56.32,65.94,65.33
44.05,44.05,50.19,59.08,66.38
45.77,45.77,41.04,56.81,65.96
42.61,42.61,53.31,54.78,63.51
38.33,38.33,59.85,55.06,61.89
27.95,27.95,70.85,57.48,62.44
23.12,23.12,87.16,63.74,61.77
25.28,25.28,93.19,65.27,61.99
29.96,29.96,91.08,65.67,63.25
33.70,33.70,89.33,68.78,62.26
33.36,33.36,90.44,71.26,64.51
31.27,31.27,90.84,71.42,67.22
29.30,29.30,87.62,71.47,66.61
30.14,30.14,76.65,72.50,65.15
33.89,33.89,76.92,72.25,66.37
31.22,31.22,81.87,71.54,66.59
33.25,33.25,83.53,71.35,65.83
35.38,35.38,79.75,73.17,65.07
37.33,37.33,74.45,73.60,67.05
38.37,38.37,68.11,73.02,65.55
41.52,41.52,65.81,73.90,64.64
42.04,42.04,64.24,73.75,64.23
42.58,42.58,66.74,73.73,62.97
43.31,43.31,68.65,74.44,61.60
36.12,36.12,68.20,73.14,62.03
31.40,31.40,67.01,73.85,63.07
22.01,22.01,62.90,74.39,67.25
20.85,20.85,57.02,74.61,72.93
26.17,26.17,61.57,75.42,73.06
28.90,28.90,57.94,75.26,72.96
34.23,34.23,62.05,75.22,73.57
31.82,31.82,59.90,76.11,74.24
34.49,34.49,51.49,75.18,72.26
37.19,37.19,50.79,74.80,65.94
38.84,38.84,46.70,74.55,62.74
39.00,39.00,35.83,75.50,62.47
40.88,40.88,44.39,75.82,61.84
40.38,40.38,48.99,75.03,61.34
39.85,39.85,49.07,75.42,60.61
40.45,40.45,47.69,74.22,60.60
38.47,38.47,46.40,74.81,60.25
38.79,38.79,43.63,74.67,60.58
38.50,38.50,40.11,73.80,61.15
33.18,33.18,42.54,74.38,60.79
23.75,23.75,47.56,73.99,61.46
21.32,21.32,55.42,74.89,64.58
14.78,14.78,53.71,74.06,64.66
19.44,19.44,51.22,73.51,66.11
22.23,22.23,48.72,73.97,68.00
26.46,26.46,46.09,72.29,68.80
28.79,28.79,39.65,73.76,69.52
31.25,31.25,32.81,72.33,69.01
32.78,32.78,32.75,71.84,68.85
34.90,34.90,34.29,71.50,68.50
37.63,37.63,34.96,72.36,66.55
38.37,38.37,36.60,72.26,67.66
41.69,41.69,37.94,72.78,66.34
41.00,41.00,38.95,71.20,65.75
41.18,41.18,38.36,72.95,64.98
40.86,40.86,37.56,71.82,65.15
41.36,41.36,36.89,71.67,65.51
41.41,41.41,37.70,72.79,66.88
39.03,39.03,50.32,71.56,66.68
30.47,30.47,58.29,71.10,62.87
16.04,16.04,63.57,70.22,61.51
14.94,14.94,82.20,71.50,62.32
17.34,17.34,83.10,74.14,65.96
19.89,19.89,83.90,76.47,66.48
13.36,13.36,79.63,72.20,66.48
17.25,17.25,69.03,73.15,65.17
25.46,25.46,65.37,74.54,64.77
33.68,33.68,61.97,74.83,63.77
37.67,37.67,54.18,74.20,64.41
38.34,38.34,54.30,73.62,64.83
39.16,39.16,58.34,73.86,64.98
39.21,39.21,56.88,73.73,64.94
40.46,40.46,45.92,73.52,65.01
40.59,40.59,43.60,73.10,64.88
41.46,41.46,43.94,74.13,63.29
41.97,41.97,44.26,74.13,62.84
42.31,42.31,40.83,74.08,64.13
40.53,40.53,39.44,74.44,62.89
35.04,35.04,39.01,73.22,64.16
26.22,26.22,39.42,73.90,65.76
26.13,26.13,48.85,73.19,66.17
24.16,24.16,46.52,71.70,66.28
28.37,28.37,43.60,67.92,66.23
32.01,32.01,42.43,69.13,65.56
37.23,37.23,44.14,68.59,65.49
39.84,39.84,44.40,70.49,63.64
39.49,39.49,40.73,72.44,63.62
40.00,40.00,42.20,69.54,62.61
40.73,40.73,41.01,72.46,63.35
38.86,38.86,37.82,69.05,63.58
38.57,38.57,36.16,69.66,63.21
38.66,38.66,34.68,59.63,64.38
38.65,38.65,34.30,54.19,61.71
38.52,38.52,34.30,57.92,64.64
41.51,41.51,37.94,59.15,62.48
43.28,43.28,37.15,57.54,63.27
41.95,41.95,42.61,59.72,62.08
41.27,41.27,40.56,54.67,62.32
33.78,33.78,42.72,54.63,62.04
26.18,26.18,48.91,70.74,60.55
22.73,22.73,60.91,68.98,64.18
26.14,26.14,60.49,72.38,63.83
28.14,28.14,60.16,71.99,63.22
27.61,27.61,59.21,71.15,63.83
29.13,29.13,58.89,69.73,62.59
30.27,30.27,59.09,70.77,59.94
33.26,33.26,59.28,70.68,60.24
32.61,32.61,57.16,69.59,60.09
32.59,32.59,57.38,69.54,62.69
33.48,33.48,58.54,70.67,63.06
33.21,33.21,61.85,70.89,62.31
35.86,35.86,61.35,70.47,63.28
37.60,37.60,66.38,66.90,63.74
33.85,33.85,72.16,59.92,62.22
32.72,32.72,70.11,57.77,63.04
34.71,34.71,65.74,56.28,63.86
30.43,30.43,54.81,55.31,67.50
22.77,22.77,59.74,54.47,67.54
17.71,17.71,57.54,56.90,66.94
14.89,14.89,64.23,60.56,70.84
14.81,14.81,79.63,65.17,74.60
15.22,15.22,88.74,65.44,72.27
17.53,17.53,91.56,66.65,70.87
23.24,23.24,87.14,67.95,70.60
25.57,25.57,90.24,70.80,71.15
23.33,23.33,90.52,72.68,69.71
20.90,20.90,90.78,73.26,71.82
20.89,20.89,89.02,74.08,73.16
21.84,21.84,83.86,73.32,73.56
22.99,22.99,68.67,73.12,73.45
23.16,23.16,81.08,74.18,72.62
25.59,25.59,78.00,73.89,71.54
26.65,26.65,76.08,75.94,71.91
26.75,26.75,66.65,75.06,71.14
26.19,26.19,65.22,74.73,70.73
27.99,27.99,63.57,75.15,71.27
27.47,27.47,59.96,74.69,70.57
27.80,27.80,63.12,74.52,69.56
22.66,22.66,65.40,74.12,70.21
20.98,20.98,60.76,74.35,69.97
19.83,19.83,62.99,74.87,69.54
16.99,16.99,62.54,74.30,72.17
18.09,18.09,59.87,73.21,72.55
19.66,19.66,55.67,73.54,72.27
22.42,22.42,49.95,73.59,73.36
22.89,22.89,57.66,72.68,73.12
20.71,20.71,62.76,72.91,72.74
20.16,20.16,61.34,71.44,72.24
22.34,22.34,61.79,72.41,70.94
24.76,24.76,61.78,73.73,68.81
23.96,23.96,58.14,73.06,69.06
22.36,22.36,54.10,70.53,68.16
22.48,22.48,56.05,71.78,67.32
23.44,23.44,57.17,70.38,67.83
23.50,23.50,57.14,70.71,67.08
20.49,20.49,52.42,69.67,67.21
22.84,22.84,46.80,70.56,66.42
21.51,21.51,42.29,70.61,69.75
17.74,17.74,40.46,72.02,71.91
14.75,14.75,44.36,70.86,73.06
17.99,17.99,54.14,71.72,73.57
14.70,14.70,48.11,71.39,73.95
15.98,15.98,43.53,72.18,74.65
21.43,21.43,40.34,73.85,75.05
22.57,22.57,36.79,71.28,75.24
25.77,25.77,33.05,72.46,75.61
23.13,23.13,31.51,71.66,74.41
22.18,22.18,31.07,72.57,73.54
22.20,22.20,34.47,72.66,73.84
24.35,24.35,39.41,71.92,72.98
21.98,21.98,40.90,70.67,70.78
20.73,20.73,42.61,70.50,70.65
23.74,23.74,44.74,72.98,70.49
24.27,24.27,44.53,71.60,70.61
25.95,25.95,42.88,72.27,69.74
25.96,25.96,42.82,71.74,69.87
26.30,26.30,47.75,73.62,68.88
18.88,18.88,57.02,72.60,70.56
8.79,8.79,66.62,69.60,71.48
10.47,10.47,83.45,64.89,71.26
8.31,8.31,81.96,68.54,70.30
11.30,11.30,83.31,73.43,69.96
11.04,11.04,79.52,69.18,69.35
11.49,11.49,70.37,71.32,73.35
16.59,16.59,62.17,71.40,74.58
24.96,24.96,61.90,71.44,74.97
27.62,27.62,63.87,71.62,75.53
22.48,22.48,61.83,71.49,75.09
25.36,25.36,58.20,69.31,74.17
30.66,30.66,49.92,69.65,74.51
32.62,32.62,57.82,71.20,74.82
32.48,32.48,59.07,71.32,72.75
33.96,33.96,51.95,70.76,74.07
40.54,40.54,47.20,71.38,74.06
41.03,41.03,48.87,72.04,73.66
43.79,43.79,46.18,71.45,73.54
42.14,42.14,41.13,70.27,73.94
33.33,33.33,38.83,65.75,74.00
24.81,24.81,42.22,64.05,74.37
18.33,18.33,49.07,66.16,74.27
23.14,23.14,45.64,69.40,70.94
23.40,23.40,47.88,69.74,68.67
25.87,25.87,51.70,71.22,68.71
29.92,29.92,55.20,69.13,68.13
31.73,31.73,52.55,69.87,68.45
31.69,31.69,54.49,68.05,67.05
33.81,33.81,54.79,68.57,68.80
33.49,33.49,57.64,69.67,68.14
32.57,32.57,55.63,69.30,67.15
33.34,33.34,52.73,68.91,68.34
33.92,33.92,48.99,68.64,69.90
35.51,35.51,53.90,69.21,68.99
35.75,35.75,57.75,69.17,69.01
37.90,37.90,56.60,69.75,70.18
36.17,36.17,53.39,70.29,67.16
31.86,31.86,58.59,69.54,66.59
23.53,23.53,82.02,66.97,68.38
20.69,20.69,89.69,67.37,66.02
24.66,24.66,94.15,69.64,63.08
28.77,28.77,89.06,67.33,66.38
33.66,33.66,89.56,66.83,65.89
34.74,34.74,89.84,66.37,65.31
34.79,34.79,90.23,66.92,64.81
33.97,33.97,78.33,66.29,67.35
32.18,32.18,79.96,67.20,66.16
34.47,34.47,79.73,69.90,65.96
35.07,35.07,75.66,70.63,68.74
34.35,34.35,67.54,68.35,68.00
33.23,33.23,61.54,66.61,66.70
33.95,33.95,66.41,68.42,65.58
33.95,33.95,62.41,69.75,67.21
35.85,35.85,61.81,69.08,64.76
35.95,35.95,64.39,67.45,65.12
34.45,34.45,66.76,67.02,66.53
34.10,34.10,59.11,70.00,64.05
31.96,31.96,56.23,69.52,64.27
28.04,28.04,60.43,63.57,67.37
22.39,22.39,69.03,64.00,69.16
19.31,19.31,88.12,62.98,68.00
25.68,25.68,93.68,61.23,66.17
29.26,29.26,89.86,62.23,67.06
31.51,31.51,87.64,59.45,66.80
31.98,31.98,92.63,61.58,67.03
31.05,31.05,91.41,61.58,67.51
33.25,33.25,91.24,60.82,69.05
34.26,34.26,83.05,62.74,69.68
34.40,34.40,73.27,63.23,69.18
33.33,33.33,80.99,62.56,67.94
33.63,33.63,77.31,61.91,67.04
33.84,33.84,79.29,62.87,67.39
35.40,35.40,71.10,63.57,67.30
35.96,35.96,71.99,64.26,65.68
35.93,35.93,60.38,63.14,65.26
37.30,37.30,65.98,62.76,65.24
37.86,37.86,61.18,63.05,64.79
36.41,36.41,56.06,62.87,63.89
31.42,31.42,63.49,62.98,65.48
26.12,26.12,70.52,63.26,63.95
23.65,23.65,66.67,63.17,66.23
28.44,28.44,64.09,62.39,67.08
35.29,35.29,59.88,62.70,67.98
34.97,34.97,58.53,62.56,68.45
33.84,33.84,58.61,62.19,68.26
34.06,34.06,60.57,61.01,68.24
35.98,35.98,49.39,60.41,69.09
36.64,36.64,52.59,64.41,68.52
32.42,32.42,59.45,66.36,69.42
32.83,32.83,57.32,67.94,68.17
34.51,34.51,57.71,66.93,67.06
36.24,36.24,58.02,66.37,67.45
37.55,37.55,55.73,66.42,67.07
36.94,36.94,54.11,65.54,67.51
38.01,38.01,50.36,65.54,66.26
35.52,35.52,47.76,64.96,63.55
33.48,33.48,50.38,66.31,68.10
25.17,25.17,49.73,67.53,70.51
21.17,21.17,54.81,66.33,72.14
25.73,25.73,61.83,66.88,72.42
24.63,24.63,60.75,66.15,72.90
27.37,27.37,58.76,68.18,70.95
28.03,28.03,58.14,67.39,71.51
26.83,26.83,57.33,67.91,71.19
27.06,27.06,56.43,66.48,69.03
26.07,26.07,55.29,67.73,70.03
26.95,26.95,54.84,67.49,68.05
32.06,32.06,55.74,67.20,71.41
33.94,33.94,54.37,67.37,71.01
35.10,35.10,56.19,67.81,70.72
33.66,33.66,57.52,68.18,68.63
31.02,31.02,54.86,68.11,71.03
28.37,28.37,54.20,68.01,67.87
29.85,29.85,53.12,67.84,69.46
29.06,29.06,51.24,68.47,70.93
31.57,31.57,50.78,68.46,69.15
30.42,30.42,52.92,67.97,69.83
22.99,22.99,58.32,65.86,67.44
12.64,12.64,65.08,61.47,66.54
12.75,12.75,83.06,53.85,64.67
9.78,9.78,82.60,53.20,63.88
12.47,12.47,84.59,55.60,67.21
15.44,15.44,78.14,56.89,69.69
22.01,22.01,75.29,60.08,68.16
23.61,23.61,74.45,62.06,67.29
28.80,28.80,74.40,63.74,65.67
32.57,32.57,74.31,61.83,66.46
35.60,35.60,74.41,62.07,67.52
35.83,35.83,72.93,59.29,64.09
34.17,34.17,69.08,59.03,67.63
31.38,31.38,64.72,64.72,68.84
33.83,33.83,66.72,64.48,68.44
37.61,37.61,68.98,60.46,69.13
37.58,37.58,69.73,59.64,68.83
39.41,39.41,68.95,59.71,68.18
39.68,39.68,67.11,60.23,68.10
37.22,37.22,59.34,55.10,67.04
31.75,31.75,69.34,57.92,66.04
33.81,33.81,75.69,62.60,68.59
26.13,26.13,89.21,63.64,66.54
27.80,27.80,92.11,65.91,67.34
30.22,30.22,88.89,67.24,64.43
30.21,30.21,90.13,67.52,67.44
33.00,33.00,91.37,67.31,65.37
32.79,32.79,90.10,68.09,67.36
35.77,35.77,86.65,67.72,65.85
34.28,34.28,72.46,69.00,69.05
32.90,32.90,78.90,65.41,69.86
33.64,33.64,80.53,65.49,70.26
35.97,35.97,76.60,64.73,68.16
28.22,28.22,68.06,64.12,68.88
20.59,20.59,64.88,61.89,67.31
15.20,15.20,81.39,63.64,66.02
13.40,13.40,76.04,65.23,65.92
12.17,12.17,70.14,56.28,65.96
15.46,15.46,71.36,65.90,67.05
12.97,12.97,68.76,62.03,65.49
9.60,9.60,74.66,60.75,64.72
8.14,8.14,82.60,71.20,63.21
8.07,8.07,80.07,67.64,65.11
10.63,10.63,72.97,69.63,64.39
13.16,13.16,75.09,70.89,68.10
17.82,17.82,62.26,68.04,67.36
26.33,26.33,61.65,65.86,67.75
30.16,30.16,65.71,66.83,66.21
33.74,33.74,63.18,65.66,69.45
36.00,36.00,62.16,65.40,68.23
36.97,36.97,61.07,64.51,68.86
38.03,38.03,63.75,62.69,64.93
38.14,38.14,68.96,61.92,67.47
37.98,37.98,69.96,62.73,65.85
36.86,36.86,70.47,63.81,67.17
36.35,36.35,72.74,63.78,64.88
28.97,28.97,71.93,62.87,65.32
19.53,19.53,68.91,60.46,63.41
17.50,17.50,76.45,58.71,69.36
19.92,19.92,80.74,63.88,72.50
6.57,6.57,88.57,67.12,71.49
10.29,10.29,84.95,72.48,71.79
13.83,13.83,87.96,72.60,75.55
20.20,20.20,85.81,74.63,74.82
23.71,23.71,90.88,73.68,76.20
25.73,25.73,87.92,73.94,76.47
29.30,29.30,81.25,76.19,77.71
31.25,31.25,66.92,77.76,78.01
37.72,37.72,78.32,76.94,77.54
38.47,38.47,77.99,73.69,78.84
35.00,35.00,80.13,72.73,78.13
32.09,32.09,80.24,77.23,78.16
29.10,29.10,76.96,74.89,78.07
31.19,31.19,72.58,70.90,77.30
34.02,34.02,72.81,75.88,76.68
31.83,31.83,68.50,75.39,77.18
45.73,45.73,62.33,68.19,76.58
52.86,52.86,65.35,69.67,75.60
53.74,53.74,61.64,68.84,75.98
51.01,51.01,54.51,61.73,75.70
43.93,43.93,54.51,63.47,76.18
39.44,39.44,60.44,62.62,76.10
49.47,49.47,59.45,61.57,75.73
51.78,51.78,57.47,63.00,76.78
48.18,48.18,50.51,63.99,77.29
44.70,44.70,49.58,62.65,76.59
47.47,47.47,50.89,62.15,75.71
52.02,52.02,55.25,64.06,74.86
56.59,56.59,57.07,64.81,76.57
58.39,58.39,65.75,61.20,76.33
60.22,60.22,65.73,66.67,76.00
62.81,62.81,66.70,64.26,75.50
63.52,63.52,63.91,64.68,77.58
61.46,61.46,70.29,60.93,75.24
60.13,60.13,70.48,62.90,76.09
57.90,57.90,66.63,55.46,75.29
53.23,53.23,77.48,50.39,77.27
46.23,46.23,77.48,55.99,76.22
39.49,39.49,76.28,52.43,75.64
32.53,32.53,85.38,57.55,73.86
25.64,25.64,88.18,58.34,73.21
25.88,25.88,93.83,61.14,71.74
32.49,32.49,90.92,62.15,74.21
36.82,36.82,89.18,59.10,75.34
39.01,39.01,90.93,55.79,74.23
39.47,39.47,88.81,61.44,76.98
35.27,35.27,83.33,59.12,77.75
27.15,27.15,80.69,63.62,76.94
27.66,27.66,71.05,61.48,75.38
30.96,30.96,83.12,63.06,75.45
31.29,31.29,80.80,63.55,75.83
30.03,30.03,75.53,60.46,75.00
36.70,36.70,72.01,66.16,74.62
35.71,35.71,57.98,62.59,74.27
34.80,34.80,69.69,66.62,74.42
33.19,33.19,59.22,60.07,74.08
31.38,31.38,67.73,58.70,74.99
22.79,22.79,65.69,56.81,76.03
17.68,17.68,70.25,54.20,78.34
23.77,23.77,84.42,64.38,77.08
19.61,19.61,84.62,56.64,73.97
18.98,18.98,86.36,54.42,73.57
18.51,18.51,80.01,51.89,75.07
22.94,22.94,71.97,56.16,76.64
28.37,28.37,70.96,55.07,75.56
30.11,30.11,70.15,54.71,73.85
29.75,29.75,65.26,59.27,78.86
23.86,23.86,58.54,59.83,76.91
21.61,21.61,58.88,54.69,76.59
26.76,26.76,52.51,58.38,77.36
28.69,28.69,53.59,61.09,73.69
30.31,30.31,50.89,62.35,74.75
26.29,26.29,51.75,62.11,75.60
25.17,25.17,45.72,62.74,72.91
22.40,22.40,41.55,64.81,73.04
22.46,22.46,42.61,64.95,73.18
20.54,20.54,46.78,61.75,72.83
19.75,19.75,52.82,58.94,75.09
23.11,23.11,53.66,56.48,73.29
20.27,20.27,65.07,54.45,73.83
18.43,18.43,88.87,51.09,74.43
21.64,21.64,91.53,55.48,72.60
21.11,21.11,92.64,59.19,72.28
19.16,19.16,89.28,57.78,74.55
21.81,21.81,84.64,60.74,75.77
26.91,26.91,82.77,60.68,75.64
27.68,27.68,75.29,61.42,75.81
29.27,29.27,74.29,61.05,74.74
32.79,32.79,78.01,59.92,74.85
33.39,33.39,73.65,56.79,74.32
34.52,34.52,64.89,48.08,72.42
32.42,32.42,59.33,46.05,72.93
32.91,32.91,60.77,43.97,73.92
30.19,30.19,59.00,40.38,74.59
26.51,26.51,55.49,39.02,73.51
16.31,16.31,62.54,43.13,73.59
11.28,11.28,81.52,54.83,74.87
6.96,6.96,89.84,49.13,73.75
8.35,8.35,94.14,48.21,70.90
18.46,18.46,90.18,50.03,72.69
22.39,22.39,90.43,59.41,73.83
28.72,28.72,88.99,60.64,75.90
31.80,31.80,88.14,58.59,75.53
31.56,31.56,84.84,58.38,75.44
36.19,36.19,86.68,61.00,75.31
39.47,39.47,80.60,63.29,76.38
49.88,49.88,80.24,64.32,75.86
55.33,55.33,78.45,63.91,75.26
65.64,65.64,73.38,62.28,73.53
74.00,74.00,68.31,62.49,75.03
77.39,77.39,72.87,60.03,76.20
77.00,77.00,70.24,60.39,76.09
77.63,77.63,66.07,59.12,75.12
77.62,77.62,69.70,58.51,73.38
77.77,77.77,71.55,56.70,73.45
75.14,75.14,73.38,56.55,73.17
67.68,67.68,89.43,55.77,73.49
63.77,63.77,92.79,55.72,71.23
60.04,60.04,89.64,57.17,72.69
61.94,61.94,91.18,60.99,72.20
67.72,67.72,92.76,63.06,74.67
70.17,70.17,91.99,58.84,72.78
75.59,75.59,89.90,61.02,72.85
78.78,78.78,83.31,58.73,74.30
78.27,78.27,76.23,58.61,74.93
77.34,77.34,75.44,58.97,75.17
79.16,79.16,78.28,57.25,75.57
77.36,77.36,80.68,60.98,74.71
80.02,80.02,75.02,58.53,73.62
76.79,76.79,71.23,56.70,74.31
76.98,76.98,57.05,60.47,74.13
76.29,76.29,68.44,58.01,74.34
73.35,73.35,67.32,52.15,72.38
72.26,72.26,66.79,50.88,72.83
71.91,71.91,53.93,47.86,74.08
73.26,73.26,59.75,60.27,74.30
73.62,73.62,62.69,64.01,74.55
73.94,73.94,64.99,63.73,73.74
76.65,76.65,66.54,64.36,74.07
78.16,78.16,64.90,66.05,72.62
77.80,77.80,66.15,65.98,74.83
76.58,76.58,62.24,65.47,75.13
75.76,75.76,63.31,64.26,74.10
72.99,72.99,67.20,61.80,74.79
70.51,70.51,71.29,65.22,74.03
70.68,70.68,71.15,62.55,73.88
69.67,69.67,67.76,61.74,74.58
69.64,69.64,69.27,64.19,73.63
70.09,70.09,69.44,63.02,72.42
71.88,71.88,67.22,58.92,69.06
73.79,73.79,59.12,41.13,67.04
74.35,74.35,56.30,40.26,65.71
73.74,73.74,66.88,37.35,66.19
75.53,75.53,88.23,44.58,69.69
76.68,76.68,92.94,45.16,69.39
73.78,73.78,91.27,51.11,69.83
64.62,64.62,92.62,46.93,70.02
59.19,59.19,82.34,58.29,74.00
57.65,57.65,88.99,60.19,74.83
60.66,60.66,88.71,62.40,73.88
68.66,68.66,81.48,63.32,74.01
78.97,78.97,68.95,59.34,73.77
78.76,78.76,81.54,57.36,73.70
77.07,77.07,79.13,62.60,73.34
76.61,76.61,79.59,62.30,74.29
77.63,77.63,74.90,62.22,73.69
79.30,79.30,69.58,64.36,75.52
78.51,78.51,65.69,63.77,75.54
77.51,77.51,69.23,60.78,75.53
78.30,78.30,56.32,55.33,73.94
78.11,78.11,69.18,52.02,74.69
77.74,77.74,66.35,51.37,71.75
81.37,81.37,79.85,54.34,72.45
76.68,76.68,81.45,57.32,71.86
74.48,74.48,82.38,48.00,72.60
76.33,76.33,82.92,56.71,73.57
75.46,75.46,74.21,55.56,73.34
74.89,74.89,76.02,57.03,74.65
78.40,78.40,69.64,59.54,74.77
78.06,78.06,66.64,55.66,73.66
79.45,79.45,74.75,56.13,73.87
78.93,78.93,75.19,55.31,74.05
75.47,75.47,76.12,56.93,74.46
74.53,74.53,72.68,55.63,74.39
63.29,63.29,64.91,55.52,73.12
62.66,62.66,57.23,47.98,71.92
67.25,67.25,55.58,45.32,70.87
68.65,68.65,47.01,47.65,69.46
68.59,68.59,51.34,43.04,68.40
69.26,69.26,55.00,43.67,69.00
70.74,70.74,63.92,42.23,68.97
68.89,68.89,67.34,43.69,70.10
69.59,69.59,89.59,51.99,70.08
68.77,68.77,93.62,58.12,71.35
69.85,69.85,88.43,56.49,70.14
69.84,69.84,89.31,56.39,70.47
72.94,72.94,90.85,53.26,70.56
78.10,78.10,90.77,56.09,72.33
80.57,80.57,86.79,53.08,71.78
80.99,80.99,61.61,54.16,72.96
80.19,80.19,84.78,55.11,71.54
79.96,79.96,84.43,51.31,71.73
77.37,77.37,76.04,57.45,71.65
77.16,77.16,83.10,63.97,72.31
80.11,80.11,81.11,63.59,72.79
78.53,78.53,71.91,69.09,72.92
78.36,78.36,73.71,69.58,73.12
77.06,77.06,72.09,64.63,72.21
77.33,77.33,82.62,69.87,72.96
77.31,77.31,83.12,67.73,73.04
77.99,77.99,81.88,63.23,73.09
78.20,78.20,82.78,63.54,75.18
76.06,76.06,88.89,66.97,73.57
74.37,74.37,90.96,68.25,72.94
71.66,71.66,93.62,71.66,73.06
71.51,71.51,87.46,69.47,73.01
73.06,73.06,88.43,71.19,73.27
74.04,74.04,86.51,64.91,72.69
73.59,73.59,83.64,68.48,72.84
73.01,73.01,77.94,63.83,73.00
71.61,71.61,82.42,61.06,72.65
69.95,69.95,82.40,62.17,72.35
68.98,68.98,84.98,64.20,70.26
66.63,66.63,75.05,64.35,70.62
66.05,66.05,75.25,64.25,72.87
69.92,69.92,69.99,62.19,73.03
68.73,68.73,72.72,52.56,73.70
67.58,67.58,77.59,55.90,73.42
65.70,65.70,88.75,63.39,72.87
65.24,65.24,89.79,64.63,72.87
67.01,67.01,90.69,68.20,72.65
64.65,64.65,90.04,73.30,74.59
62.68,62.68,91.07,77.85,73.83
61.36,61.36,90.44,73.20,74.98
58.05,58.05,88.97,72.79,74.75
58.34,58.34,85.97,77.93,76.52
56.88,56.88,80.89,72.80,76.20
54.65,54.65,84.48,73.77,75.92
53.43,53.43,83.23,74.48,76.94
49.83,49.83,82.96,77.64,75.87
47.90,47.90,76.67,73.28,75.40
47.05,47.05,72.49,72.24,75.55
46.95,46.95,64.43,75.27,76.64
46.48,46.48,72.25,74.25,76.49
45.07,45.07,69.27,70.00,76.35
44.93,44.93,67.56,67.50,75.42
47.14,47.14,66.47,68.00,74.93
45.75,45.75,62.94,63.35,74.99
43.96,43.96,56.45,64.85,74.68
41.56,41.56,53.88,63.72,74.76
42.67,42.67,57.00,63.85,73.44
42.68,42.68,57.53,62.20,74.13
43.29,43.29,57.25,61.41,73.89
41.25,41.25,55.10,64.72,73.92
42.84,42.84,55.47,59.66,73.64
40.73,40.73,54.68,63.36,73.27
40.80,40.80,50.15,59.75,73.99
39.90,39.90,51.42,62.49,74.64
38.17,38.17,55.09,61.09,73.21
37.31,37.31,50.63,61.43,73.14
37.66,37.66,44.18,62.73,72.25
35.78,35.78,47.81,62.67,73.90
35.39,35.39,49.34,65.10,73.28
34.07,34.07,49.71,60.43,71.99
33.43,33.43,45.61,63.57,72.70
33.44,33.44,40.24,58.53,74.00
30.19,30.19,43.01,52.75,73.71
28.13,28.13,47.88,56.53,74.92
29.50,29.50,55.10,67.72,74.03
30.10,30.10,51.29,66.52,74.12
31.71,31.71,48.28,63.86,72.43
31.59,31.59,47.50,64.51,72.93
28.85,28.85,45.81,64.19,72.92
29.53,29.53,52.23,61.70,72.77
27.83,27.83,51.92,65.31,74.23
26.10,26.10,45.09,60.76,72.62
22.84,22.84,39.13,64.68,72.39
25.56,25.56,37.28,59.98,73.35
25.56,25.56,40.49,63.03,72.82
25.60,25.60,39.78,60.32,73.05
28.41,28.41,41.14,61.78,73.63
29.24,29.24,39.38,63.45,73.34
29.85,29.85,41.81,59.90,71.56
26.90,26.90,45.42,58.91,73.23
21.97,21.97,53.00,54.81,73.32
18.06,18.06,62.98,47.15,71.87
11.34,11.34,70.31,43.91,71.41
18.73,18.73,85.70,50.95,71.30
16.94,16.94,83.80,53.59,71.32
29.22,29.22,85.86,56.13,73.12
38.89,38.89,87.83,53.63,73.90
45.44,45.44,74.07,49.99,75.24
47.72,47.72,73.29,56.67,75.13
44.68,44.68,69.97,62.15,75.90
41.62,41.62,66.81,61.56,75.21
37.47,37.47,59.73,62.93,75.59
39.38,39.38,59.14,61.81,76.72
40.98,40.98,59.54,61.50,77.42
35.31,35.31,56.57,64.42,76.88
39.27,39.27,54.91,66.07,77.02
41.71,41.71,54.71,62.87,76.40
42.82,42.82,54.13,62.83,76.54
41.95,41.95,41.95,66.54,77.27
39.27,39.27,39.75,64.15,79.23
43.99,43.99,40.87,68.11,81.55
45.52,45.52,48.03,64.49,80.40
41.84,41.84,48.87,65.62,75.49
42.25,42.25,52.05,62.63,76.62
42.83,42.83,56.33,65.56,79.78
41.02,41.02,56.68,60.80,82.13
35.78,35.78,56.52,65.63,81.71
36.31,36.31,54.58,63.87,82.39
36.21,36.21,47.75,66.44,80.02
31.59,31.59,57.87,60.78,76.27
25.00,25.00,68.65,66.01,76.79
27.43,27.43,71.15,60.06,74.90
33.53,33.53,72.29,59.35,74.34
36.66,36.66,76.08,56.46,74.29
36.18,36.18,73.11,56.22,72.79
34.52,34.52,68.75,54.95,74.28
32.34,32.34,58.74,54.71,73.97
25.84,25.84,62.02,54.45,73.02
24.04,24.04,58.81,63.72,72.47
27.05,27.05,58.96,57.63,73.34
28.10,28.10,61.40,49.07,74.98
27.73,27.73,63.99,44.57,73.64
23.66,23.66,85.63,44.73,73.25
36.56,36.56,93.14,48.32,71.02
43.17,43.17,92.60,53.87,71.10
37.97,37.97,89.53,55.32,73.48
35.13,35.13,90.84,60.26,73.78
36.43,36.43,91.35,56.76,72.28
41.85,41.85,90.85,58.63,74.16
49.40,49.40,82.80,59.73,75.93
58.67,58.67,79.84,58.51,74.99
64.52,64.52,74.39,58.56,72.04
67.81,67.81,76.85,56.16,71.89
67.41,67.41,75.26,59.01,72.87
69.50,69.50,59.35,60.41,72.09
79.40,79.40,72.07,60.16,73.86
74.59,74.59,69.05,60.94,74.73
71.06,71.06,72.04,59.38,74.07
65.81,65.81,72.78,58.12,74.00
65.06,65.06,71.08,56.02,73.00
67.02,67.02,76.65,53.48,71.23
58.70,58.70,90.16,48.73,70.66
58.97,58.97,89.76,46.38,73.36
52.99,52.99,91.77,58.35,72.38
54.40,54.40,92.34,58.61,73.28
67.27,67.27,90.06,59.44,71.40
77.67,77.67,90.96,62.40,70.91
79.41,79.41,89.43,61.18,72.97
79.43,79.43,86.41,65.95,73.70
80.07,80.07,71.00,64.29,73.20
80.01,80.01,79.91,61.41,74.85
78.99,78.99,77.24,65.05,74.50
76.92,76.92,79.08,65.18,73.08
75.97,75.97,72.93,62.09,71.49
76.18,76.18,66.43,66.33,73.63
74.72,74.72,62.96,62.59,73.56
76.00,76.00,59.07,62.32,72.89
75.73,75.73,57.06,60.99,73.63
73.76,73.76,67.52,60.66,72.48
75.10,75.10,64.30,56.78,72.52
76.96,76.96,64.52,59.13,72.90
75.74,75.74,62.01,66.41,74.16
76.13,76.13,62.52,66.10,73.61
74.66,74.66,57.83,66.01,74.30
73.79,73.79,46.88,66.08,75.34
73.47,73.47,59.34,65.55,73.81
74.04,74.04,59.61,65.69,72.55
73.90,73.90,55.53,65.86,73.48
74.59,74.59,66.47,65.33,73.97
72.11,72.11,68.88,62.75,75.41
70.95,70.95,73.84,67.78,73.43
69.10,69.10,73.17,61.92,74.08
67.57,67.57,69.88,66.72,71.74
70.29,70.29,67.73,62.23,72.51
72.02,72.02,66.48,56.80,73.88
68.82,68.82,66.35,57.56,73.11
63.58,63.58,62.75,52.26,72.24
63.62,63.62,67.56,49.85,73.63
62.88,62.88,76.15,45.57,73.27
56.94,56.94,90.10,49.84,71.63
57.30,57.30,92.40,48.44,69.84
60.30,60.30,89.16,52.78,71.67
67.96,67.96,91.84,51.41,71.03
73.86,73.86,89.24,60.96,72.89
77.43,77.43,92.46,60.66,72.35
77.65,77.65,89.61,60.71,73.60
76.58,76.58,82.49,61.85,73.37
75.59,75.59,77.84,65.23,73.02
75.23,75.23,81.26,64.44,72.66
75.11,75.11,78.57,64.53,73.50
74.25,74.25,78.73,62.84,75.05
74.47,74.47,70.81,64.64,73.61
71.04,71.04,69.72,58.50,74.38
73.31,73.31,65.36,61.38,74.08
73.40,73.40,63.02,53.25,72.65
75.29,75.29,59.96,45.04,70.59
72.89,72.89,68.63,47.91,70.44
72.89,72.89,82.53,48.22,69.26
70.47,70.47,83.83,55.35,68.87
71.44,71.44,84.57,54.83,71.33
73.43,73.43,79.40,43.03,72.61
74.13,74.13,74.80,50.75,72.44
75.26,75.26,72.29,46.31,73.98
75.02,75.02,67.87,49.57,74.67
74.46,74.46,66.10,50.71,75.81
74.59,74.59,63.96,54.50,75.01
73.08,73.08,65.11,54.78,72.79
71.52,71.52,63.53,54.48,72.12
69.37,69.37,58.33,55.47,70.56
72.35,72.35,56.62,53.28,68.55
72.17,72.17,52.14,48.48,68.35
72.78,72.78,51.33,46.66,66.94
73.48,73.48,52.62,47.83,69.52
74.21,74.21,51.74,47.97,69.62
73.75,73.75,54.28,44.73,69.00
72.84,72.84,62.38,47.58,68.77
73.87,73.87,81.80,57.44,67.25
73.19,73.19,85.70,58.88,69.21
71.79,71.79,84.15,60.46,70.88
71.77,71.77,86.05,58.86,70.23
76.14,76.14,87.82,61.49,70.13
79.77,79.77,85.29,53.11,71.18
80.01,80.01,87.52,58.20,69.77
79.54,79.54,86.71,54.31,69.67
80.58,80.58,79.48,54.40,74.00
80.91,80.91,77.76,53.49,73.61
79.96,79.96,74.73,51.00,72.40
80.54,80.54,71.61,44.83,71.81
80.04,80.04,73.31,48.83,69.81
78.53,78.53,85.17,57.89,70.19
78.28,78.28,81.29,59.20,70.68
79.52,79.52,77.41,61.04,72.51
79.64,79.64,75.08,57.33,71.56
79.01,79.01,75.94,56.43,72.73
78.14,78.14,72.11,55.45,71.75
76.48,76.48,81.80,57.99,70.13
75.07,75.07,85.48,56.94,69.71
76.61,76.61,82.88,55.25,72.39
77.11,77.11,76.61,54.56,75.40
74.72,74.72,69.01,55.25,74.31
72.76,72.76,71.96,50.87,73.59
71.41,71.41,78.78,52.89,71.44
68.70,68.70,83.51,63.75,70.53
66.08,66.08,81.05,61.88,71.51
62.66,62.66,79.41,64.91,72.43
63.86,63.86,74.52,65.33,72.69
63.18,63.18,74.08,66.47,71.88
60.29,60.29,81.00,64.85,71.20
63.04,63.04,84.13,66.33,70.31
61.46,61.46,78.02,62.41,68.47
64.77,64.77,77.47,59.18,68.29
66.02,66.02,74.58,60.39,69.05
66.44,66.44,69.85,54.24,70.93
65.22,65.22,71.28,53.16,72.82
62.66,62.66,79.98,57.42,72.30
61.03,61.03,86.65,64.35,73.80
59.32,59.32,88.21,65.16,73.14
59.65,59.65,92.14,66.12,72.00
62.99,62.99,87.26,72.40,73.61
60.49,60.49,89.83,75.73,72.10
60.67,60.67,91.31,76.74,71.96
60.40,60.40,87.84,76.07,72.08
64.45,64.45,89.51,77.05,73.13
61.80,61.80,81.99,76.36,73.11
61.43,61.43,82.96,76.64,73.34
60.13,60.13,84.17,76.16,74.65
57.65,57.65,83.29,76.13,74.22
60.72,60.72,80.23,76.77,75.41
54.99,54.99,73.90,77.28,75.34
54.45,54.45,66.90,77.90,74.33
56.84,56.84,62.79,77.93,74.25
52.92,52.92,68.20,78.42,74.48
55.06,55.06,70.81,76.78,74.67
52.35,52.35,72.15,76.02,74.48
50.61,50.61,70.51,74.10,74.88
50.78,50.78,65.23,70.76,74.96
52.24,52.24,65.02,66.52,73.57
48.58,48.58,61.34,67.12,74.29
47.86,47.86,57.33,64.42,74.77
53.01,53.01,51.94,67.65,74.89
52.98,52.98,53.01,67.25,73.57
50.83,50.83,50.14,67.75,73.37
51.16,51.16,47.27,67.41,74.13
45.17,45.17,47.51,67.49,74.61
48.28,48.28,49.00,67.45,75.66
47.57,47.57,43.89,67.82,75.09
42.32,42.32,44.22,69.64,73.15
43.80,43.80,44.91,69.79,72.84
48.20,48.20,45.48,69.64,73.33
45.18,45.18,42.93,69.12,73.33
45.10,45.10,40.45,70.77,73.26
43.17,43.17,41.34,68.16,74.18
46.16,46.16,45.35,70.26,74.59
45.80,45.80,50.84,69.21,73.11
41.39,41.39,55.30,67.99,72.58
37.01,37.01,52.63,68.98,71.70
39.59,39.59,50.00,69.13,72.22
36.94,36.94,48.14,69.33,74.93
36.80,36.80,44.20,69.90,74.38
39.48,39.48,42.66,70.62,74.31
42.09,42.09,41.53,68.29,71.12
44.24,44.24,39.09,68.50,72.41
37.69,37.69,38.51,67.61,73.22
37.66,37.66,37.82,66.39,73.61
41.00,41.00,39.34,67.44,73.67
41.12,41.12,39.76,66.50,73.37
41.66,41.66,39.82,66.44,72.80
42.80,42.80,40.39,67.27,73.05
42.38,42.38,41.08,67.82,73.29
38.00,38.00,41.56,68.68,73.05
32.49,32.49,40.01,68.63,72.99
33.09,33.09,49.45,66.12,72.87
29.00,29.00,59.11,68.95,70.80
20.45,20.45,68.29,66.45,71.62
16.71,16.71,83.54,60.85,72.26
16.90,16.90,84.00,62.04,69.36
17.68,17.68,85.86,66.11,70.38
23.95,23.95,86.41,68.32,72.42
31.49,31.49,74.17,67.22,70.78
31.64,31.64,73.23,66.89,72.81
36.24,36.24,67.32,68.73,73.85
32.00,32.00,62.22,69.47,73.57
31.80,31.80,64.80,68.03,73.17
33.23,33.23,61.58,67.23,72.98
39.08,39.08,57.27,64.79,72.03
40.15,40.15,50.16,63.17,71.34
38.04,38.04,44.21,62.13,73.26
33.99,33.99,51.93,62.52,73.69
31.78,31.78,49.42,62.26,71.55
28.96,28.96,40.55,60.39,71.93
32.19,32.19,44.53,61.59,73.21
33.84,33.84,48.74,62.39,73.82
33.29,33.29,48.27,62.85,73.29
34.50,34.50,48.60,59.50,71.41
35.62,35.62,56.58,59.75,72.76
33.03,33.03,59.54,60.30,72.44
32.24,32.24,63.96,62.25,73.25
32.96,32.96,62.72,62.79,73.48
38.04,38.04,59.18,63.57,74.31
51.27,51.27,53.69,65.23,74.49
51.62,51.62,45.76,64.46,73.62
53.21,53.21,54.26,61.85,74.34
52.46,52.46,60.36,61.56,71.73
50.00,50.00,62.35,62.48,72.86
39.24,39.24,64.07,62.13,72.76
34.30,34.30,53.23,62.28,73.66
31.29,31.29,62.46,63.11,73.66
31.10,31.10,66.55,63.86,73.44
30.80,30.80,61.31,61.54,71.40
28.13,28.13,52.56,55.65,73.48
26.04,26.04,54.74,47.20,73.19
21.85,21.85,56.20,48.18,71.90
16.74,16.74,68.31,55.12,72.27
17.76,17.76,89.70,61.55,70.99
20.52,20.52,93.71,60.87,69.11
26.46,26.46,89.13,64.89,71.23
26.10,26.10,90.56,68.18,70.95
28.49,28.49,90.09,68.57,71.76
28.17,28.17,91.11,66.30,71.07
24.71,24.71,88.98,68.29,72.94
26.03,26.03,79.89,68.25,73.07
24.43,24.43,77.15,66.14,72.84
29.26,29.26,81.78,66.40,73.31
37.20,37.20,81.36,68.81,74.06
47.95,47.95,76.66,69.03,72.96
54.47,54.47,72.21,69.65,72.40
61.46,61.46,69.80,72.15,72.19
75.17,75.17,67.01,71.26,72.11
77.11,77.11,64.67,70.07,72.09
77.59,77.59,61.03,70.33,73.35
78.30,78.30,61.01,69.83,73.50
74.72,74.72,58.68,66.84,72.29
66.82,66.82,66.05,61.78,72.45
63.54,63.54,85.26,57.67,73.77
67.80,67.80,87.31,54.82,70.15
69.83,69.83,94.23,55.23,69.55
68.37,68.37,92.21,55.78,69.28
74.80,74.80,90.52,55.81,69.95
78.96,78.96,88.95,57.49,71.92
77.21,77.21,87.99,58.84,72.35
75.89,75.89,84.64,60.95,71.95
78.77,78.77,79.40,55.87,71.96
76.52,76.52,76.05,56.54,71.60
74.63,74.63,77.83,56.44,71.13
76.61,76.61,80.11,52.61,70.00
75.03,75.03,71.30,53.44,72.35
75.22,75.22,63.03,48.45,73.56
75.88,75.88,62.71,50.57,71.57
76.22,76.22,65.23,57.01,71.84
75.93,75.93,63.67,52.69,72.53
76.37,76.37,60.83,52.82,71.80
75.48,75.48,63.76,55.97,71.18
75.62,75.62,67.71,58.09,71.02
75.71,75.71,68.57,55.03,71.26
75.15,75.15,67.44,55.78,72.08
75.77,75.77,60.86,60.53,72.13
75.70,75.70,46.44,54.40,72.28
73.20,73.20,54.17,57.52,73.16
72.23,72.23,55.89,59.23,71.63
71.82,71.82,55.07,57.40,71.80
70.56,70.56,64.62,54.62,73.12
71.50,71.50,65.36,47.90,72.77
70.60,70.60,62.89,59.13,73.04
69.08,69.08,62.01,60.59,70.68
70.65,70.65,61.82,55.34,68.16
73.83,73.83,65.97,53.91,67.02
74.58,74.58,61.13,46.29,68.80
74.57,74.57,55.33,43.07,68.34
75.55,75.55,57.88,42.50,68.46
75.29,75.29,63.76,42.74,68.18
73.81,73.81,64.66,44.11,67.54
75.22,75.22,86.08,50.79,70.99
69.55,69.55,92.03,46.20,70.24
62.51,62.51,92.10,54.17,69.98
59.72,59.72,89.33,55.32,69.32
63.30,63.30,91.73,56.46,69.98
67.29,67.29,90.43,58.23,70.25
78.00,78.00,88.89,59.00,71.80
83.16,83.16,83.28,62.68,70.91
79.90,79.90,70.20,63.06,71.13
80.03,80.03,80.36,62.62,71.60
80.01,80.01,76.85,65.54,71.72
79.64,79.64,80.55,65.12,72.44
78.88,78.88,70.88,64.27,71.77
78.49,78.49,68.90,63.75,71.71
79.79,79.79,57.12,62.08,73.26
78.29,78.29,65.95,54.06,71.89
76.91,76.91,61.92,52.06,71.16
78.97,78.97,66.71,51.48,72.38
75.93,75.93,69.91,54.02,71.33
77.86,77.86,83.02,59.06,69.82
73.92,73.92,83.92,64.60,69.06
75.00,75.00,84.79,62.72,69.08
71.10,71.10,81.98,62.57,69.49
74.82,74.82,72.26,62.05,69.81
73.20,73.20,68.86,64.01,70.94
72.52,72.52,62.16,63.79,71.62
75.42,75.42,58.60,62.29,70.05
76.02,76.02,62.92,62.77,70.11
74.57,74.57,60.91,65.72,71.22
73.11,73.11,66.97,67.31,70.05
71.66,71.66,64.24,66.81,70.08
70.80,70.80,66.92,63.42,69.82
69.35,69.35,68.20,61.61,70.53
69.05,69.05,73.75,58.67,70.59
65.83,65.83,75.00,57.55,71.48
68.04,68.04,73.02,53.46,68.33
66.82,66.82,67.81,45.83,65.91
67.35,67.35,62.29,51.84,65.20
69.54,69.54,83.23,56.67,68.22
70.56,70.56,89.14,56.28,66.27
70.52,70.52,94.16,60.15,66.49
71.71,71.71,89.66,64.86,66.15
69.16,69.16,89.65,64.06,66.91
67.76,67.76,90.92,62.82,66.66
75.50,75.50,88.36,62.47,67.87
77.51,77.51,86.30,60.87,68.30
78.60,78.60,83.63,60.14,67.47
78.03,78.03,78.47,58.51,66.13
79.41,79.41,74.91,62.00,66.07
78.02,78.02,76.39,61.25,67.22
78.11,78.11,76.59,57.48,67.67
78.51,78.51,76.73,58.88,68.57
79.40,79.40,77.62,57.74,69.59
78.05,78.05,74.71,59.61,70.92
77.43,77.43,72.08,57.95,70.24
77.36,77.36,68.58,53.19,67.75
77.88,77.88,85.95,55.55,66.55
75.89,75.89,88.81,57.35,66.26
74.86,74.86,93.80,57.40,63.58
76.04,76.04,91.49,57.67,65.54
76.93,76.93,90.66,57.17,66.64
77.33,77.33,90.68,61.89,65.76
76.08,76.08,88.11,66.04,66.96
75.07,75.07,77.61,66.15,67.72
73.31,73.31,79.67,66.46,68.54
72.52,72.52,76.67,65.71,69.14
72.96,72.96,78.97,65.35,69.37
72.10,72.10,77.40,63.48,68.19
72.52,72.52,72.83,61.27,67.57
71.81,71.81,77.81,57.66,67.18
71.17,71.17,77.11,55.73,67.35
72.91,72.91,76.54,51.06,66.27
69.78,69.78,71.29,53.63,67.64
66.89,66.89,66.07,50.93,69.43
66.75,66.75,65.93,44.94,70.38
65.77,65.77,71.01,47.03,70.87
62.41,62.41,87.81,54.72,71.61
58.12,58.12,92.55,55.62,69.70
57.20,57.20,92.00,62.00,70.67
58.91,58.91,90.45,68.51,68.42
58.19,58.19,90.43,71.91,70.73
58.48,58.48,88.53,75.60,71.57
57.29,57.29,84.37,75.97,70.86
59.14,59.14,79.63,75.68,73.73
56.84,56.84,86.17,72.38,72.21
57.42,57.42,81.18,70.12,69.87
55.54,55.54,74.30,70.31,71.84
54.20,54.20,79.06,72.28,71.88
55.50,55.50,73.43,69.32,72.66
54.48,54.48,70.31,72.35,72.47
54.72,54.72,69.76,74.98,73.15
53.03,53.03,68.35,73.89,71.96
47.93,47.93,69.64,73.07,72.61
47.14,47.14,72.00,65.27,72.73
47.82,47.82,72.24,69.83,74.60
45.13,45.13,67.07,68.68,74.01
46.03,46.03,65.19,68.91,73.48
45.67,45.67,58.87,63.80,72.92
44.16,44.16,56.63,65.85,72.89
44.94,44.94,59.78,66.32,73.32
42.85,42.85,66.70,67.14,72.55
42.23,42.23,65.13,67.49,73.85
42.08,42.08,61.36,70.34,73.63
41.72,41.72,52.71,71.06,73.01
41.65,41.65,57.45,71.51,72.28
40.39,40.39,64.45,69.38,72.32
39.22,39.22,66.47,68.83,71.22
39.02,39.02,64.32,70.37,70.75
37.77,37.77,70.75,68.50,71.64
38.36,38.36,74.19,67.32,72.35
37.09,37.09,73.34,68.74,72.76
36.45,36.45,67.25,68.22,73.27
34.88,34.88,62.63,67.45,73.12
33.60,33.60,57.20,63.24,71.81
25.22,25.22,67.41,52.66,71.33
19.39,19.39,78.64,54.53,72.46
20.85,20.85,88.85,52.70,71.15
28.11,28.11,93.51,58.93,68.80
32.11,32.11,91.87,65.43,69.39
33.46,33.46,90.96,67.55,70.52
29.42,29.42,90.03,67.11,71.45
29.22,29.22,88.74,66.51,71.24
28.25,28.25,89.06,67.59,72.77
29.67,29.67,83.44,67.98,74.05
34.14,34.14,69.77,68.56,71.99
33.13,33.13,79.05,67.73,72.93
31.97,31.97,79.67,69.15,73.16
29.13,29.13,77.14,68.59,73.24
27.37,27.37,67.42,70.32,72.48
28.33,28.33,65.19,70.65,71.39
33.19,33.19,61.89,70.50,71.43
43.23,43.23,60.26,70.02,71.85
45.70,45.70,61.17,69.95,72.12
48.08,48.08,65.61,67.00,69.96
64.25,64.25,79.06,63.21,70.39
69.17,69.17,83.44,60.32,70.71
72.88,72.88,84.28,64.82,70.12
76.94,76.94,79.77,68.69,70.07
77.17,77.17,75.12,66.25,68.46
75.87,75.87,71.45,66.70,70.09
75.28,75.28,69.26,67.37,71.26
76.45,76.45,62.16,66.01,72.87
78.63,78.63,61.22,63.98,70.97
77.62,77.62,54.86,62.16,70.39
76.83,76.83,50.77,62.18,71.61
79.00,79.00,58.29,61.40,69.11
78.75,78.75,60.01,59.76,71.25
79.27,79.27,58.69,60.27,71.68
78.72,78.72,50.05,57.75,71.73
79.24,79.24,38.43,59.02,71.00
77.95,77.95,38.61,58.98,72.29
78.22,78.22,45.77,58.50,72.16
78.30,78.30,49.15,56.46,70.97
77.91,77.91,50.75,58.76,72.92
79.38,79.38,54.34,59.67,72.60
70.08,70.08,60.19,64.91,73.96
66.27,66.27,63.95,62.56,72.72
65.82,65.82,70.82,63.54,73.19
67.85,67.85,75.36,63.66,73.53
65.29,65.29,74.73,61.66,74.07
66.05,66.05,69.36,61.67,74.06
64.07,64.07,65.19,58.32,71.98
61.13,61.13,73.04,58.68,72.02
62.89,62.89,72.41,61.48,71.63
71.78,71.78,68.32,63.85,72.53
80.45,80.45,73.37,63.78,72.41
77.70,77.70,72.72,60.72,71.27
78.05,78.05,68.25,61.57,71.72
78.42,78.42,65.69,60.99,71.30
78.84,78.84,65.83,60.70,71.51
77.49,77.49,64.88,58.13,72.10
77.81,77.81,65.37,55.41,73.08
78.45,78.45,66.32,49.04,72.99
75.63,75.63,73.04,50.30,72.63
74.48,74.48,90.28,54.53,70.32
71.62,71.62,90.92,55.37,70.61
68.36,68.36,90.10,53.93,70.14
66.02,66.02,91.03,55.99,70.78
67.91,67.91,89.47,54.55,71.83
68.28,68.28,91.27,56.59,71.20
75.46,75.46,88.17,58.41,71.59
76.05,76.05,82.62,57.54,71.33
75.71,75.71,73.88,63.34,69.99
74.36,74.36,77.04,63.60,67.34
70.08,70.08,64.02,56.29,67.74
72.28,72.28,74.66,57.49,70.15
76.82,76.82,73.76,62.89,70.51
77.15,77.15,64.63,63.98,71.63
77.80,77.80,66.28,63.47,71.39
71.86,71.86,67.41,63.31,71.76
72.26,72.26,65.88,64.12,71.30
73.84,73.84,63.11,61.67,72.30
76.46,76.46,63.58,60.75,63.49
75.29,75.29,43.24,58.61,56.16
77.74,77.74,48.81,70.64,57.77
76.73,76.73,42.07,79.64,62.30
72.91,72.91,35.80,76.48,70.95
73.50,73.50,33.86,78.44,71.23
72.08,72.08,33.66,78.19,70.21
69.02,69.02,36.46,77.12,68.64
63.18,63.18,28.52,76.96,69.44
61.48,61.48,23.93,76.61,71.00
57.74,57.74,23.81,76.30,70.19
58.08,58.08,24.39,76.27,70.69
58.95,58.95,23.78,75.27,73.03
56.41,56.41,22.82,75.43,73.67
58.67,58.67,24.50,75.52,73.58
54.94,54.94,25.89,74.88,73.63
59.66,59.66,27.81,73.51,71.05
59.74,59.74,29.64,73.53,66.89
61.00,61.00,32.06,71.11,64.04
54.38,54.38,32.73,68.79,61.87
56.55,56.55,31.81,66.04,58.93
55.89,55.89,31.54,61.91,59.45
49.70,49.70,32.58,57.04,57.02
48.59,48.59,32.30,48.64,57.55
50.68,50.68,37.15,43.07,57.27
51.09,51.09,35.55,40.33,57.17
50.98,50.98,33.24,42.71,56.11
47.36,47.36,30.11,48.19,53.54
48.56,48.56,26.43,50.27,52.16
48.98,48.98,27.55,58.65,56.28
39.72,39.72,28.64,80.68,64.10
6.03,6.03,22.76,80.13,69.89
16.51,16.51,18.43,77.17,70.63
29.56,29.56,13.26,79.29,71.53
31.85,31.85,10.12,77.97,73.69
31.54,31.54,6.95,77.94,72.06
28.45,28.45,6.83,79.00,71.62
30.22,30.22,7.14,78.58,71.35
30.10,30.10,6.36,77.84,71.14
28.12,28.12,6.32,78.80,70.78
28.26,28.26,9.76,77.64,70.65
26.78,26.78,11.91,78.37,70.77
29.08,29.08,14.61,77.64,70.80
30.52,30.52,18.74,75.30,69.35
30.98,30.98,17.59,72.77,66.60
30.30,30.30,8.18,70.16,64.62
31.55,31.55,7.92,69.70,61.63
33.09,33.09,11.74,68.18,59.95
32.50,32.50,15.84,63.40,60.90
34.10,34.10,19.58,57.56,60.68
37.48,37.48,28.94,52.69,60.00
40.81,40.81,31.15,43.27,57.30
40.96,40.96,33.19,35.47,56.59
40.82,40.82,28.55,29.02,56.11
42.40,42.40,29.09,45.37,56.70
36.87,36.87,17.13,42.78,54.76
27.02,27.02,28.68,53.37,53.27
6.12,6.12,27.47,80.56,61.06
-0.00,-0.00,24.21,79.55,63.67
0.01,0.01,22.92,78.49,69.58
2.66,2.66,16.53,78.07,70.06
11.52,11.52,7.98,77.17,69.04
17.04,17.04,9.34,78.50,67.71
16.75,16.75,7.13,78.15,67.13
19.82,19.82,8.81,78.39,67.74
23.81,23.81,9.19,78.31,69.42
26.95,26.95,9.25,77.36,69.57
28.28,28.28,9.54,78.46,70.26
26.02,26.02,9.95,77.68,71.59
20.55,20.55,10.68,78.28,71.36
12.92,12.92,13.79,78.60,70.90
12.22,12.22,16.38,78.37,68.73
16.21,16.21,13.86,74.53,65.11
23.73,23.73,9.24,72.59,61.43
30.41,30.41,10.75,69.93,60.69
33.44,33.44,18.07,68.65,59.86
35.72,35.72,21.55,64.30,57.89
35.81,35.81,30.49,58.66,57.75
40.14,40.14,37.38,54.38,58.48
38.25,38.25,32.83,46.00,55.85
40.02,40.02,33.42,37.57,55.48
42.94,42.94,35.16,35.69,55.29
44.19,44.19,35.69,34.07,54.98
43.73,43.73,37.36,34.59,53.63
45.92,45.92,33.76,38.86,54.95
40.11,40.11,39.39,42.55,52.22
35.88,35.88,29.23,40.18,53.51
22.56,22.56,21.16,41.28,53.25
14.78,14.78,31.82,56.76,66.21
2.96,2.96,39.27,79.60,73.69
2.62,2.62,29.01,79.36,71.81
11.75,11.75,22.88,78.83,67.86
16.79,16.79,16.44,79.27,68.90
20.29,20.29,15.72,78.15,72.23
18.45,18.45,15.89,76.95,73.01
19.87,19.87,16.81,77.00,73.09
22.44,22.44,15.03,76.17,71.33
25.09,25.09,11.20,78.47,67.31
25.08,25.08,11.42,75.27,67.07
25.74,25.74,14.54,76.49,69.23
23.67,23.67,17.53,77.46,70.77
22.94,22.94,18.26,75.91,67.98
22.79,22.79,23.38,74.97,66.54
26.61,26.61,32.54,75.89,68.37
27.77,27.77,35.10,77.35,65.43
28.55,28.55,35.61,72.52,62.48
35.61,35.61,25.82,67.50,64.00
36.02,36.02,19.09,67.29,63.55
34.89,34.89,17.81,65.03,64.27
35.14,35.14,14.91,56.78,62.62
38.36,38.36,15.32,54.29,59.63
42.97,42.97,33.61,51.17,63.22
46.37,46.37,48.22,51.06,65.75
45.91,45.91,59.44,46.62,66.33
45.10,45.10,68.05,48.63,66.26
46.78,46.78,85.16,63.55,66.86
44.44,44.44,90.44,68.65,66.41
44.72,44.72,91.60,63.18,72.18
48.47,48.47,87.49,76.72,71.45
51.59,51.59,90.08,79.93,71.26
63.09,63.09,89.89,78.20,71.05
73.47,73.47,87.63,72.42,73.02
71.44,71.44,80.01,80.03,72.46
74.38,74.38,72.23,77.51,72.12
77.43,77.43,71.66,78.35,71.06
77.30,77.30,69.79,74.89,70.11
78.03,78.03,76.73,76.32,67.39
77.16,77.16,70.84,79.11,66.51
76.62,76.62,64.02,73.51,65.95
76.75,76.75,58.67,75.99,65.66
78.70,78.70,60.94,79.76,66.29
79.12,79.12,59.18,77.83,65.97
78.64,78.64,60.00,75.39,62.17
78.20,78.20,66.62,77.98,63.29
77.50,77.50,65.59,78.15,64.65
77.96,77.96,62.84,73.43,64.71
78.57,78.57,60.67,72.74,72.81
78.35,78.35,56.59,73.28,72.05
77.54,77.54,46.93,68.64,69.94
79.29,79.29,57.86,70.04,68.23
80.29,80.29,59.08,70.78,68.56
79.91,79.91,59.67,69.53,68.24
81.48,81.48,59.21,70.85,69.86
82.17,82.17,55.87,68.14,69.75
82.08,82.08,52.19,64.96,69.03
81.43,81.43,56.85,67.73,68.26
80.91,80.91,57.50,70.92,69.80
79.64,79.64,56.94,68.91,69.95
80.50,80.50,54.98,69.74,67.79
80.11,80.11,42.48,70.62,67.76
80.10,80.10,39.91,67.77,68.40
79.58,79.58,48.25,64.61,68.13
78.91,78.91,55.53,69.43,67.49
79.16,79.16,50.35,70.66,66.01
80.89,80.89,41.46,67.94,66.17
82.09,82.09,45.55,68.80,69.54
83.17,83.17,47.83,69.08,69.00
83.62,83.62,47.90,66.64,68.95
83.37,83.37,50.15,67.21,68.62
83.71,83.71,47.06,68.48,69.40
81.87,81.87,47.30,65.50,70.43
83.27,83.27,46.56,66.79,69.07
82.67,82.67,42.56,69.37,68.93
81.74,81.74,32.94,68.60,67.81
80.76,80.76,31.21,67.58,66.37
80.45,80.45,30.20,67.43,66.74
80.49,80.49,27.74,65.83,66.13
81.76,81.76,27.48,64.70,67.52
81.26,81.26,26.35,67.98,65.99
82.68,82.68,30.48,68.33,65.37
82.58,82.58,35.90,65.22,64.96
83.08,83.08,43.75,65.39,64.58
84.14,84.14,43.23,67.13,63.47
84.36,84.36,42.98,64.45,64.53
83.85,83.85,44.65,65.21,65.01
81.83,81.83,57.59,64.84,63.30
80.30,80.30,66.31,65.46,61.70
79.64,79.64,76.37,69.32,65.03
79.35,79.35,78.68,71.12,64.27
78.86,78.86,78.60,71.60,66.85
77.58,77.58,75.13,71.13,67.85
77.98,77.98,68.42,72.28,71.06
76.50,76.50,61.29,71.46,71.80
77.92,77.92,59.04,71.61,74.52
76.65,76.65,65.96,67.78,71.79
76.85,76.85,67.31,66.65,73.27
77.67,77.67,68.13,65.17,72.08
80.00,80.00,65.81,67.23,74.44
79.00,79.00,51.80,67.68,72.17
79.18,79.18,60.36,68.68,70.66
78.30,78.30,65.50,64.06,70.53
78.14,78.14,62.30,61.89,68.38
78.84,78.84,57.73,62.81,70.06
78.24,78.24,58.89,62.07,71.57
79.15,79.15,60.73,63.49,71.82
79.09,79.09,58.46,65.98,71.64
77.24,77.24,57.02,61.96,68.67
74.36,74.36,57.76,58.75,68.12
76.60,76.60,58.91,63.90,66.91
76.45,76.45,56.89,62.70,66.40
75.84,75.84,55.75,61.94,65.06
76.37,76.37,57.37,63.45,65.83
76.74,76.74,57.24,60.42,66.19
77.44,77.44,58.23,58.23,66.32
77.93,77.93,54.30,60.54,67.10
75.12,75.12,55.18,59.57,67.29
74.05,74.05,51.67,57.76,64.80
77.45,77.45,46.98,58.76,63.94
78.85,78.85,36.86,57.57,61.12
79.39,79.39,40.23,57.13,60.29
79.21,79.21,35.78,57.71,62.16
79.30,79.30,35.57,55.87,61.29
79.49,79.49,39.47,54.75,62.09
77.99,77.99,45.11,53.51,63.20
78.51,78.51,59.85,54.11,67.47
76.93,76.93,62.49,59.90,70.40
77.70,77.70,60.34,59.22,70.37
78.43,78.43,60.09,59.27,70.83
78.23,78.23,60.51,61.18,69.37
78.26,78.26,56.15,56.23,69.07
79.17,79.17,54.45,59.80,68.94
80.28,80.28,59.93,59.45,68.32
81.19,81.19,63.36,62.60,67.01
81.16,81.16,62.07,59.67,66.83
80.64,80.64,59.16,54.31,67.94
80.23,80.23,68.57,59.36,68.23
79.19,79.19,69.17,50.10,67.56
79.87,79.87,65.29,59.33,67.58
80.31,80.31,69.74,55.62,66.84
81.24,81.24,69.45,53.69,66.95
80.78,80.78,62.76,54.77,67.46
79.92,79.92,55.24,50.13,67.16
78.87,78.87,49.43,52.79,65.46
78.35,78.35,55.91,48.60,66.74
76.48,76.48,63.61,55.42,65.19
76.59,76.59,66.93,59.22,64.72
77.05,77.05,81.20,61.63,62.74
74.93,74.93,85.93,65.83,63.11
72.27,72.27,92.22,68.71,66.71
72.13,72.13,87.10,70.20,68.76
74.47,74.47,89.06,69.50,67.62
73.98,73.98,87.73,69.28,65.80
71.51,71.51,88.63,66.66,66.17
73.01,73.01,86.47,66.42,65.75
74.20,74.20,80.29,66.02,65.62
74.56,74.56,64.36,67.92,65.97
73.35,73.35,76.49,69.23,66.53
73.84,73.84,77.62,68.60,66.38
75.65,75.65,68.99,68.55,65.91
73.95,73.95,67.99,65.84,66.82
73.69,73.69,60.14,64.78,66.45
73.92,73.92,59.09,64.24,66.09
74.00,74.00,52.74,64.26,67.36
73.47,73.47,62.69,67.28,64.68
72.80,72.80,63.28,63.79,60.98
73.24,73.24,63.64,62.71,62.69
74.33,74.33,64.66,63.98,61.67
74.84,74.84,64.53,61.69,61.72
73.17,73.17,64.70,59.35,64.11
73.80,73.80,63.65,59.48,65.18
76.90,76.90,62.78,64.21,65.43
75.44,75.44,65.80,62.86,66.06
76.90,76.90,69.85,58.71,64.99
75.36,75.36,64.64,64.77,66.24
76.06,76.06,56.80,65.82,64.38
74.67,74.67,58.75,57.91,65.10
76.28,76.28,57.76,61.33,64.99
74.65,74.65,62.08,63.48,65.41
75.77,75.77,60.43,58.91,64.36
75.96,75.96,58.67,57.66,63.66
77.02,77.02,53.97,62.76,62.84
79.03,79.03,38.33,57.11,61.45
77.31,77.31,40.79,54.27,56.85
76.37,76.37,47.18,51.24,59.08
76.18,76.18,57.06,51.74,58.53
75.70,75.70,56.40,58.54,64.18
74.87,74.87,53.61,62.90,66.06
71.44,71.44,51.01,67.43,68.59
73.59,73.59,47.41,66.32,67.73
75.54,75.54,45.74,67.89,68.79
75.00,75.00,53.08,68.06,67.58
75.55,75.55,54.30,67.82,65.54
75.91,75.91,52.56,66.24,66.45
75.08,75.08,49.59,65.00,65.76
73.53,73.53,46.33,63.39,67.14
73.70,73.70,45.08,66.30,68.20
73.33,73.33,35.50,66.88,67.12
73.14,73.14,41.98,64.18,67.07
72.33,72.33,39.31,66.28,63.99
71.12,71.12,38.24,57.45,63.49
70.16,70.16,43.00,55.80,65.51
69.24,69.24,47.65,56.32,65.10
69.83,69.83,54.21,54.43,63.57
68.88,68.88,57.84,53.85,62.83
69.22,69.22,68.36,49.66,59.91
67.67,67.67,80.95,51.82,60.18
61.42,61.42,77.20,52.97,61.25
61.09,61.09,80.59,59.17,60.35
65.12,65.12,76.39,61.88,59.43
67.16,67.16,70.11,65.33,60.08
67.65,67.65,67.20,65.10,60.62
67.02,67.02,68.30,66.55,60.64
67.65,67.65,70.29,67.62,60.09
69.03,69.03,61.57,66.81,59.50
67.51,67.51,57.71,65.21,60.64
65.67,65.67,51.58,66.59,60.61
64.66,64.66,56.77,66.69,61.67
63.13,63.13,59.61,65.71,60.70
68.31,68.31,57.11,67.46,61.13
70.03,70.03,51.29,66.84,61.65
70.53,70.53,52.76,68.19,60.35
70.85,70.85,49.49,67.54,59.15
68.81,68.81,45.06,67.80,59.12
65.84,65.84,50.47,67.65,59.39
64.65,64.65,52.45,68.70,65.44
66.27,66.27,57.14,68.87,68.81
64.66,64.66,65.96,69.60,70.49
65.74,65.74,68.48,69.79,68.32
65.36,65.36,64.55,71.07,67.95
64.51,64.51,60.71,68.24,68.69
66.70,66.70,61.93,68.17,69.59
67.09,67.09,61.08,67.22,69.91
64.99,64.99,63.47,67.03,69.00
63.76,63.76,61.98,67.20,70.29
66.45,66.45,63.36,69.19,70.66
62.97,62.97,54.41,65.70,69.85
60.95,60.95,66.42,64.18,68.88
59.76,59.76,69.18,65.64,70.23
57.88,57.88,66.16,67.13,68.89
60.14,60.14,59.81,67.64,67.54
59.93,59.93,59.15,66.75,66.77
60.75,60.75,58.33,62.13,67.03
59.79,59.79,82.15,62.73,65.50
61.92,61.92,89.63,67.17,64.73
58.39,58.39,92.45,68.34,64.93
60.69,60.69,86.86,67.95,65.63
60.84,60.84,87.48,68.53,66.22
63.18,63.18,85.71,68.22,66.45
60.42,60.42,81.72,67.45,66.29
63.28,63.28,81.75,67.84,67.15
61.18,61.18,80.85,66.29,65.88
61.66,61.66,74.10,66.80,66.24
57.23,57.23,60.49,64.64,63.69
52.10,52.10,64.09,65.08,62.90
51.18,51.18,65.35,64.94,62.91
47.63,47.63,70.16,66.04,63.35
46.49,46.49,69.85,66.18,64.34
47.40,47.40,62.08,67.23,62.88
47.43,47.43,55.24,66.22,63.95
46.63,46.63,58.06,66.50,65.10
43.42,43.42,63.06,65.91,67.81
39.31,39.31,61.41,66.30,68.56
39.66,39.66,59.84,66.41,67.93
29.41,29.41,73.84,71.10,68.18
20.52,20.52,89.77,70.39,68.72
28.84,28.84,89.63,68.05,67.99
31.34,31.34,86.53,69.93,71.23
29.35,29.35,89.73,70.61,71.12
28.45,28.45,88.33,70.59,72.30
29.16,29.16,89.33,65.36,72.43
29.63,29.63,88.24,69.58,71.85
26.83,26.83,82.84,68.04,71.79
27.08,27.08,62.02,69.82,70.57
26.62,26.62,78.77,68.65,69.76
24.75,24.75,77.16,69.44,69.95
24.67,24.67,71.94,69.16,69.02
27.02,27.02,69.12,67.26,68.77
26.83,26.83,61.09,70.28,70.48
23.13,23.13,61.24,67.18,69.68
22.33,22.33,55.96,71.28,68.64
21.47,21.47,58.83,65.49,66.15
20.28,20.28,63.36,70.08,67.38
18.15,18.15,60.61,67.73,68.59
19.67,19.67,62.45,68.81,70.91
19.08,19.08,54.70,68.60,69.39
20.47,20.47,50.07,68.16,68.00
20.35,20.35,49.86,68.78,69.10
19.12,19.12,56.10,67.57,68.32
20.39,20.39,60.59,70.48,69.71
21.82,21.82,59.13,66.90,70.82
21.60,21.60,53.15,69.93,71.91
22.77,22.77,54.23,67.54,71.66
21.78,21.78,46.76,68.76,70.97
23.48,23.48,45.61,67.60,70.94
24.92,24.92,47.93,67.67,71.25
26.07,26.07,50.26,68.80,72.17
23.43,23.43,34.00,67.14,71.53
21.79,21.79,37.10,68.93,72.25
21.70,21.70,28.99,66.05,71.36
20.79,20.79,41.18,70.71,71.20
21.71,21.71,37.29,66.47,70.90
19.38,19.38,43.49,68.88,69.95
19.51,19.51,48.65,66.36,68.94
21.99,21.99,52.51,68.17,66.87
19.86,19.86,52.66,67.42,66.41
17.51,17.51,51.38,67.90,66.60
15.87,15.87,48.20,67.50,68.63
16.60,16.60,39.67,65.52,67.99
23.30,23.30,30.68,68.57,67.60
18.52,18.52,29.79,65.77,66.70
20.91,20.91,33.28,69.41,66.54
21.45,21.45,30.73,64.74,65.66
21.13,21.13,32.40,67.74,68.08
22.52,22.52,32.11,66.15,69.63
23.42,23.42,28.13,66.96,69.59
22.03,22.03,32.61,66.00,70.31
20.54,20.54,40.33,66.31,69.15
22.24,22.24,44.39,67.27,69.52
22.39,22.39,43.50,65.21,67.25
24.04,24.04,42.17,68.40,67.06
25.30,25.30,44.85,64.60,67.45
18.31,18.31,58.50,67.61,64.76
8.30,8.30,66.79,65.90,61.13
6.75,6.75,82.10,65.81,60.77
6.88,6.88,80.19,67.53,61.74
5.92,5.92,81.82,64.54,62.61
13.39,13.39,75.16,63.84,64.74
14.14,14.14,66.59,63.60,67.76
17.45,17.45,65.67,66.68,68.63
17.10,17.10,66.69,64.50,68.98
16.14,16.14,62.28,68.55,68.87
15.92,15.92,48.70,65.48,68.89
16.01,16.01,59.81,67.19,67.80
15.63,15.63,62.51,63.60,67.53
17.35,17.35,56.45,64.76,66.60
20.62,20.62,54.16,66.97,64.85
22.13,22.13,53.78,65.28,64.64
20.83,20.83,48.56,66.88,64.36
23.59,23.59,45.18,63.19,64.04
22.08,22.08,48.92,65.19,64.21
16.36,16.36,41.73,61.26,64.14
12.82,12.82,47.24,61.18,66.14
12.25,12.25,50.94,59.10,66.10
12.09,12.09,57.33,61.32,68.81
12.30,12.30,52.56,67.07,68.24
13.41,13.41,50.79,63.13,67.82
15.38,15.38,48.81,60.62,68.93
13.99,13.99,53.14,66.45,69.34
16.36,16.36,60.38,67.96,68.79
18.12,18.12,62.48,60.69,67.37
23.74,23.74,61.14,61.86,68.99
25.17,25.17,62.08,66.88,65.55
26.79,26.79,63.91,64.29,65.75
32.22,32.22,60.72,60.92,66.40
40.08,40.08,47.46,65.23,67.53
43.36,43.36,61.55,64.01,67.05
46.78,46.78,63.53,60.32,68.02
48.07,48.07,59.09,60.93,69.29
45.61,45.61,50.07,62.67,65.80
40.17,40.17,57.28,61.61,67.35
35.69,35.69,72.36,64.75,70.17
34.56,34.56,89.82,68.95,67.50
29.85,29.85,89.49,69.31,66.33
28.78,28.78,88.37,66.41,67.48
29.23,29.23,87.38,64.93,71.98
28.46,28.46,87.41,61.60,69.86
28.81,28.81,89.29,60.75,67.65
26.83,26.83,85.97,68.23,68.93
26.60,26.60,79.38,70.80,66.65
21.46,21.46,74.49,69.50,64.45
19.72,19.72,77.23,65.10,63.41
20.87,20.87,75.39,56.57,64.01
21.72,21.72,56.29,58.86,62.67
25.58,25.58,62.69,66.83,65.82
30.41,30.41,62.86,70.63,67.68
29.31,29.31,63.96,68.72,67.79
35.02,35.02,62.29,64.54,69.10
33.12,33.12,61.21,61.94,72.73
31.10,31.10,62.08,60.51,71.17
24.76,24.76,62.16,56.99,72.07
19.67,19.67,65.87,60.58,72.74
17.60,17.60,86.95,65.53,75.13
16.22,16.22,91.37,65.70,71.76
17.83,17.83,88.22,68.58,73.29
18.80,18.80,87.27,69.30,75.11
17.20,17.20,89.66,68.67,73.13
12.40,12.40,90.27,68.34,74.43
11.81,11.81,88.13,67.54,75.54
14.27,14.27,79.99,68.33,72.33
15.89,15.89,75.47,68.25,73.59
20.03,20.03,78.44,67.14,73.90
24.09,24.09,75.58,66.05,69.48
26.48,26.48,75.64,63.65,70.66
30.81,30.81,67.29,63.03,68.92
31.66,31.66,67.43,61.25,66.46
31.01,31.01,57.62,60.78,64.33
31.92,31.92,66.56,61.19,61.89
32.94,32.94,64.24,59.83,64.16
31.00,31.00,67.02,59.12,65.59
25.15,25.15,54.34,59.00,67.97
20.42,20.42,63.00,63.81,67.83
24.07,24.07,59.71,65.32,69.18
23.78,23.78,60.28,69.12,68.83
20.75,20.75,50.15,68.49,69.32
24.99,24.99,47.12,66.49,69.94
24.33,24.33,52.37,67.83,70.02
25.21,25.21,54.07,67.08,69.27
25.91,25.91,53.60,62.64,66.54
25.31,25.31,47.72,52.04,64.89
24.23,24.23,43.61,53.13,64.59
24.69,24.69,45.51,47.67,61.00
24.22,24.22,58.04,44.52,59.54
23.58,23.58,59.25,47.40,62.10
23.02,23.02,58.10,45.45,63.53
23.31,23.31,56.59,41.53,64.35
24.29,24.29,50.82,45.21,67.27
27.16,27.16,48.78,48.13,67.92
27.01,27.01,50.41,52.61,69.87
26.33,26.33,46.69,63.63,71.37
20.10,20.10,52.02,68.77,70.57
12.34,12.34,56.08,70.92,71.54
12.01,12.01,60.88,69.52,68.94
23.24,23.24,59.91,71.70,68.82
30.27,30.27,58.83,66.95,68.36
37.32,37.32,58.73,70.72,67.64
37.28,37.28,56.79,68.43,68.29
35.93,35.93,56.22,69.74,66.72
39.15,39.15,55.48,69.64,64.43
37.70,37.70,55.76,67.97,62.99
36.96,36.96,55.96,66.49,63.63
36.39,36.39,54.50,63.00,63.08
37.03,37.03,53.41,63.40,63.39
37.44,37.44,53.13,64.48,62.38
40.40,40.40,50.88,63.34,63.34
46.93,46.93,50.98,63.14,62.81
53.66,53.66,46.60,62.69,62.31
58.22,58.22,42.55,62.02,61.62
60.95,60.95,42.43,59.81,60.96
60.82,60.82,54.57,56.43,60.33
61.12,61.12,65.41,56.76,61.93
63.00,63.00,77.61,57.79,70.31
64.15,64.15,79.42,59.23,72.61
65.38,65.38,75.05,57.65,71.30
65.46,65.46,74.22,62.56,69.45
67.10,67.10,72.81,60.91,69.25
70.03,70.03,70.97,69.51,69.40
68.90,68.90,71.46,65.33,69.39
69.53,69.53,64.93,66.00,71.76
71.25,71.25,55.94,66.70,73.59
72.78,72.78,55.49,70.27,68.07
72.99,72.99,61.26,71.46,69.25
72.36,72.36,60.97,71.76,70.27
73.78,73.78,63.31,72.67,71.89
74.74,74.74,70.28,70.99,71.57
74.12,74.12,67.87,71.44,70.89
74.94,74.94,58.62,69.08,69.75
72.49,72.49,64.75,66.15,69.13
73.93,73.93,63.88,60.89,69.28
72.89,72.89,62.06,58.50,68.16
71.76,71.76,84.21,62.30,68.65
71.68,71.68,88.15,61.34,67.31
70.88,70.88,92.49,60.60,69.76
70.43,70.43,88.11,59.88,70.34
70.48,70.48,88.25,65.04,71.12
74.42,74.42,87.43,67.15,71.39
73.77,73.77,88.34,66.28,71.84
73.74,73.74,82.89,67.12,71.55
72.67,72.67,79.18,67.30,70.67
71.42,71.42,74.06,65.53,69.60
72.83,72.83,67.66,68.32,70.96
73.69,73.69,70.67,68.47,72.78
71.30,71.30,68.11,65.84,70.37
72.51,72.51,70.36,64.76,71.99
71.39,71.39,63.31,65.36,71.62
73.43,73.43,51.36,60.44,72.49
70.97,70.97,62.08,52.41,72.55
64.30,64.30,57.46,49.28,71.83
63.00,63.00,56.78,40.57,71.83
60.44,60.44,79.65,46.41,71.34
61.02,61.02,85.61,55.93,70.14
68.67,68.67,92.59,57.73,69.99
68.09,68.09,88.36,62.26,70.36
67.89,67.89,89.29,65.15,70.53
65.30,65.30,86.63,65.80,71.29
59.20,59.20,88.54,62.94,71.62
56.93,56.93,84.89,63.04,71.25
54.60,54.60,76.55,64.36,70.82
52.59,52.59,69.71,62.85,71.48
53.22,53.22,75.92,57.68,71.04
56.03,56.03,74.92,56.99,72.74
51.32,51.32,64.08,54.90,73.84
50.31,50.31,67.32,53.53,72.02
51.60,51.60,67.98,61.25,73.56
51.28,51.28,66.23,63.11,73.04
48.91,48.91,63.49,60.56,73.66
45.97,45.97,58.66,59.70,73.44
47.60,47.60,62.61,57.87,71.71
49.28,49.28,58.36,52.81,71.06
51.48,51.48,74.47,57.92,71.36
52.17,52.17,88.34,60.08,68.92
46.71,46.71,89.03,64.30,69.31
46.85,46.85,86.89,68.36,69.84
50.72,50.72,89.50,65.05,69.87
44.81,44.81,89.07,64.40,70.32
43.50,43.50,89.79,72.69,70.77
44.37,44.37,87.81,76.04,69.60
48.52,48.52,81.96,76.02,69.88
46.77,46.77,57.83,75.11,68.91
46.01,46.01,72.96,74.19,68.23
45.93,45.93,75.13,72.53,69.79
47.37,47.37,72.96,71.32,69.04
45.04,45.04,68.59,74.20,69.09
44.91,44.91,61.55,74.92,71.02
47.02,47.02,53.43,73.73,72.12
44.91,44.91,45.83,73.66,72.23
46.33,46.33,57.18,73.49,70.75
44.75,44.75,59.95,69.22,70.39
39.63,39.63,55.56,71.78,70.06
37.97,37.97,56.13,71.11,69.78
32.03,32.03,60.04,71.92,70.80
30.19,30.19,61.09,69.67,71.35
34.28,34.28,57.12,72.18,70.07
38.04,38.04,43.23,69.21,69.41
34.80,34.80,56.29,72.05,68.73
35.15,35.15,60.77,70.73,66.58
36.66,36.66,61.19,66.10,66.71
34.32,34.32,55.35,69.64,67.49
33.49,33.49,50.12,70.75,67.25
33.17,33.17,44.73,71.39,68.69
29.86,29.86,36.79,70.35,70.00
31.02,31.02,40.60,73.03,68.80
30.14,30.14,41.43,70.32,68.61
29.42,29.42,44.20,71.54,69.23
33.61,33.61,41.90,69.82,68.40
37.29,37.29,37.40,70.53,67.05
35.90,35.90,37.50,69.70,67.01
34.37,34.37,37.13,70.75,67.10
31.08,31.08,33.69,70.29,67.79
27.34,27.34,39.16,70.09,68.77
22.84,22.84,44.83,70.28,69.66
22.75,22.75,39.39,70.09,70.34
30.69,30.69,33.98,70.15,70.71
32.60,32.60,26.44,71.53,71.20
31.24,31.24,20.28,71.21,70.66
27.41,27.41,21.08,70.34,70.84
32.11,32.11,18.43,70.38,71.48
31.71,31.71,18.42,70.43,71.47
33.10,33.10,21.76,69.99,71.43
33.53,33.53,20.35,69.55,69.42
33.87,33.87,22.41,69.43,67.87
33.19,33.19,24.86,69.34,66.39
31.70,31.70,27.41,70.27,64.90
33.44,33.44,28.21,70.77,66.39
34.42,34.42,28.28,69.41,65.78
34.22,34.22,26.17,71.00,67.22
36.47,36.47,30.92,69.05,68.14
29.69,29.69,48.45,70.99,68.13
22.81,22.81,58.60,69.12,66.81
17.11,17.11,66.73,68.86,63.81
13.58,13.58,80.49,67.89,65.82
11.82,11.82,80.36,65.50,70.61
16.59,16.59,80.99,67.48,75.35
25.90,25.90,73.67,67.79,75.80
20.37,20.37,66.94,69.65,77.01
22.73,22.73,62.44,69.10,76.83
26.63,26.63,60.35,68.46,76.25
25.89,25.89,59.25,68.51,76.85
24.84,24.84,57.16,67.78,75.21
25.79,25.79,57.87,67.93,75.50
29.58,29.58,57.76,68.35,74.48
34.16,34.16,49.94,67.80,71.30
36.84,36.84,55.02,68.54,73.45
36.11,36.11,50.56,68.89,73.80
34.45,34.45,44.60,68.31,73.49
34.22,34.22,41.99,68.35,73.08
35.72,35.72,41.50,68.32,73.30
36.23,36.23,36.96,67.65,74.78
37.21,37.21,35.61,66.94,74.66
31.78,31.78,42.31,66.77,74.90
25.30,25.30,49.60,67.34,73.82
25.52,25.52,51.30,66.34,72.92
22.35,22.35,46.99,66.20,71.57
25.90,25.90,43.12,66.21,71.35
28.64,28.64,45.08,68.37,70.84
31.97,31.97,51.86,66.35,70.32
33.09,33.09,54.26,67.33,71.80
31.14,31.14,51.35,68.36,70.86
33.98,33.98,46.51,63.49,69.58
33.82,33.82,42.65,60.38,68.91
36.60,36.60,44.25,54.10,65.73
40.78,40.78,48.21,55.44,68.60
47.99,47.99,53.21,61.06,71.55
54.06,54.06,50.39,55.50,73.54
59.79,59.79,46.58,52.30,75.32
65.91,65.91,32.40,49.07,75.81
68.84,68.84,32.53,50.58,76.75
71.30,71.30,33.38,54.35,75.11
70.25,70.25,39.27,56.54,71.52
73.71,73.71,43.44,67.34,71.05
73.65,73.65,50.90,74.51,70.10
72.70,72.70,63.47,74.71,69.21
71.76,71.76,66.84,74.76,67.83
66.65,66.65,65.83,72.80,66.19
65.16,65.16,61.11,72.82,67.43
69.82,69.82,54.83,71.62,70.55
70.34,70.34,58.10,70.32,72.97
70.33,70.33,62.60,70.31,75.46
66.85,66.85,62.26,74.58,77.08
59.42,59.42,57.48,72.03,76.55
56.51,56.51,54.20,57.07,76.49
55.37,55.37,46.19,54.63,76.10
57.22,57.22,51.44,63.86,73.96
58.00,58.00,53.29,66.76,72.71
60.92,60.92,54.68,61.17,71.65
65.57,65.57,46.47,53.57,71.63
66.93,66.93,40.31,43.42,71.14
64.93,64.93,54.22,37.34,69.99
62.29,62.29,63.54,51.39,68.78
66.35,66.35,81.53,63.44,66.30
65.98,65.98,84.97,65.04,63.56
66.36,66.36,91.44,65.98,65.93
63.54,63.54,89.52,67.16,64.49
65.37,65.37,89.45,69.44,61.01
65.74,65.74,87.62,70.71,62.35
65.49,65.49,85.16,71.99,64.52
66.34,66.34,81.87,70.74,67.33
68.79,68.79,71.63,70.47,68.05
69.18,69.18,77.40,69.96,63.35
70.73,70.73,82.41,70.53,65.57
71.47,71.47,82.39,69.81,67.35
69.62,69.62,75.79,71.49,67.27
67.66,67.66,68.62,71.80,67.99
70.50,70.50,65.79,73.17,69.09
70.15,70.15,63.52,73.52,67.94
68.72,68.72,61.64,73.47,68.32
66.76,66.76,62.77,72.69,67.82
63.64,63.64,65.93,71.97,66.97
65.44,65.44,65.82,71.96,65.67
60.82,60.82,63.08,71.69,65.65
59.11,59.11,60.73,72.15,68.61
58.88,58.88,54.15,73.78,70.03
57.87,57.87,53.43,73.39,70.69
56.33,56.33,58.27,74.12,71.29
54.45,54.45,58.85,74.11,71.03
57.19,57.19,55.12,73.33,69.85
55.84,55.84,50.45,73.57,70.27
50.39,50.39,44.50,73.05,70.28
48.47,48.47,35.29,72.93,71.89
48.33,48.33,33.13,72.70,71.95
46.26,46.26,40.31,73.76,72.59
44.81,44.81,45.43,73.47,72.66
44.70,44.70,42.47,74.06,71.80
43.69,43.69,39.22,74.04,69.51
43.00,43.00,37.43,72.99,67.64
42.39,42.39,32.46,72.82,64.99
35.68,35.68,36.90,73.29,63.48
35.52,35.52,40.21,73.44,64.07
33.16,33.16,48.11,72.94,66.47
29.27,29.27,54.00,72.16,65.79
25.54,25.54,50.58,72.59,65.09
26.74,26.74,45.66,72.48,69.72
29.67,29.67,42.01,72.27,67.99
29.03,29.03,38.18,71.77,69.04
27.89,27.89,34.44,71.97,69.75
29.74,29.74,32.04,70.71,70.22
29.96,29.96,31.66,69.88,70.44
29.40,29.40,33.11,70.02,71.52
32.95,32.95,37.06,70.01,70.16
33.72,33.72,39.08,70.15,71.12
35.27,35.27,38.41,71.76,70.61
32.68,32.68,37.00,70.50,69.12
30.98,30.98,35.17,70.11,68.69
31.19,31.19,33.90,69.71,68.07
32.24,32.24,34.75,70.07,67.77
30.95,30.95,38.04,69.34,66.12
30.42,30.42,49.33,70.07,65.26
22.49,22.49,56.24,70.05,61.09
18.21,18.21,67.52,70.80,61.05
11.54,11.54,80.99,70.76,61.64
19.17,19.17,81.24,74.43,62.30
10.67,10.67,83.05,73.64,64.29
20.62,20.62,72.40,71.70,62.76
24.94,24.94,65.91,71.08,61.41
28.01,28.01,67.09,72.66,60.88
30.68,30.68,59.66,72.71,60.75
31.13,31.13,54.25,72.47,62.25
30.66,30.66,55.92,72.13,61.59
31.64,31.64,56.76,72.69,62.96
31.81,31.81,48.54,71.90,63.55
33.35,33.35,41.25,71.58,62.28
34.86,34.86,45.30,71.13,62.36
39.35,39.35,40.23,71.35,63.08
42.86,42.86,41.49,72.09,62.13
48.08,48.08,35.53,71.46,62.94
53.29,53.29,39.25,69.89,63.32
57.58,57.58,31.47,72.54,64.87
59.78,59.78,33.58,72.01,66.56
62.26,62.26,37.50,70.11,65.34
63.41,63.41,38.26,67.12,66.73
63.46,63.46,36.78,68.98,69.19
64.11,64.11,37.34,65.75,67.84
62.48,62.48,39.55,69.77,67.65
60.75,60.75,34.97,68.06,65.20
67.65,67.65,32.46,70.27,66.30
68.11,68.11,36.81,69.40,65.31
68.62,68.62,34.01,68.28,64.86
68.56,68.56,33.35,68.42,65.79
67.73,67.73,32.71,61.58,64.56
68.76,68.76,36.40,55.11,66.04
69.32,69.32,35.39,51.30,66.47
70.88,70.88,32.56,57.58,66.23
71.22,71.22,29.69,54.37,68.48
69.37,69.37,36.11,55.96,66.20
63.51,63.51,41.00,53.67,67.52
61.78,61.78,37.38,55.18,66.85
61.40,61.40,36.37,59.11,65.83
62.89,62.89,45.41,70.01,65.07
63.61,63.61,48.83,69.75,65.82
70.09,70.09,48.93,70.37,67.33
67.66,67.66,48.46,70.73,67.87
68.29,68.29,47.33,69.46,70.80
70.56,70.56,47.08,69.66,69.50
70.64,70.64,43.86,69.61,69.64
73.47,73.47,47.51,68.65,68.63
74.83,74.83,49.38,67.90,66.41
72.98,72.98,45.76,68.49,67.27
73.87,73.87,54.90,70.25,68.54
73.98,73.98,55.65,69.54,68.59
74.40,74.40,57.82,66.98,68.30
73.19,73.19,64.24,64.43,70.23
70.90,70.90,67.36,61.68,72.47
70.32,70.32,66.50,50.71,71.62
69.01,69.01,61.23,49.07,70.35
67.04,67.04,51.98,53.48,69.95
64.68,64.68,52.39,50.18,68.99
65.15,65.15,55.92,54.86,68.43
63.52,63.52,72.93,66.14,72.07
60.42,60.42,81.46,69.72,71.50
65.37,65.37,89.42,68.76,70.80
71.50,71.50,90.77,67.80,71.15
76.30,76.30,86.84,68.52,70.60
72.07,72.07,89.26,71.71,69.97
75.85,75.85,88.65,73.04,71.19
72.25,72.25,88.82,73.02,71.51
69.75,69.75,83.69,72.37,73.14
73.49,73.49,72.64,70.40,73.21
73.80,73.80,65.60,70.83,71.96
73.98,73.98,75.93,72.52,71.77
69.97,69.97,76.61,72.94,71.68
67.50,67.50,71.02,74.15,71.01
67.49,67.49,65.44,74.01,70.82
71.19,71.19,61.77,74.27,70.48
73.09,73.09,58.92,74.70,70.97
71.19,71.19,62.43,73.90,70.36
72.21,72.21,61.73,72.62,69.48
73.47,73.47,57.81,70.67,71.28
72.76,72.76,61.03,71.51,70.22
71.30,71.30,62.04,73.66,70.28
69.76,69.76,59.01,71.68,70.96
64.79,64.79,52.12,71.60,71.59
68.77,68.77,50.79,72.20,72.25
71.70,71.70,50.24,71.90,70.46
70.20,70.20,56.64,72.08,74.10
73.41,73.41,56.56,70.96,75.38
74.82,74.82,56.76,71.57,74.69
75.36,75.36,55.91,70.90,74.07
79.00,79.00,54.66,70.09,70.12
79.17,79.17,48.80,71.40,70.24
78.42,78.42,49.28,69.77,66.66
79.40,79.40,52.47,68.67,66.79
81.77,81.77,52.85,69.37,68.57
76.85,76.85,49.95,69.68,68.99
76.54,76.54,42.76,67.64,67.92
75.60,75.60,36.53,69.04,65.36
73.04,73.04,34.53,69.61,67.96
76.86,76.86,39.15,70.23,70.29
79.20,79.20,45.73,69.90,71.71
75.88,75.88,50.04,67.82,71.23
76.09,76.09,44.64,67.97,72.50
75.49,75.49,42.20,71.42,70.22
74.22,74.22,37.72,69.97,70.86
73.50,73.50,34.27,70.43,70.38
75.80,75.80,33.94,71.19,70.48
73.17,73.17,33.05,70.90,70.19
76.06,76.06,32.33,71.18,69.40
77.81,77.81,31.59,71.25,69.45
73.67,73.67,34.83,69.27,68.84
77.80,77.80,33.71,70.04,69.02
71.70,71.70,34.66,71.56,69.29
73.72,73.72,35.26,71.21,68.62
74.68,74.68,35.07,70.10,68.52
75.06,75.06,36.07,70.77,69.42
79.24,79.24,44.38,70.49,69.78
78.40,78.40,52.92,71.74,68.76
77.23,77.23,63.45,70.14,69.78
73.83,73.83,74.40,69.29,70.08
73.11,73.11,82.94,63.44,70.66
73.85,73.85,81.05,69.56,70.39
75.22,75.22,77.76,67.84,73.67
76.29,76.29,74.77,69.86,74.83
75.45,75.45,63.11,70.19,75.20
74.22,74.22,57.96,70.05,75.37
71.07,71.07,59.46,71.17,76.66
69.55,69.55,59.71,70.38,75.03
71.59,71.59,56.10,70.97,73.43
75.11,75.11,49.10,68.71,74.79
75.39,75.39,47.95,70.61,76.71
77.43,77.43,55.95,69.61,75.71
79.42,79.42,53.01,69.66,73.95
78.82,78.82,43.14,69.12,73.33
76.96,76.96,42.24,69.78,73.34
74.50,74.50,42.09,69.79,75.21
73.73,73.73,39.28,70.36,75.63
72.09,72.09,35.35,68.19,75.37
74.64,74.64,38.55,61.28,71.83
75.16,75.16,45.10,65.68,72.17
73.98,73.98,45.78,66.80,73.02
76.11,76.11,42.89,68.96,70.61
76.16,76.16,41.46,68.43,70.88
76.06,76.06,42.52,68.49,71.11
73.62,73.62,43.45,65.16,69.75
72.19,72.19,50.19,67.69,69.05
76.52,76.52,43.52,65.94,71.27
79.20,79.20,45.00,64.82,72.42
79.56,79.56,47.97,65.69,71.82
80.16,80.16,47.27,64.87,70.76
82.32,82.32,47.79,67.35,69.72
82.11,82.11,49.61,65.20,70.66
84.17,84.17,50.18,66.50,69.86
83.42,83.42,55.06,66.61,69.46
84.30,84.30,51.31,67.54,67.03
83.19,83.19,53.23,67.12,66.62
83.97,83.97,61.96,63.74,67.68
81.83,81.83,86.78,62.11,67.45
75.89,75.89,92.11,65.17,68.69
76.56,76.56,87.48,66.18,72.07
79.51,79.51,87.62,62.04,70.98
81.24,81.24,89.98,65.41,69.77
79.73,79.73,88.62,65.70,68.30
78.89,78.89,86.06,62.58,69.74
77.70,77.70,68.98,64.19,70.08
70.71,70.71,81.00,65.28,68.78
72.41,72.41,77.68,65.12,68.25
79.36,79.36,71.43,64.20,66.11
78.02,78.02,61.51,64.07,66.46
77.21,77.21,63.49,65.34,68.55
75.13,75.13,60.79,66.45,68.34
74.66,74.66,61.25,66.65,65.74
78.40,78.40,63.03,62.31,63.47
77.24,77.24,62.82,62.43,66.71
76.07,76.07,64.14,64.02,66.98
78.46,78.46,53.43,65.63,69.08
77.52,77.52,54.87,61.94,68.25
75.22,75.22,63.72,55.74,67.98
76.03,76.03,74.79,55.46,69.41
73.49,73.49,87.01,53.76,70.09
67.72,67.72,92.29,56.33,68.51
68.70,68.70,85.10,55.69,67.11
71.81,71.81,89.19,51.46,66.75
73.00,73.00,88.49,56.41,69.76
71.46,71.46,89.38,57.34,70.27
75.38,75.38,86.81,57.38,68.34
74.67,74.67,80.51,62.83,68.82
67.83,67.83,65.06,63.47,67.77
70.35,70.35,78.74,60.70,66.03
71.24,71.24,80.30,61.89,67.05
70.13,70.13,73.92,64.72,66.45
69.71,69.71,69.14,61.91,66.35
67.89,67.89,58.83,62.34,65.31
67.72,67.72,62.72,59.91,67.97
66.87,66.87,63.55,63.43,70.97
70.37,70.37,50.42,62.61,69.15
69.97,69.97,62.16,61.55,67.19
71.78,71.78,64.26,62.76,66.77
71.04,71.04,66.29,58.99,67.81
69.53,69.53,66.59,59.06,68.29
69.80,69.80,59.63,63.18,67.46
65.03,65.03,55.07,63.00,66.40
64.79,64.79,56.33,63.28,64.66
73.10,73.10,60.35,59.97,64.40
77.30,77.30,56.44,58.07,65.42
76.12,76.12,40.28,60.21,63.49
75.85,75.85,54.63,63.63,64.42
72.83,72.83,59.40,64.48,64.08
71.96,71.96,55.78,64.61,64.37
72.35,72.35,52.98,63.97,63.70
68.94,68.94,54.61,64.46,64.29
71.58,71.58,53.78,63.14,66.15
75.48,75.48,48.35,62.91,67.13
73.35,73.35,44.50,62.89,68.26
73.14,73.14,46.16,64.22,67.76
72.01,72.01,44.64,64.24,66.81
69.57,69.57,48.94,65.36,67.83
67.65,67.65,55.84,64.78,67.24
71.16,71.16,56.19,64.26,67.69
71.79,71.79,56.42,64.38,69.50
71.05,71.05,55.58,65.53,68.98
72.96,72.96,54.01,65.09,67.60
73.84,73.84,52.26,64.95,68.68
74.11,74.11,51.30,64.06,69.39
73.53,73.53,52.21,65.80,67.03
70.71,70.71,50.84,64.83,68.12
70.06,70.06,50.84,64.56,66.74
70.10,70.10,49.16,65.24,67.71
69.12,69.12,50.72,65.23,66.83
68.56,68.56,50.73,65.58,68.36
70.91,70.91,49.05,65.59,66.91
70.01,70.01,49.23,64.70,66.53
69.22,69.22,46.62,65.84,64.04
70.29,70.29,44.79,65.46,66.09
72.68,72.68,44.94,66.47,65.37
72.20,72.20,53.44,64.81,63.73
69.62,69.62,62.09,62.49,61.58
65.32,65.32,71.98,56.18,61.74
64.03,64.03,81.82,52.84,61.64
65.70,65.70,81.34,58.03,61.68
69.08,69.08,78.94,59.11,62.90
68.92,68.92,75.12,60.66,64.13
67.81,67.81,70.30,61.25,65.50
65.51,65.51,70.28,62.62,66.04
66.42,66.42,67.50,62.47,68.78
68.28,68.28,64.91,58.37,68.38
72.86,72.86,59.18,59.14,72.93
74.12,74.12,58.19,57.34,69.63
72.08,72.08,63.34,59.57,71.59
69.70,69.70,60.24,66.11,71.58
70.40,70.40,69.17,60.45,70.89
73.21,73.21,67.98,56.72,70.72
73.23,73.23,67.63,57.14,71.33
71.43,71.43,65.57,57.73,70.44
67.45,67.45,59.78,62.53,68.92
67.92,67.92,59.98,55.72,65.08
68.33,68.33,68.56,58.99,63.73
71.61,71.61,81.76,60.46,67.04
71.87,71.87,86.55,60.65,66.70
69.98,69.98,93.38,65.22,66.01
67.03,67.03,87.32,64.48,64.74
67.26,67.26,89.22,64.95,66.19
70.44,70.44,87.57,64.93,66.35
70.91,70.91,86.20,63.65,67.19
71.56,71.56,81.65,61.92,67.57
71.09,71.09,71.71,58.28,68.08
70.07,70.07,75.96,56.96,70.62
69.46,69.46,75.73,55.24,70.26
68.60,68.60,70.98,53.99,70.41
67.84,67.84,65.66,54.88,67.72
63.69,63.69,72.32,57.20,66.56
63.29,63.29,77.86,61.97,66.26
61.04,61.04,70.92,54.00,67.75
63.13,63.13,70.03,60.54,66.75
63.19,63.19,66.72,60.99,66.71
59.78,59.78,68.06,56.00,63.96
62.25,62.25,78.38,66.11,64.51
64.48,64.48,80.54,65.93,67.95
59.78,59.78,77.05,68.99,69.54
60.60,60.60,69.84,66.64,69.20
65.87,65.87,72.25,68.59,69.83
68.56,68.56,62.74,66.51,73.47
69.40,69.40,60.83,63.80,72.07
69.00,69.00,64.47,66.46,72.21
67.00,67.00,60.20,63.62,72.52
64.69,64.69,58.48,63.20,71.73
63.87,63.87,56.67,60.31,71.25
64.69,64.69,66.02,61.29,68.40
69.20,69.20,67.45,59.59,66.84
70.96,70.96,65.05,59.59,68.66
71.78,71.78,71.80,59.82,69.32
70.85,70.85,71.77,56.27,66.11
70.57,70.57,67.96,56.44,68.18
68.69,68.69,79.08,58.78,75.31
64.33,64.33,87.45,67.02,73.63
65.98,65.98,91.26,67.63,71.85
64.17,64.17,88.81,69.76,74.61
65.33,65.33,89.25,73.10,74.35
66.62,66.62,92.64,74.86,71.26
66.23,66.23,87.10,71.97,69.97
68.16,68.16,81.50,74.98,71.63
70.49,70.49,83.90,77.51,73.73
69.42,69.42,75.92,72.83,72.72
69.97,69.97,70.94,73.68,72.57
70.05,70.05,78.91,77.05,72.11
70.94,70.94,79.01,77.44,72.85
69.73,69.73,80.85,73.81,72.54
69.09,69.09,76.66,73.86,72.67
69.67,69.67,70.93,76.76,74.52
67.20,67.20,72.45,75.90,74.19
68.52,68.52,69.53,72.25,75.22
68.85,68.85,63.98,72.62,73.71
69.06,69.06,59.62,71.71,73.44
66.70,66.70,60.81,67.12,71.90
68.90,68.90,65.03,66.33,70.52
66.19,66.19,66.64,66.54,70.53
67.28,67.28,57.64,67.10,71.03
67.65,67.65,55.37,62.65,70.66
63.51,63.51,52.23,63.09,71.49
66.60,66.60,57.08,64.06,71.57
65.35,65.35,47.02,63.78,70.80
72.91,72.91,54.10,65.56,70.66
73.03,73.03,52.08,64.65,70.22
71.83,71.83,47.48,67.15,71.41
68.75,68.75,51.92,60.88,72.68
68.72,68.72,42.64,66.82,72.11
67.89,67.89,49.82,62.74,71.76
67.39,67.39,54.29,64.78,69.67
72.14,72.14,49.85,63.61,70.62
73.21,73.21,51.34,63.85,70.41
73.24,73.24,52.19,63.62,71.90
70.54,70.54,49.44,62.98,71.80
70.14,70.14,45.22,66.69,68.88
72.03,72.03,51.30,62.44,69.52
69.29,69.29,57.89,67.80,69.54
69.42,69.42,57.44,64.80,69.67
68.98,68.98,55.08,65.06,72.44
69.05,69.05,49.70,62.84,73.07
66.52,66.52,45.70,65.43,70.01
66.16,66.16,42.43,65.02,70.58
66.54,66.54,39.01,62.15,70.74
67.84,67.84,37.64,66.17,70.78
69.09,69.09,41.13,64.77,70.38
65.90,65.90,37.44,66.11,68.88
66.92,66.92,38.51,63.52,68.87
67.40,67.40,36.38,65.25,70.86
66.60,66.60,35.67,63.78,71.00
68.04,68.04,32.23,64.10,70.14
68.38,68.38,34.06,64.98,70.62
65.76,65.76,36.45,62.47,70.66
69.36,69.36,32.68,65.34,71.74
67.92,67.92,37.60,58.07,72.71
64.01,64.01,56.19,58.62,70.93
63.63,63.63,68.46,64.55,69.57
60.61,60.61,74.72,56.39,68.70
63.26,63.26,82.50,57.50,68.49
63.95,63.95,85.37,60.50,67.84
67.66,67.66,88.11,66.08,67.57
68.80,68.80,80.33,69.12,70.08
66.79,66.79,76.22,66.69,71.65
64.81,64.81,75.09,69.11,71.05
66.12,66.12,67.61,68.37,71.81
68.09,68.09,63.43,66.73,71.29
69.12,69.12,69.24,69.98,71.09
69.09,69.09,62.96,69.00,72.13
67.17,67.17,55.35,68.05,72.94
67.50,67.50,59.04,66.71,72.89
71.97,71.97,61.18,66.69,71.81
72.19,72.19,54.13,67.15,71.00
70.77,70.77,43.96,66.68,70.12
71.03,71.03,50.70,70.12,70.98
70.32,70.32,51.24,69.63,70.00
67.14,67.14,44.60,67.16,68.84
68.24,68.24,51.76,68.56,68.77
71.08,71.08,56.98,67.17,68.37
72.83,72.83,52.53,68.16,69.89
77.82,77.82,51.01,68.75,69.87
80.30,80.30,48.22,69.31,68.53
80.77,80.77,52.65,68.80,68.48
81.51,81.51,49.01,64.70,69.50
81.23,81.23,54.86,68.23,68.59
81.56,81.56,49.61,68.59,69.19
81.24,81.24,59.49,68.27,67.96
80.76,80.76,62.41,64.71,67.70
79.09,79.09,65.80,62.82,67.73
77.62,77.62,69.32,66.36,68.48
75.05,75.05,67.82,66.29,68.28
76.55,76.55,57.83,55.69,68.03
72.50,72.50,59.83,54.53,67.43
68.70,68.70,61.58,48.82,68.86
69.23,69.23,65.17,44.79,69.51
69.86,69.86,62.17,48.05,68.32
69.98,69.98,84.94,59.97,67.31
66.67,66.67,90.05,57.15,65.26
67.32,67.32,94.96,54.80,67.78
67.58,67.58,89.49,59.48,68.69
66.56,66.56,89.65,62.52,66.29
69.47,69.47,90.81,62.33,65.55
72.80,72.80,92.61,62.00,64.99
74.11,74.11,86.85,63.79,66.84
73.72,73.72,79.88,66.26,67.67
74.82,74.82,78.54,66.76,68.65
77.03,77.03,77.99,64.90,67.76
75.31,75.31,77.38,64.56,68.45
76.49,76.49,68.86,65.87,68.45
73.68,73.68,67.20,65.59,67.30
73.96,73.96,70.87,64.57,68.41
71.06,71.06,71.60,61.74,70.95
69.68,69.68,70.78,64.85,67.89
70.06,70.06,67.70,65.35,67.43
70.36,70.36,62.34,64.70,66.24
71.08,71.08,64.27,61.54,66.02
71.10,71.10,64.44,56.94,64.54
74.24,74.24,86.54,58.70,66.01
72.30,72.30,92.68,59.62,68.17
70.50,70.50,92.89,57.51,70.34
62.69,62.69,90.14,60.96,68.47
61.51,61.51,92.82,62.50,69.65
65.34,65.34,90.39,62.68,68.17
71.28,71.28,91.72,62.32,65.68
80.19,80.19,85.15,64.83,65.71
80.24,80.24,73.00,65.10,66.04
78.63,78.63,76.96,65.99,65.95
79.87,79.87,77.44,66.83,67.62
79.22,79.22,79.84,66.53,68.04
77.91,77.91,75.19,64.08,67.47
77.86,77.86,68.37,65.50,66.15
78.41,78.41,58.82,65.20,65.81
77.48,77.48,64.11,66.17,66.54
77.60,77.60,60.53,65.27,66.16
77.21,77.21,59.89,58.69,64.94
76.67,76.67,54.27,53.72,66.43
70.78,70.78,67.15,51.61,66.40
67.72,67.72,67.43,54.39,66.48
67.04,67.04,59.79,66.16,67.53
68.89,68.89,54.42,68.86,65.94
72.78,72.78,43.97,69.39,65.24
72.40,72.40,60.00,68.90,65.06
70.07,70.07,59.78,67.86,65.55
68.50,68.50,58.90,66.37,66.79
66.33,66.33,49.61,68.18,67.36
67.53,67.53,56.72,65.80,68.08
64.95,64.95,57.71,68.71,66.69
63.06,63.06,54.08,65.66,68.00
62.39,62.39,54.28,67.74,66.24
64.41,64.41,50.51,64.75,66.53
69.83,69.83,59.55,65.28,65.79
73.46,73.46,56.72,61.18,67.79
76.65,76.65,47.73,50.32,65.13
79.03,79.03,49.87,48.48,64.48
79.11,79.11,56.05,48.85,64.05
78.11,78.11,54.75,56.22,66.26
76.76,76.76,58.95,67.26,68.12
75.85,75.85,59.13,66.30,69.24
73.50,73.50,55.78,69.06,68.33
74.85,74.85,50.18,68.98,66.35
75.60,75.60,48.04,66.06,68.04
71.24,71.24,51.91,65.90,69.20
70.44,70.44,47.40,67.71,69.51
70.83,70.83,46.76,70.10,69.61
70.30,70.30,47.98,67.03,68.04
72.86,72.86,45.34,66.48,68.09
71.57,71.57,50.26,66.20,68.09
63.12,63.12,52.07,64.49,67.80
66.33,66.33,49.81,65.65,68.14
61.67,61.67,48.46,65.20,67.23
61.12,61.12,39.70,66.18,67.44
60.66,60.66,37.93,66.84,67.75
59.27,59.27,40.96,61.60,66.62
58.76,58.76,50.41,58.29,67.05
63.73,63.73,58.07,54.31,65.87
56.89,56.89,64.79,52.68,63.04
46.02,46.02,81.11,57.91,62.70
49.80,49.80,84.58,61.33,60.65
58.63,58.63,86.87,60.00,63.45
55.01,55.01,87.08,58.51,63.24
57.79,57.79,76.71,59.18,65.71
55.49,55.49,72.48,59.11,66.68
53.64,53.64,72.50,57.70,66.14
54.00,54.00,60.92,57.80,65.79
53.25,53.25,68.17,59.45,66.32
57.63,57.63,66.50,58.69,66.43
54.37,54.37,71.50,57.71,67.09
58.20,58.20,71.20,58.74,68.76
60.20,60.20,69.31,59.68,68.39
58.84,58.84,64.00,59.91,67.25
54.66,54.66,62.50,61.72,69.39
53.83,53.83,63.39,61.69,69.11
54.12,54.12,57.45,61.20,68.20
53.75,53.75,64.21,57.86,68.50
58.36,58.36,78.99,49.54,69.81
58.29,58.29,90.04,55.16,69.20
60.64,60.64,94.17,60.34,64.54
74.15,74.15,91.22,60.38,65.10
80.16,80.16,90.99,57.66,62.90
81.78,81.78,90.22,58.98,62.26
82.22,82.22,90.92,60.90,61.98
79.89,79.89,87.46,63.14,62.95
82.06,82.06,86.29,64.42,65.56
82.33,82.33,72.68,64.06,67.34
80.81,80.81,79.28,63.06,66.94
80.05,80.05,80.14,60.81,67.95
77.82,77.82,75.87,58.85,65.99
77.90,77.90,74.32,57.92,66.53
74.73,74.73,67.62,60.35,65.80
69.32,69.32,58.91,62.67,65.02
67.25,67.25,58.53,63.16,65.15
65.23,65.23,58.06,64.15,65.94
62.92,62.92,55.81,63.15,66.95
65.01,65.01,57.98,61.82,65.06
64.17,64.17,83.75,60.54,66.70
61.84,61.84,89.03,55.99,64.09
61.25,61.25,94.82,51.46,61.53
63.42,63.42,92.63,51.99,63.40
68.26,68.26,92.58,51.66,63.53
79.10,79.10,86.48,48.07,62.94
77.06,77.06,87.95,44.38,62.10
74.76,74.76,80.81,40.78,62.51
74.79,74.79,81.00,44.42,62.45
74.66,74.66,82.12,37.85,63.34
73.81,73.81,78.43,44.10,64.10
74.15,74.15,82.69,44.79,62.37
74.09,74.09,79.99,45.45,64.78
75.03,75.03,72.72,41.89,66.33
76.18,76.18,69.23,45.07,67.19
70.83,70.83,63.62,49.24,68.74
66.92,66.92,59.21,49.63,68.84
66.03,66.03,64.38,49.53,70.45
62.26,62.26,63.82,47.09,69.15
61.18,61.18,64.23,53.31,68.13
64.51,64.51,77.29,58.44,69.28
60.37,60.37,90.00,66.23,66.78
60.51,60.51,90.83,66.01,65.60
64.26,64.26,92.66,65.95,66.02
73.13,73.13,92.27,65.36,64.26
81.48,81.48,88.77,69.02,64.93
79.62,79.62,91.37,66.68,63.29
78.59,78.59,90.26,66.87,66.01
81.66,81.66,85.31,68.83,66.43
81.52,81.52,73.23,68.22,68.51
79.43,79.43,82.60,70.38,67.45
79.53,79.53,78.05,65.37,66.48
79.29,79.29,79.32,69.75,65.54
77.47,77.47,73.30,66.11,65.61
76.27,76.27,68.77,68.40,64.49
76.33,76.33,57.39,64.14,65.18
71.82,71.82,64.67,65.40,66.02
65.69,65.69,57.81,65.54,65.69
66.69,66.69,63.86,66.61,66.64
64.27,64.27,62.97,68.45,65.77
66.23,66.23,70.30,66.10,65.99
61.35,61.35,65.08,68.96,65.52
64.67,64.67,64.35,65.57,66.61
63.33,63.33,57.88,67.41,65.58
58.56,58.56,55.22,63.79,65.67
61.38,61.38,59.10,66.44,67.98
62.17,62.17,66.26,66.09,65.83
67.55,67.55,65.24,65.05,66.25
70.97,70.97,64.31,65.77,64.46
71.74,71.74,59.29,65.28,63.10
71.26,71.26,47.09,66.38,65.25
70.82,70.82,54.51,64.31,63.84
69.07,69.07,58.26,68.47,65.09
68.63,68.63,57.86,62.44,66.08
75.48,75.48,59.08,65.33,67.30
77.94,77.94,56.53,62.22,66.81
79.07,79.07,57.18,63.46,64.31
79.11,79.11,56.52,63.15,62.04
78.29,78.29,54.40,65.31,62.35
77.32,77.32,49.87,68.14,64.24
75.79,75.79,49.76,66.72,63.71
74.52,74.52,49.21,68.69,64.83
75.19,75.19,54.36,65.79,65.00
73.83,73.83,62.09,69.91,66.43
68.69,68.69,64.13,66.05,64.00
65.80,65.80,62.63,68.55,66.59
69.72,69.72,62.77,66.59,65.26
65.94,65.94,61.72,66.20,64.00
62.33,62.33,59.23,64.64,64.41
66.27,66.27,59.27,60.35,64.75
67.15,67.15,58.67,66.15,65.44
68.24,68.24,58.95,61.16,63.22
69.67,69.67,58.43,68.05,63.99
69.13,69.13,58.81,65.50,61.88
63.25,63.25,57.52,69.23,63.03
59.11,59.11,56.31,68.30,61.08
54.99,54.99,55.66,67.48,62.14
63.69,63.69,54.05,65.71,62.27
63.84,63.84,55.09,62.41,63.54
60.00,60.00,53.52,65.99,63.08
56.18,56.18,55.11,65.05,64.88
50.53,50.53,57.52,63.26,62.25
41.41,41.41,67.31,59.51,60.17
42.31,42.31,69.33,53.02,57.53
43.60,43.60,84.10,59.48,55.99
36.39,36.39,83.73,63.47,57.79
45.00,45.00,84.51,63.98,59.39
41.03,41.03,74.91,61.73,60.16
41.91,41.91,68.21,60.71,58.43
42.76,42.76,66.83,66.61,62.12
41.93,41.93,61.97,65.32,63.63
41.43,41.43,61.47,61.71,62.24
42.95,42.95,61.58,63.40,63.52
42.49,42.49,58.28,67.21,62.21
40.47,40.47,51.08,69.72,62.45
44.66,44.66,57.28,69.35,64.16
43.32,43.32,53.03,66.56,62.74
43.69,43.69,50.74,66.87,60.95
42.98,42.98,50.90,64.26,61.32
42.91,42.91,45.33,67.80,59.78
44.78,44.78,44.84,66.24,63.45
45.39,45.39,43.30,68.00,61.87
51.72,51.72,41.50,67.23,62.64
60.10,60.10,44.48,67.05,60.87
81.07,81.07,50.86,66.22,58.82
82.81,82.81,46.54,64.92,58.82
81.01,81.01,45.28,66.44,59.36
82.26,82.26,44.81,66.02,57.81
81.20,81.20,47.44,67.39,58.67
80.45,80.45,43.72,67.88,60.43
80.31,80.31,37.84,65.42,59.09
81.96,81.96,37.66,67.12,59.28
82.72,82.72,39.29,64.43,61.04
81.40,81.40,38.50,61.79,61.63
80.74,80.74,43.56,54.70,61.11
77.10,77.10,40.31,49.05,58.53
75.35,75.35,33.97,44.93,55.38
78.18,78.18,34.83,50.51,54.19
70.18,70.18,36.09,65.88,57.15
66.44,66.44,48.55,68.68,57.43
64.85,64.85,50.45,68.26,57.84
66.08,66.08,54.92,70.16,57.15
63.94,63.94,59.34,68.69,60.08
66.50,66.50,59.56,69.54,59.64
66.30,66.30,57.93,67.72,58.50
72.64,72.64,49.95,67.83,58.44
78.84,78.84,47.42,67.01,58.10
81.27,81.27,54.90,67.93,59.49
79.54,79.54,54.10,67.35,60.68
78.90,78.90,58.27,67.37,58.82
76.76,76.76,64.62,67.72,59.50
75.55,75.55,70.95,66.31,57.78
72.99,72.99,74.94,66.80,57.05
67.71,67.71,73.99,67.32,58.70
70.67,70.67,70.39,67.66,60.15
67.33,67.33,65.68,65.77,60.45
69.11,69.11,64.72,66.23,60.57
68.16,68.16,67.46,65.95,60.63
65.15,65.15,66.90,63.83,61.36
60.91,60.91,65.75,63.21,61.74
58.93,58.93,86.45,61.88,61.58
55.11,55.11,92.86,62.99,62.41
56.58,56.58,93.72,63.78,63.08
54.52,54.52,89.38,66.87,64.66
58.86,58.86,92.20,66.56,64.43
61.44,61.44,92.04,64.08,65.56
75.53,75.53,92.06,62.09,64.73
80.69,80.69,85.99,63.05,65.26
78.62,78.62,77.69,64.12,65.92
81.25,81.25,78.86,63.81,65.52
80.89,80.89,79.89,62.67,64.98
79.16,79.16,82.71,63.92,66.89
77.73,77.73,74.79,58.74,64.75
76.36,76.36,68.63,55.77,64.47
76.33,76.33,62.15,52.13,65.27
76.63,76.63,69.58,45.26,63.81
77.64,77.64,66.91,45.67,64.13
74.92,74.92,70.05,50.23,64.83
67.51,67.51,71.01,44.53,64.87
66.22,66.22,65.27,48.83,64.43
62.12,62.12,62.82,62.35,66.27
58.23,58.23,63.20,65.84,67.60
59.22,59.22,64.54,67.56,66.14
60.25,60.25,62.74,66.46,67.94
58.12,58.12,64.49,66.65,67.59
57.46,57.46,63.31,64.90,66.61
60.88,60.88,66.66,62.34,67.52
60.55,60.55,65.20,62.07,67.13
71.39,71.39,63.68,59.19,67.27
78.02,78.02,61.86,54.11,65.84
76.84,76.84,57.47,58.14,65.42
76.33,76.33,58.01,60.89,66.32
75.56,75.56,58.41,64.25,65.99
74.91,74.91,57.52,57.97,63.98
75.13,75.13,51.90,55.45,63.72
75.97,75.97,49.54,52.84,64.03
76.78,76.78,44.36,51.88,63.94
77.92,77.92,54.35,55.01,63.13
76.95,76.95,58.67,56.60,64.22
76.22,76.22,56.98,66.39,65.00
68.30,68.30,59.32,67.17,63.92
60.64,60.64,59.16,67.05,64.25
63.00,63.00,58.23,65.42,62.76
58.49,58.49,59.22,66.03,62.18
63.46,63.46,56.27,65.17,61.74
72.34,72.34,51.15,67.30,61.06
75.22,75.22,47.70,67.44,61.24
75.31,75.31,36.47,65.89,62.96
74.94,74.94,37.56,65.44,63.30
74.55,74.55,34.14,66.10,64.26
73.48,73.48,38.56,65.96,63.27
72.46,72.46,39.09,65.73,62.21
70.97,70.97,45.22,65.56,63.87
71.00,71.00,56.83,64.50,64.92
72.04,72.04,59.64,61.24,63.60
67.73,67.73,58.70,56.81,62.05
61.97,61.97,57.07,47.42,58.67
55.26,55.26,57.21,48.06,58.04
52.24,52.24,58.57,47.68,57.87
49.40,49.40,66.70,55.72,54.67
64.98,64.98,84.63,59.90,56.51
67.45,67.45,85.99,61.36,56.17
68.92,68.92,86.29,59.50,57.65
79.04,79.04,82.51,60.93,59.10
81.94,81.94,70.77,65.20,61.02
82.32,82.32,69.62,68.95,62.88
82.92,82.92,67.16,67.77,63.79
82.77,82.77,66.35,66.88,63.02
83.01,83.01,62.41,67.89,60.33
81.47,81.47,66.93,66.72,59.44
82.63,82.63,62.16,63.22,59.12
79.81,79.81,66.18,60.00,58.22
79.36,79.36,66.82,57.74,59.12
76.41,76.41,60.60,56.87,59.66
75.52,75.52,52.35,56.05,56.77
74.03,74.03,57.78,55.00,57.11
73.36,73.36,52.92,50.49,56.72
75.43,75.43,55.78,47.06,59.62
74.71,74.71,66.13,45.33,60.11
73.40,73.40,89.35,48.01,59.91
72.48,72.48,93.73,50.70,57.31
74.32,74.32,90.18,56.50,56.84
74.80,74.80,88.21,62.42,58.19
73.74,73.74,90.26,58.47,58.03
73.66,73.66,92.04,59.04,57.41
75.05,75.05,89.65,59.48,59.52
74.87,74.87,80.05,60.97,59.68
76.41,76.41,82.34,59.32,59.90
80.14,80.14,81.66,57.71,61.72
77.80,77.80,78.68,53.91,59.96
77.50,77.50,69.01,52.93,58.36
76.95,76.95,68.67,57.07,59.76
75.17,75.17,83.96,60.95,60.13
76.12,76.12,78.89,61.84,60.80
75.38,75.38,76.73,61.03,61.07
73.70,73.70,70.53,60.69,59.88
76.12,76.12,61.88,60.28,61.72
74.86,74.86,68.46,61.97,60.47
74.61,74.61,80.89,66.21,59.07
73.28,73.28,87.54,65.36,62.71
73.24,73.24,80.15,66.61,62.38
74.49,74.49,81.21,69.24,61.85
73.96,73.96,74.76,69.61,60.09
73.94,73.94,75.28,68.23,58.71
76.49,76.49,77.36,61.11,59.21
77.10,77.10,65.52,60.69,59.41
77.48,77.48,68.77,64.07,58.02
76.77,76.77,62.06,65.72,58.85
76.88,76.88,68.76,61.58,56.26
75.69,75.69,72.88,61.37,57.51
71.79,71.79,77.18,60.41,58.66
72.09,72.09,73.26,59.20,58.68
71.78,71.78,70.87,63.14,60.07
70.99,70.99,73.46,60.95,62.22
69.22,69.22,69.89,60.42,64.81
70.50,70.50,72.02,58.86,66.32
68.85,68.85,70.22,49.72,66.27
67.46,67.46,74.07,42.55,66.46
68.64,68.64,85.50,47.09,67.84
66.52,66.52,88.58,60.98,69.90
62.96,62.96,93.49,65.61,64.53
69.03,69.03,89.87,66.58,66.89
72.38,72.38,90.37,71.31,62.02
72.73,72.73,92.96,72.28,59.41
80.42,80.42,89.86,71.44,59.92
79.57,79.57,90.13,71.03,57.79
79.36,79.36,81.66,71.70,57.67
80.64,80.64,86.62,71.93,59.84
79.64,79.64,85.74,72.27,57.92
79.53,79.53,84.70,72.18,62.10
79.54,79.54,80.24,71.73,61.21
79.16,79.16,73.63,72.81,65.72
79.17,79.17,68.21,71.64,66.19
80.81,80.81,65.15,71.74,64.45
80.76,80.76,69.99,71.97,62.34
80.97,80.97,70.42,72.49,63.68
77.82,77.82,61.26,73.86,61.38
77.29,77.29,60.01,72.55,61.80
74.71,74.71,58.58,72.43,63.35
73.88,73.88,57.15,72.09,60.89
74.42,74.42,59.44,72.69,63.90
75.93,75.93,57.59,72.73,64.08
71.21,71.21,58.92,72.82,62.83
65.57,65.57,59.78,72.69,62.58
64.96,64.96,59.36,73.33,61.26
68.45,68.45,55.12,71.76,61.38
69.85,69.85,52.96,70.39,57.55
70.95,70.95,47.69,70.03,57.31
71.70,71.70,41.73,69.71,59.74
71.60,71.60,44.09,69.87,57.80
70.58,70.58,48.56,70.50,61.03
68.53,68.53,45.95,71.46,60.95
69.92,69.92,38.97,71.85,62.24
72.67,72.67,41.18,71.97,63.11
76.32,76.32,41.72,71.75,62.10
76.72,76.72,40.87,71.05,62.50
75.46,75.46,38.68,71.14,60.56
74.09,74.09,37.44,71.12,59.54
75.39,75.39,40.24,70.55,56.84
74.55,74.55,44.77,70.70,59.75
73.94,73.94,52.23,70.65,58.65
72.92,72.92,57.57,69.66,58.83
72.37,72.37,55.20,69.40,59.43
70.59,70.59,51.89,67.70,59.36
72.38,72.38,49.60,70.24,58.46
74.12,74.12,46.39,69.94,59.67
72.21,72.21,44.70,70.43,58.66
70.86,70.86,43.95,70.16,57.84
71.00,71.00,42.48,69.68,60.55
65.79,65.79,41.99,68.57,61.00
66.41,66.41,38.07,71.09,62.18
72.10,72.10,39.48,68.94,64.89
72.80,72.80,40.54,68.77,67.49
73.65,73.65,41.27,69.43,68.07
71.76,71.76,42.87,66.75,65.36
68.89,68.89,41.14,70.18,62.58
71.32,71.32,41.92,69.58,62.04
66.58,66.58,41.32,69.56,63.90
63.84,63.84,45.26,71.13,62.17
62.45,62.45,56.33,70.41,56.93
59.90,59.90,62.38,63.96,53.28
59.84,59.84,79.01,58.95,55.45
59.90,59.90,85.13,59.46,57.15
58.06,58.06,86.42,61.44,61.29
63.17,63.17,85.74,64.48,65.58
59.50,59.50,79.06,63.02,65.23
64.05,64.05,67.67,61.25,64.91
69.63,69.63,65.66,60.55,62.61
67.23,67.23,62.32,59.33,65.07
68.01,68.01,62.26,59.12,65.57
69.06,69.06,64.48,61.51,68.27
65.95,65.95,64.55,64.77,70.10
67.18,67.18,56.53,62.96,69.33
69.09,69.09,50.68,61.89,65.81
64.66,64.66,51.67,65.74,62.45
60.41,60.41,49.62,66.58,61.55
62.43,62.43,46.58,66.19,61.29
60.05,60.05,47.93,63.88,61.36
64.79,64.79,47.00,62.44,65.63
66.48,66.48,45.55,62.06,62.52
63.67,63.67,43.81,65.59,62.51
62.65,62.65,48.82,64.31,64.63
61.68,61.68,49.14,64.50,62.25
62.58,62.58,49.58,62.52,62.49
64.97,64.97,47.63,65.24,62.32
74.76,74.76,45.31,65.91,59.31
80.27,80.27,50.89,64.42,58.90
80.92,80.92,53.79,66.42,59.11
79.81,79.81,54.35,65.64,60.63
80.82,80.82,54.55,65.32,60.34
81.30,81.30,63.41,63.52,59.50
82.39,82.39,66.22,63.39,60.27
81.88,81.88,63.46,62.93,60.44
83.30,83.30,61.45,64.89,58.53
81.06,81.06,53.20,55.05,56.20
79.57,79.57,38.92,67.68,58.67
81.58,81.58,59.45,73.35,57.27
81.72,81.72,64.43,71.96,53.17
81.70,81.70,64.52,66.53,54.55
81.45,81.45,75.74,66.49,55.58
76.85,76.85,92.17,69.80,54.24
73.89,73.89,92.76,68.99,56.25
72.39,72.39,91.96,67.02,52.15
67.19,67.19,91.80,67.65,54.75
73.39,73.39,91.08,65.67,53.12
76.36,76.36,91.35,66.35,55.24
75.16,75.16,89.81,68.94,57.24
78.76,78.76,84.58,70.48,56.67
79.17,79.17,73.45,70.17,57.28
77.88,77.88,81.46,68.43,61.35
77.33,77.33,79.99,68.01,59.24
78.68,78.68,71.24,69.63,60.49
77.79,77.79,69.03,69.23,63.34
73.64,73.64,66.74,69.03,57.89
71.38,71.38,65.01,69.09,54.21
66.16,66.16,64.37,68.28,54.10
66.93,66.93,65.45,68.65,58.08
64.88,64.88,64.86,66.97,58.37
66.10,66.10,65.91,65.79,58.31
66.07,66.07,74.13,62.77,58.83
65.27,65.27,91.56,63.21,59.14
62.23,62.23,91.77,57.89,57.12
60.41,60.41,92.60,63.54,64.87
61.77,61.77,93.51,65.42,64.65
67.55,67.55,89.79,64.76,67.70
77.62,77.62,91.45,62.16,66.37
80.83,80.83,89.76,65.55,66.00
80.17,80.17,85.00,64.99,66.44
78.82,78.82,70.13,65.04,67.12
79.79,79.79,82.84,65.27,67.07
79.93,79.93,79.70,64.69,67.58
79.52,79.52,72.85,66.14,67.87
79.45,79.45,68.70,68.32,69.95
77.60,77.60,55.00,68.25,68.15
76.03,76.03,61.69,65.62,67.38
75.44,75.44,58.14,65.23,66.30
75.37,75.37,56.21,59.40,64.90
76.02,76.02,65.77,49.94,65.11
67.03,67.03,66.12,47.82,65.71
64.81,64.81,67.90,49.33,65.20
63.35,63.35,64.33,63.82,66.23
63.37,63.37,66.59,64.33,67.46
59.95,59.95,57.18,62.77,68.48
60.63,60.63,60.14,65.56,69.64
60.01,60.01,63.37,65.08,69.29
60.23,60.23,65.07,63.41,68.26
62.31,62.31,65.49,62.69,68.56
63.67,63.67,66.61,65.55,66.92
68.93,68.93,72.92,64.68,68.45
70.17,70.17,76.91,62.50,68.16
71.19,71.19,77.26,66.12,67.54
73.28,73.28,73.89,65.53,67.04
72.78,72.78,69.10,63.69,66.45
70.10,70.10,66.14,63.46,65.33
68.50,68.50,62.81,66.29,65.59
67.37,67.37,61.73,60.11,66.78
72.48,72.48,57.38,51.94,65.73
76.74,76.74,60.85,40.52,67.04
76.00,76.00,63.92,53.81,66.17
72.44,72.44,90.56,58.24,64.40
68.30,68.30,93.13,58.03,63.20
71.01,71.01,91.10,60.69,63.49
68.36,68.36,92.67,61.51,62.73
71.13,71.13,90.97,61.79,65.45
71.09,71.09,93.27,61.21,65.99
68.51,68.51,90.28,59.92,64.92
72.16,72.16,84.97,63.54,66.31
72.94,72.94,69.20,64.96,66.08
72.40,72.40,81.07,65.78,65.36
72.48,72.48,77.89,64.04,65.85
72.04,72.04,79.48,65.52,65.49
73.11,73.11,65.69,64.46,64.89
73.30,73.30,68.59,66.71,65.70
71.04,71.04,65.62,64.90,64.62
70.63,70.63,63.09,59.92,64.35
71.10,71.10,63.90,51.38,63.25
70.76,70.76,68.50,44.37,61.96
68.54,68.54,68.80,48.68,59.35
65.93,65.93,76.03,54.12,55.28
72.07,72.07,84.12,61.02,56.12
75.53,75.53,83.61,64.13,57.50
79.32,79.32,81.62,62.80,57.53
75.25,75.25,75.07,65.61,62.81
77.19,77.19,67.80,66.39,63.83
76.82,76.82,70.28,67.41,62.09
77.58,77.58,68.46,66.65,61.60
76.38,76.38,61.07,64.84,60.36
76.23,76.23,55.00,64.57,60.60
76.70,76.70,62.41,66.31,61.41
75.81,75.81,62.35,65.98,60.45
74.80,74.80,55.15,55.05,61.90
75.95,75.95,54.19,54.21,60.13
75.39,75.39,48.85,51.01,61.19
74.46,74.46,51.12,50.24,61.66
74.85,74.85,49.49,47.73,60.92
74.57,74.57,51.96,42.87,59.93
74.30,74.30,51.45,45.04,61.25
74.83,74.83,51.28,49.57,62.81
73.22,73.22,59.12,54.54,64.09
75.20,75.20,59.39,69.08,64.07
75.54,75.54,57.37,66.00,61.41
73.58,73.58,54.52,68.07,61.70
72.81,72.81,46.65,65.96,60.90
68.27,68.27,38.73,68.49,60.80
71.41,71.41,32.79,67.42,62.08
71.27,71.27,33.19,67.46,60.42
74.29,74.29,34.34,66.30,62.18
75.44,75.44,30.43,65.57,62.06
70.99,70.99,33.48,66.54,62.56
73.02,73.02,32.92,63.99,63.55
69.34,69.34,34.03,66.25,63.16
73.11,73.11,35.96,66.08,65.03
72.79,72.79,38.01,60.31,65.21
73.86,73.86,37.96,52.59,62.48
73.19,73.19,40.35,60.62,61.06
72.68,72.68,49.76,56.24,62.90
71.81,71.81,53.66,59.25,62.20
70.02,70.02,60.83,73.02,63.16
71.42,71.42,55.64,74.98,61.83
69.17,69.17,54.90,70.90,59.67
68.40,68.40,55.18,69.96,63.08
70.37,70.37,54.66,70.62,62.80
68.27,68.27,53.81,72.02,64.43
65.67,65.67,55.94,72.07,64.33
65.44,65.44,63.08,70.99,64.29
66.30,66.30,67.16,68.39,63.42
65.80,65.80,70.16,69.59,63.28
68.54,68.54,72.01,68.87,62.72
65.70,65.70,73.09,65.00,61.59
67.28,67.28,72.02,65.24,63.17
67.24,67.24,70.12,53.43,63.13
66.19,66.19,67.84,51.74,62.40
63.84,63.84,67.93,55.23,61.75
69.08,69.08,68.32,56.00,60.69
65.35,65.35,68.42,48.00,60.40
65.28,65.28,68.93,42.45,60.32
65.82,65.82,82.53,52.44,62.96
63.80,63.80,90.27,58.05,59.43
57.76,57.76,94.91,61.33,61.54
62.43,62.43,91.56,68.29,63.70
65.16,65.16,92.19,67.68,63.78
60.82,60.82,91.07,68.36,63.71
63.15,63.15,91.39,65.26,64.02
63.85,63.85,88.81,63.46,64.28
64.72,64.72,80.45,68.65,65.76
59.89,59.89,71.81,70.74,64.73
61.20,61.20,81.98,70.54,64.97
63.65,63.65,81.91,70.48,64.93
62.60,62.60,71.99,70.09,65.66
61.58,61.58,60.11,70.45,64.48
62.21,62.21,62.33,71.06,65.18
62.86,62.86,62.92,72.01,64.54
62.10,62.10,64.12,72.38,63.38
59.99,59.99,56.35,71.69,62.06
63.91,63.91,62.78,72.05,65.17
60.63,60.63,68.05,71.68,64.65
62.34,62.34,67.71,70.84,65.20
65.03,65.03,66.97,70.99,64.35
66.99,66.99,61.30,70.39,64.85
69.29,69.29,53.43,69.76,63.87
69.79,69.79,53.40,71.13,65.75
66.99,66.99,56.95,72.01,63.36
63.45,63.45,58.57,71.35,64.69
63.31,63.31,60.01,69.89,64.99
65.19,65.19,60.46,68.89,63.75
65.21,65.21,58.01,68.56,62.85
64.39,64.39,54.90,69.42,65.24
64.35,64.35,54.17,71.52,65.42
64.60,64.60,53.13,72.21,65.54
62.77,62.77,55.43,72.83,66.99
61.68,61.68,53.89,70.93,65.89
61.58,61.58,50.25,69.89,66.89
63.55,63.55,43.32,68.69,66.66
64.34,64.34,43.55,68.85,66.27
60.28,60.28,45.56,71.80,65.24
55.55,55.55,49.80,71.85,65.04
52.95,52.95,53.56,72.07,63.86
56.32,56.32,50.24,72.61,66.02
56.33,56.33,46.01,71.54,66.95
59.72,59.72,46.59,70.99,67.40
58.79,58.79,47.10,70.51,64.95
57.35,57.35,45.53,69.92,66.10
55.45,55.45,40.30,69.67,66.74
56.97,56.97,36.69,68.86,65.96
56.35,56.35,36.04,68.57,65.76
54.54,54.54,37.77,68.76,65.38
55.95,55.95,40.49,69.56,65.97
57.11,57.11,38.14,68.99,64.87
56.14,56.14,42.96,69.90,65.02
54.69,54.69,47.10,69.90,65.55
59.19,59.19,44.90,69.91,65.17
56.73,56.73,41.46,70.17,65.85
54.23,54.23,42.47,69.36,63.82
48.79,48.79,55.44,69.60,62.98
31.60,31.60,61.10,67.62,58.46
10.01,10.01,78.29,68.16,56.69
15.87,15.87,84.35,63.62,57.41
18.33,18.33,84.11,69.23,58.71
30.55,30.55,80.75,71.18,63.77
39.25,39.25,72.27,65.73,64.54
49.87,49.87,66.49,67.17,64.90
41.95,41.95,60.96,66.90,65.68
29.14,29.14,55.92,68.13,64.71
30.72,30.72,50.96,69.02,64.39
27.47,27.47,51.47,71.29,64.55
29.78,29.78,47.02,72.93,66.18
24.31,24.31,47.88,72.18,65.85
24.69,24.69,42.51,71.97,64.80
24.41,24.41,48.37,70.64,64.80
26.60,26.60,46.99,69.64,64.89
29.41,29.41,45.97,66.64,64.42
29.49,29.49,42.61,68.80,64.85
28.83,28.83,41.84,68.79,64.41
23.77,23.77,43.23,68.66,63.33
20.19,20.19,49.79,66.84,65.55
16.70,16.70,55.75,67.55,66.80
16.29,16.29,54.11,68.02,64.34
20.62,20.62,49.10,67.78,63.80
23.18,23.18,46.27,66.92,66.08
26.08,26.08,44.40,66.52,63.95
25.38,25.38,41.91,65.76,63.75
22.81,22.81,39.17,67.16,64.14
22.62,22.62,36.85,65.50,64.12
21.91,21.91,36.03,64.70,62.46
20.32,20.32,38.60,66.26,62.83
19.76,19.76,40.01,67.92,64.06
19.84,19.84,36.21,66.29,63.38
19.58,19.58,37.21,64.58,62.12
22.77,22.77,39.53,64.49,64.12
23.86,23.86,45.02,67.18,64.39
26.13,26.13,43.24,65.63,63.84
26.22,26.22,38.04,65.06,64.28
23.46,23.46,42.65,62.08,64.54
21.29,21.29,49.63,66.09,63.45
17.44,17.44,55.14,70.91,60.15
22.78,22.78,60.67,70.26,62.22
24.46,24.46,58.10,73.39,62.39
25.44,25.44,52.37,69.13,62.20
25.80,25.80,49.20,68.61,62.65
25.84,25.84,46.76,70.04,61.92
24.49,24.49,47.98,70.27,61.96
23.73,23.73,52.76,69.25,62.00
25.44,25.44,58.17,71.19,62.09
23.50,23.50,61.43,71.83,61.22
27.01,27.01,65.42,72.77,61.28
28.11,28.11,67.32,71.56,62.43
27.67,27.67,68.00,69.28,61.76
26.39,26.39,65.59,70.09,61.43
25.94,25.94,54.88,71.80,63.14
28.39,28.39,70.85,68.50,63.36
24.60,24.60,74.43,68.42,62.44
19.67,19.67,74.35,65.57,60.84
16.12,16.12,66.92,61.48,59.60
14.51,14.51,87.52,60.57,62.10
22.68,22.68,92.43,58.31,59.17
23.86,23.86,94.47,52.31,62.31
27.04,27.04,90.41,56.17,69.90
29.36,29.36,92.26,60.16,69.34
29.09,29.09,91.90,56.73,70.05
28.48,28.48,92.55,53.13,70.55
27.80,27.80,85.95,62.10,72.08
24.60,24.60,75.38,60.75,71.26
22.65,22.65,79.57,54.74,73.75
23.82,23.82,78.40,49.18,74.60
22.30,22.30,82.52,44.84,73.61
22.71,22.71,74.29,48.54,73.38
21.62,21.62,70.18,47.55,71.44
21.44,21.44,62.46,47.11,70.81
22.27,22.27,64.91,46.64,70.83
21.55,21.55,59.61,45.19,70.61
18.42,18.42,64.93,37.68,71.08
17.59,17.59,64.44,39.09,71.11
16.44,16.44,83.38,48.92,70.23
13.89,13.89,89.74,54.29,69.96
14.71,14.71,84.72,61.18,70.79
13.50,13.50,82.36,67.55,70.19
15.68,15.68,75.90,65.96,70.43
20.65,20.65,73.00,66.15,70.08
21.81,21.81,76.15,67.46,68.70
20.54,20.54,77.41,61.69,69.89
24.14,24.14,71.15,63.12,71.64
25.83,25.83,69.95,63.64,71.70
18.27,18.27,71.73,64.11,71.90
19.17,19.17,70.38,62.60,70.59
20.30,20.30,56.96,63.25,70.44
22.65,22.65,69.91,64.37,70.62
26.62,26.62,75.86,64.50,69.74
27.11,27.11,73.46,60.97,68.41
23.51,23.51,67.15,58.82,69.79
20.85,20.85,60.58,51.84,69.51
20.67,20.67,69.25,45.79,67.96
16.02,16.02,72.37,50.30,68.57
10.15,10.15,68.64,60.23,68.84
11.19,11.19,86.38,62.28,67.93
11.36,11.36,89.96,60.51,65.23
14.07,14.07,95.54,59.44,66.21
18.38,18.38,89.06,58.74,67.53
19.53,19.53,91.72,62.58,68.46
21.49,21.49,91.04,61.96,68.41
19.19,19.19,91.72,61.05,66.92
18.82,18.82,88.06,61.86,68.40
19.62,19.62,79.49,65.07,68.46
17.11,17.11,75.00,66.23,68.44
22.25,22.25,81.23,65.08,67.41
23.04,23.04,81.45,63.72,68.31
21.54,21.54,76.70,64.07,68.40
20.00,20.00,69.01,61.28,68.34
21.67,21.67,63.69,53.23,66.52
21.08,21.08,65.44,47.39,67.62
20.47,20.47,58.04,42.85,67.16
15.68,15.68,64.34,38.86,64.43
8.44,8.44,69.25,44.45,62.74
17.98,17.98,85.57,56.46,64.42
19.91,19.91,84.21,54.01,64.27
11.45,11.45,81.29,61.44,64.32
11.44,11.44,75.56,61.87,67.19
11.38,11.38,72.92,64.71,68.24
10.64,10.64,72.71,65.41,66.20
14.12,14.12,68.37,70.89,67.23
17.19,17.19,67.76,72.98,67.54
17.79,17.79,60.35,67.81,67.36
18.81,18.81,71.48,66.00,65.56
17.90,17.90,70.22,70.06,66.16
17.81,17.81,62.29,64.21,66.48
21.36,21.36,74.45,62.42,66.28
22.66,22.66,73.34,57.57,65.76
25.47,25.47,68.69,58.39,65.73
27.50,27.50,67.12,52.26,63.99
23.51,23.51,69.08,47.48,66.14
13.24,13.24,67.44,45.72,67.10
6.69,6.69,86.96,60.54,65.88
11.43,11.43,82.99,62.38,64.20
20.42,20.42,91.04,65.16,63.30
26.36,26.36,92.69,67.19,62.61
26.56,26.56,93.60,64.13,60.26
34.32,34.32,89.57,66.42,64.61
36.84,36.84,91.59,70.18,65.33
38.87,38.87,89.10,69.09,66.33
43.41,43.41,82.25,68.53,66.63
45.46,45.46,80.91,67.58,65.70
48.03,48.03,82.83,63.24,66.47
50.34,50.34,79.47,58.68,65.74
52.06,52.06,92.57,55.49,63.80
56.38,56.38,86.92,52.06,64.01
59.06,59.06,79.38,57.75,64.09
60.20,60.20,79.72,58.42,65.35
61.61,61.61,79.14,59.29,66.08
60.38,60.38,79.58,55.45,66.28
54.48,54.48,74.43,46.34,64.68
40.68,40.68,81.49,44.65,64.81
27.67,27.67,84.45,49.82,63.24
38.47,38.47,88.45,52.85,64.89
39.41,39.41,96.09,47.78,59.90
33.38,33.38,93.22,55.36,61.90
28.47,28.47,92.00,54.56,61.97
26.52,26.52,88.22,57.09,63.98
27.70,27.70,91.94,57.61,64.89
33.18,33.18,86.32,57.38,65.11
34.30,34.30,83.07,54.93,63.94
30.25,30.25,82.12,54.89,65.20
25.65,25.65,78.92,51.10,64.18
23.42,23.42,90.76,56.45,63.15
22.24,22.24,91.69,48.37,65.27
31.04,31.04,87.26,51.81,66.57
27.22,27.22,83.89,52.62,65.60
32.04,32.04,83.31,53.73,63.19
30.85,30.85,83.65,50.01,65.49
25.93,25.93,77.26,61.23,64.27
19.77,19.77,77.53,60.36,63.87
19.91,19.91,79.76,58.31,65.55
5.96,5.96,82.32,69.00,64.78
17.16,17.16,81.43,61.71,72.37
8.23,8.23,83.76,73.09,73.64
3.11,3.11,89.82,66.36,72.41
11.34,11.34,86.97,70.37,76.19
15.59,15.59,86.80,72.42,76.15
17.92,17.92,90.06,75.38,76.45
17.67,17.67,88.59,73.27,76.34
20.56,20.56,85.65,77.75,77.70
18.63,18.63,67.13,74.45,78.30
23.48,23.48,76.56,71.72,77.99
32.27,32.27,79.30,75.50,77.99
28.88,28.88,79.54,75.22,78.23
22.94,22.94,82.83,71.58,77.97
19.40,19.40,78.35,72.77,77.72
20.48,20.48,72.63,76.59,77.96
25.25,25.25,70.25,73.38,77.37
30.62,30.62,70.55,72.36,76.54
38.80,38.80,62.25,73.69,77.88
45.18,45.18,58.63,77.73,77.36
45.68,45.68,60.35,70.78,75.83
41.95,41.95,53.98,70.99,76.81
34.52,34.52,55.72,74.39,77.23
32.48,32.48,59.52,75.63,76.81
35.74,35.74,60.12,71.46,76.43
36.99,36.99,55.95,71.27,77.17
32.77,32.77,51.36,76.92,78.73
31.83,31.83,50.55,75.08,78.42
37.85,37.85,49.95,71.99,77.31
43.91,43.91,50.75,73.08,76.63
47.87,47.87,53.35,78.26,77.01
46.70,46.70,55.95,72.66,77.53
46.29,46.29,60.06,73.07,77.55
52.57,52.57,64.26,74.84,75.97
56.50,56.50,70.05,77.30,78.33
56.13,56.13,69.60,73.71,76.68
54.06,54.06,70.01,72.69,77.30
52.24,52.24,59.68,76.84,76.65
48.76,48.76,75.93,74.61,77.26
43.15,43.15,77.15,71.94,76.65
34.24,34.24,76.07,73.35,75.92
28.62,28.62,82.44,75.35,74.88
25.51,25.51,90.40,72.14,72.42
24.89,24.89,91.29,74.49,72.57
29.30,29.30,89.32,68.89,73.34
33.69,33.69,90.09,74.30,74.53
37.74,37.74,89.41,71.30,74.61
39.26,39.26,88.76,72.45,75.71
34.32,34.32,84.92,76.04,76.38
26.05,26.05,83.57,74.44,77.20
22.83,22.83,72.17,73.28,76.23
23.14,23.14,79.91,74.89,76.01
26.83,26.83,80.02,77.39,75.65
26.36,26.36,76.31,71.92,75.33
30.97,30.97,73.34,74.37,75.70
31.61,31.61,62.68,75.95,75.12
29.56,29.56,68.02,75.33,75.55
27.90,27.90,59.80,73.40,75.22
30.18,30.18,65.12,72.98,74.96
25.50,25.50,65.86,78.35,76.73
22.71,22.71,70.98,74.18,77.90
20.96,20.96,80.72,74.20,77.30
12.86,12.86,84.74,72.34,74.35
16.77,16.77,82.86,72.27,73.13
17.27,17.27,78.34,75.98,73.97
24.03,24.03,73.06,74.62,75.98
27.91,27.91,70.69,76.04,75.72
30.99,30.99,69.98,73.92,74.79
33.04,33.04,60.90,73.25,78.26
26.22,26.22,56.20,74.66,77.01
21.92,21.92,57.85,78.30,77.72
26.11,26.11,55.11,75.10,77.17
29.07,29.07,54.68,73.29,76.43
26.05,26.05,53.29,75.99,76.22
26.47,26.47,54.17,76.56,76.70
24.82,24.82,53.85,75.18,75.18
22.72,22.72,52.01,75.20,74.97
21.17,21.17,51.70,76.84,75.25
23.92,23.92,50.62,75.01,74.35
25.50,25.50,54.39,75.87,77.06
24.96,24.96,56.37,73.31,74.83
25.28,25.28,68.83,77.27,75.13
21.84,21.84,84.23,73.19,74.51
21.43,21.43,91.71,73.71,71.67
23.56,23.56,91.49,74.43,71.53
22.27,22.27,89.62,76.67,74.48
23.79,23.79,85.60,74.76,75.59
28.22,28.22,83.26,76.18,75.89
27.78,27.78,77.74,77.75,76.32
27.32,27.32,74.88,77.28,74.89
30.37,30.37,76.11,76.84,74.81
34.47,34.47,74.21,75.42,75.02
36.42,36.42,68.56,79.76,74.91
30.87,30.87,66.00,76.26,74.90
33.19,33.19,60.78,76.26,75.83
34.46,34.46,61.49,76.48,76.46
31.78,31.78,59.29,77.80,74.76
23.48,23.48,70.19,73.20,75.62
18.03,18.03,77.93,66.29,75.57
13.67,13.67,91.52,67.60,73.53
14.31,14.31,91.44,69.44,72.70
21.89,21.89,90.32,73.38,72.35
25.95,25.95,90.91,73.03,72.42
27.86,27.86,88.19,76.04,74.94
30.32,30.32,88.60,75.84,75.52
27.48,27.48,89.85,74.45,74.25
26.70,26.70,82.36,74.29,75.60
32.20,32.20,79.97,78.13,75.35
38.62,38.62,82.30,76.81,76.14
49.31,49.31,82.13,74.27,75.35
57.02,57.02,72.76,76.41,75.60
63.62,63.62,68.71,77.77,75.52
71.88,71.88,71.63,76.16,75.50
74.75,74.75,70.45,71.76,74.92
75.85,75.85,65.93,78.77,74.21
78.64,78.64,71.66,75.84,73.70
78.10,78.10,70.82,73.87,73.61
76.93,76.93,70.37,73.52,73.53
69.69,69.69,87.75,74.56,72.62
62.04,62.04,89.55,74.96,71.65
60.94,60.94,92.87,69.99,72.10
65.67,65.67,89.72,69.30,71.80
65.59,65.59,89.54,70.48,73.70
70.13,70.13,91.67,70.43,72.43
75.70,75.70,89.77,70.44,72.74
80.50,80.50,84.47,73.90,73.88
77.56,77.56,79.36,77.69,75.10
75.84,75.84,73.09,74.24,73.92
76.34,76.34,81.51,73.13,76.17
73.79,73.79,80.10,76.13,75.35
75.35,75.35,76.80,76.67,73.39
75.11,75.11,69.05,71.16,74.47
74.33,74.33,59.87,75.19,75.10
75.37,75.37,67.96,75.56,75.10
73.81,73.81,68.70,75.82,73.79
76.86,76.86,67.30,69.25,73.87
75.44,75.44,58.35,70.76,75.69
75.28,75.28,61.01,79.47,75.34
75.20,75.20,63.57,73.63,75.95
76.56,76.56,64.94,69.85,74.95
75.33,75.33,65.49,76.58,74.87
74.27,74.27,66.52,76.95,73.22
75.00,75.00,66.20,74.88,73.84
75.40,75.40,59.52,70.96,75.77
74.12,74.12,62.92,76.60,75.53
72.75,72.75,67.25,76.63,76.41
71.47,71.47,71.17,73.10,75.03
72.27,72.27,72.11,73.74,74.46
72.23,72.23,68.71,78.03,75.58
74.18,74.18,70.73,74.58,73.97
72.51,72.51,69.00,74.72,72.76
76.79,76.79,70.17,74.18,68.32
76.16,76.16,65.43,72.45,66.40
76.82,76.82,53.87,67.12,65.52
76.10,76.10,65.33,67.68,66.32
76.34,76.34,83.55,72.48,67.75
74.47,74.47,90.55,69.78,69.29
71.43,71.43,93.47,68.09,68.53
65.85,65.85,90.70,69.18,68.13
59.58,59.58,88.85,75.88,74.51
61.60,61.60,82.55,73.06,74.32
61.08,61.08,88.60,74.71,73.13
67.20,67.20,82.97,76.95,73.60
82.37,82.37,71.82,74.54,73.78
79.64,79.64,78.63,73.20,73.33
77.58,77.58,79.94,73.18,73.23
76.32,76.32,81.15,77.27,73.36
73.14,73.14,78.33,75.03,74.66
74.08,74.08,69.36,72.72,75.76
74.54,74.54,63.91,74.95,76.51
74.34,74.34,68.86,76.37,75.15
76.07,76.07,55.64,71.62,74.14
75.30,75.30,65.79,70.88,74.79
74.06,74.06,68.99,72.71,72.71
71.27,71.27,77.71,73.28,72.43
71.66,71.66,82.65,67.94,71.98
72.82,72.82,82.36,70.18,72.11
74.68,74.68,84.42,76.97,73.27
75.94,75.94,76.95,72.88,74.27
74.27,74.27,73.79,71.21,74.16
77.34,77.34,70.07,72.77,75.22
79.22,79.22,68.02,76.29,73.47
79.42,79.42,71.62,72.06,73.83
75.08,75.08,77.56,71.02,74.34
72.74,72.74,73.40,75.30,74.27
68.92,68.92,71.72,73.98,73.48
71.22,71.22,65.44,72.21,71.56
72.74,72.74,63.09,71.61,70.62
71.90,71.90,54.91,75.58,70.68
72.15,72.15,46.22,66.24,68.98
72.03,72.03,51.58,63.59,67.41
72.28,72.28,48.41,60.57,66.50
71.47,71.47,61.60,57.82,67.05
72.34,72.34,61.59,54.05,68.67
72.92,72.92,84.15,57.58,70.29
71.14,71.14,93.16,56.42,71.08
72.19,72.19,92.94,56.28,71.03
75.65,75.65,88.84,51.68,70.12
79.40,79.40,90.01,52.41,70.70
80.45,80.45,90.53,56.68,71.23
79.51,79.51,86.73,56.07,72.24
79.98,79.98,64.74,59.73,71.60
79.26,79.26,81.29,55.86,72.00
80.75,80.75,83.94,60.64,71.50
78.86,78.86,78.21,60.84,71.98
76.14,76.14,83.53,65.23,73.18
77.32,77.32,81.30,66.22,72.60
76.72,76.72,75.47,70.71,72.85
77.45,77.45,72.40,74.68,72.96
78.11,78.11,72.37,73.12,73.67
76.79,76.79,78.50,75.12,71.74
76.51,76.51,82.54,75.73,73.17
77.02,77.02,83.31,64.07,73.15
78.81,78.81,79.66,67.22,75.12
80.15,80.15,86.31,71.82,74.58
74.67,74.67,92.61,68.34,72.42
72.25,72.25,91.35,73.06,71.49
72.76,72.76,89.30,69.30,72.85
73.98,73.98,88.14,77.01,73.47
73.52,73.52,87.55,75.99,73.25
70.87,70.87,85.76,75.25,73.53
69.89,69.89,80.48,70.28,73.40
74.72,74.72,80.70,70.36,72.30
75.01,75.01,83.91,71.57,71.20
71.68,71.68,84.60,69.00,70.41
71.47,71.47,77.52,73.95,70.32
68.68,68.68,74.92,72.15,72.64
68.00,68.00,74.18,72.37,73.30
71.56,71.56,73.60,66.03,73.06
71.06,71.06,71.09,60.09,71.75
68.01,68.01,86.12,64.26,72.20
67.14,67.14,92.09,60.12,71.80
67.60,67.60,88.81,62.60,73.96
66.01,66.01,89.17,64.36,74.22
65.57,65.57,92.42,66.96,74.65
64.84,64.84,91.73,71.38,74.82
61.37,61.37,88.90,76.07,76.01
59.85,59.85,84.88,75.30,75.38
57.65,57.65,83.43,75.98,76.08
57.21,57.21,82.54,75.63,75.84
55.25,55.25,83.85,73.96,77.42
52.22,52.22,84.30,75.80,77.49
50.63,50.63,78.79,76.55,75.72
48.31,48.31,74.05,75.48,75.98
45.98,45.98,63.28,73.30,74.96
47.41,47.41,71.69,77.53,77.73
47.91,47.91,71.78,72.39,77.76
46.89,46.89,66.75,74.55,76.83
47.97,47.97,66.38,74.96,74.76
47.39,47.39,65.15,77.33,76.26
45.82,45.82,61.24,75.35,76.29
44.57,44.57,55.68,72.38,74.96
44.24,44.24,56.53,76.02,75.53
43.65,43.65,59.41,76.17,75.37
43.19,43.19,60.16,74.58,75.82
43.96,43.96,56.18,72.53,74.51
45.99,45.99,57.22,77.53,74.96
44.23,44.23,50.52,73.95,74.58
43.32,43.32,54.57,74.57,74.75
44.17,44.17,50.37,74.99,75.86
40.49,40.49,54.71,76.93,74.55
41.57,41.57,50.98,74.39,75.62
37.61,37.61,45.19,72.38,74.26
36.68,36.68,50.41,77.27,74.99
37.17,37.17,50.43,77.29,74.59
37.74,37.74,47.99,74.22,74.32
36.78,36.78,46.79,72.64,73.07
36.45,36.45,43.53,79.67,75.46
36.76,36.76,45.98,74.99,74.64
33.53,33.53,53.61,75.90,75.17
36.59,36.59,60.05,77.96,73.85
39.17,39.17,58.27,77.33,74.44
40.32,40.32,50.83,77.23,74.75
37.21,37.21,49.64,77.36,74.33
36.50,36.50,44.92,79.32,74.43
36.02,36.02,51.78,78.27,74.97
33.09,33.09,55.43,77.69,73.23
30.34,30.34,46.96,77.84,74.15
31.69,31.69,39.62,79.84,74.32
32.84,32.84,39.25,76.80,74.95
32.42,32.42,43.89,78.48,75.46
29.69,29.69,42.84,80.35,75.33
29.96,29.96,39.50,78.33,75.06
33.34,33.34,38.68,78.92,75.03
33.22,33.22,40.10,77.76,73.92
32.41,32.41,41.76,80.17,74.43
30.31,30.31,49.12,77.59,75.20
28.86,28.86,61.18,75.48,74.09
19.53,19.53,66.89,74.52,73.02
15.55,15.55,84.24,75.76,71.20
27.89,27.89,84.37,78.17,70.48
39.55,39.55,83.17,75.60,73.08
44.87,44.87,84.63,74.32,73.77
50.25,50.25,76.10,76.24,75.44
53.25,53.25,74.20,75.39,74.53
50.78,50.78,70.25,73.70,76.18
48.50,48.50,67.60,78.84,76.04
47.81,47.81,63.81,76.12,75.96
44.78,44.78,59.40,74.86,76.64
46.15,46.15,60.24,77.22,77.96
44.59,44.59,59.75,80.57,77.21
45.26,45.26,57.38,75.52,77.38
45.81,45.81,54.53,75.26,76.97
44.03,44.03,56.01,78.14,76.77
47.79,47.79,54.22,78.55,76.72
52.77,52.77,54.17,76.14,78.65
60.16,60.16,52.00,74.60,80.94
62.46,62.46,50.53,78.88,79.73
56.03,56.03,53.24,76.86,76.33
60.01,60.01,53.15,76.24,76.21
63.87,63.87,57.45,76.53,78.52
64.53,64.53,58.17,76.62,80.52
63.87,63.87,56.59,75.83,80.03
63.47,63.47,51.85,76.43,80.97
63.07,63.07,49.94,77.58,80.11
59.87,59.87,52.95,75.65,76.43
56.38,56.38,67.21,76.37,76.94
53.31,53.31,70.82,74.54,75.38
54.83,54.83,73.99,79.80,74.41
55.40,55.40,74.36,75.88,74.40
52.42,52.42,73.75,76.64,73.28
49.94,49.94,71.45,76.34,74.87
41.18,41.18,63.03,78.09,74.95
34.04,34.04,63.33,75.65,74.71
36.07,36.07,55.27,78.55,73.92
38.12,38.12,59.13,77.49,73.90
33.88,33.88,59.30,76.61,74.71
34.65,34.65,66.12,76.46,74.32
29.64,29.64,81.84,76.17,74.67
33.78,33.78,89.93,73.88,71.92
36.30,36.30,94.54,69.65,69.55
40.76,40.76,88.47,68.90,73.96
40.79,40.79,89.48,67.81,73.83
35.60,35.60,91.45,74.85,71.91
33.53,33.53,90.93,75.80,73.35
41.05,41.05,85.21,73.91,75.46
46.17,46.17,85.23,76.27,75.06
53.63,53.63,70.60,78.23,72.99
64.90,64.90,78.14,76.97,71.83
71.57,71.57,77.75,73.62,69.99
71.99,71.99,61.56,77.31,69.19
74.69,74.69,67.30,76.58,70.90
70.92,70.92,68.83,74.07,73.29
73.83,73.83,73.64,76.02,74.31
79.85,79.85,73.10,77.89,73.64
76.71,76.71,71.98,77.40,72.00
74.19,74.19,69.93,75.23,70.52
69.50,69.50,89.83,75.18,69.89
68.45,68.45,92.29,78.68,72.26
64.34,64.34,89.90,76.49,72.44
64.15,64.15,91.19,70.09,72.21
64.32,64.32,91.86,74.56,71.04
62.39,62.39,91.34,73.76,70.82
71.50,71.50,90.81,75.44,72.32
76.39,76.39,84.49,73.26,74.20
76.85,76.85,73.62,77.66,74.16
78.05,78.05,78.51,77.75,75.14
76.97,76.97,75.75,75.32,74.59
77.63,77.63,81.65,75.90,72.41
77.96,77.96,74.54,75.19,71.68
77.37,77.37,70.27,76.21,72.53
77.99,77.99,63.67,73.22,73.14
75.67,75.67,59.67,75.96,72.52
76.48,76.48,54.93,79.44,73.22
77.94,77.94,68.89,73.75,72.23
76.55,76.55,61.68,72.25,71.48
75.92,75.92,67.74,76.40,72.25
77.15,77.15,60.36,78.37,73.30
77.16,77.16,64.81,74.11,73.71
78.80,78.80,60.67,71.36,73.29
78.67,78.67,52.18,78.57,75.03
77.09,77.09,55.37,75.13,73.65
77.07,77.07,59.12,71.38,72.59
76.79,76.79,55.86,76.44,72.56
76.85,76.85,66.09,78.97,73.68
77.58,77.58,67.70,75.56,74.70
77.42,77.42,74.11,72.68,73.27
76.69,76.69,74.68,77.58,73.96
75.85,75.85,72.50,76.02,73.61
77.62,77.62,68.32,73.39,72.52
78.11,78.11,69.44,71.62,73.14
77.31,77.31,66.30,77.70,73.20
74.77,74.77,64.94,73.69,73.38
69.47,69.47,69.69,71.85,74.05
66.14,66.14,73.15,74.80,72.31
61.43,61.43,86.20,73.88,72.29
56.69,56.69,93.51,70.68,68.70
57.44,57.44,92.06,72.19,70.35
59.41,59.41,89.43,73.51,70.76
64.63,64.63,92.47,73.97,72.24
73.61,73.61,89.41,72.59,72.26
76.11,76.11,89.29,73.30,73.33
75.99,75.99,82.61,78.16,73.61
78.95,78.95,79.62,77.28,73.04
78.68,78.68,79.24,74.91,73.62
76.33,76.33,78.98,77.80,73.30
75.04,75.04,80.41,78.66,74.33
75.52,75.52,72.79,74.46,76.07
74.59,74.59,70.73,74.06,75.53
74.37,74.37,67.17,76.53,75.42
75.04,75.04,64.25,76.29,73.96
76.28,76.28,61.34,72.06,72.27
74.48,74.48,69.11,71.22,72.18
72.65,72.65,81.27,75.74,70.85
71.61,71.61,82.60,72.89,69.15
71.36,71.36,82.86,75.00,71.93
73.30,73.30,79.24,77.73,70.93
76.94,76.94,74.31,74.08,72.03
74.41,74.41,73.23,72.91,72.94
75.50,75.50,67.80,72.59,74.01
76.56,76.56,62.67,77.67,75.44
74.18,74.18,61.85,76.37,75.35
74.03,74.03,62.47,74.16,73.60
75.31,75.31,64.60,73.99,73.35
74.66,74.66,60.56,78.97,73.00
72.08,72.08,59.18,76.61,70.59
73.77,73.77,58.32,73.04,69.20
73.93,73.93,55.93,75.37,68.25
75.53,75.53,52.95,73.99,68.44
74.47,74.47,54.06,71.09,67.43
75.59,75.59,56.93,72.02,68.85
76.59,76.59,69.58,72.01,68.11
74.24,74.24,79.15,70.44,66.57
76.05,76.05,86.12,73.94,66.90
75.28,75.28,83.70,72.17,68.41
74.24,74.24,85.20,74.82,69.56
71.34,71.34,86.52,71.46,68.99
77.41,77.41,86.33,69.95,70.20
78.10,78.10,83.88,73.68,70.37
79.78,79.78,85.97,74.76,69.44
80.81,80.81,79.11,72.54,72.70
80.65,80.65,80.85,69.83,72.65
80.69,80.69,74.67,60.07,72.07
80.32,80.32,71.07,63.31,70.60
80.81,80.81,72.60,63.86,69.04
76.63,76.63,81.47,66.45,69.47
77.49,77.49,81.32,67.64,70.94
77.94,77.94,77.44,70.23,71.58
78.70,78.70,72.92,62.99,70.77
81.24,81.24,71.82,66.27,72.38
80.30,80.30,72.83,59.70,72.13
79.14,79.14,77.00,62.18,68.45
77.80,77.80,86.19,65.54,68.58
79.25,79.25,83.25,58.05,70.63
77.82,77.82,80.01,66.37,73.32
77.63,77.63,72.55,63.10,73.49
77.63,77.63,69.24,61.03,74.20
74.70,74.70,72.28,56.79,71.56
73.53,73.53,83.09,70.06,68.83
75.00,75.00,81.16,64.05,70.40
72.68,72.68,77.51,69.27,71.64
71.37,71.37,75.91,69.67,73.17
70.24,70.24,74.39,69.25,72.28
67.69,67.69,76.83,69.50,71.38
67.81,67.81,86.36,70.89,70.35
65.51,65.51,77.65,66.19,69.03
65.75,65.75,78.40,66.88,66.69
68.50,68.50,74.63,65.46,67.40
73.81,73.81,67.76,61.14,65.76
75.88,75.88,63.53,64.99,66.14
75.29,75.29,76.44,59.44,65.23
75.64,75.64,80.81,67.07,66.66
72.81,72.81,90.18,67.84,69.87
72.23,72.23,90.41,76.33,68.05
72.72,72.72,88.34,76.84,69.60
69.79,69.79,89.19,75.08,70.82
67.72,67.72,90.91,73.43,69.68
66.14,66.14,88.17,74.08,68.58
65.08,65.08,90.28,75.45,71.79
64.68,64.68,83.68,76.97,73.39
61.72,61.72,82.00,75.84,72.92
62.33,62.33,85.31,76.40,73.96
59.10,59.10,81.97,75.25,73.65
62.06,62.06,82.25,75.34,74.67
57.50,57.50,73.96,75.03,75.20
56.57,56.57,70.50,74.92,73.94
55.74,55.74,62.15,75.50,73.50
55.29,55.29,67.19,75.22,74.49
55.85,55.85,71.05,75.25,74.95
56.42,56.42,72.07,73.81,74.61
53.45,53.45,71.06,73.31,74.85
51.70,51.70,65.84,74.61,75.16
54.53,54.53,65.06,74.35,75.72
52.44,52.44,64.35,74.79,75.19
51.42,51.42,62.53,73.45,75.59
55.28,55.28,56.72,73.38,74.69
55.45,55.45,54.29,74.15,74.78
52.57,52.57,53.21,73.59,73.94
53.16,53.16,50.22,74.08,74.32
49.05,49.05,50.21,73.66,74.72
51.99,51.99,48.62,74.63,75.17
49.24,49.24,46.77,73.12,75.00
49.77,49.77,46.14,74.43,73.45
49.42,49.42,45.51,74.06,72.85
50.16,50.16,44.73,73.30,72.58
50.01,50.01,44.42,74.23,73.97
51.81,51.81,41.96,75.32,73.39
46.20,46.20,43.39,74.95,73.89
47.89,47.89,43.46,73.85,74.42
43.01,43.01,49.86,76.19,74.50
43.10,43.10,56.16,75.24,74.41
44.52,44.52,53.78,75.39,73.81
44.61,44.61,50.52,75.97,73.25
44.43,44.43,47.33,77.31,75.34
42.35,42.35,46.31,77.34,73.98
43.19,43.19,44.51,77.90,75.06
43.93,43.93,43.34,77.85,72.74
47.28,47.28,42.72,77.22,73.06
42.68,42.68,40.54,77.08,73.53
41.24,41.24,41.49,76.55,74.54
43.51,43.51,43.46,77.03,73.75
40.23,40.23,42.35,76.35,73.44
39.08,39.08,43.18,76.19,74.02
39.82,39.82,44.51,76.48,73.33
40.15,40.15,43.37,76.09,73.31
39.95,39.95,42.91,75.90,73.72
38.29,38.29,43.93,75.65,72.95
37.99,37.99,46.04,74.66,74.01
34.46,34.46,60.53,74.89,71.63
23.35,23.35,68.12,72.90,71.49
13.23,13.23,80.58,69.72,72.30
13.49,13.49,82.20,69.18,70.34
20.90,20.90,83.68,69.79,71.00
25.35,25.35,86.57,71.50,71.99
27.78,27.78,79.90,70.21,71.30
30.68,30.68,70.40,70.66,72.29
35.89,35.89,69.32,71.67,73.33
34.87,34.87,62.25,69.55,73.80
31.20,31.20,61.51,70.24,73.25
33.60,33.60,56.12,71.28,73.39
37.13,37.13,54.46,71.59,72.86
34.08,34.08,53.75,71.28,73.07
32.78,32.78,46.90,72.67,73.49
35.16,35.16,46.21,73.01,74.71
30.75,30.75,44.14,73.16,73.01
30.19,30.19,41.73,73.19,73.16
31.07,31.07,41.91,74.13,73.64
32.52,32.52,44.91,74.51,74.23
33.52,33.52,45.42,74.98,73.29
33.19,33.19,46.99,74.91,72.40
32.05,32.05,54.30,75.54,74.07
32.73,32.73,58.95,76.27,73.92
34.02,34.02,61.76,76.18,74.02
35.15,35.15,60.57,75.88,74.44
43.71,43.71,56.73,76.13,74.59
53.41,53.41,51.30,75.39,73.40
51.45,51.45,39.12,75.52,73.27
49.76,49.76,44.62,76.59,74.47
56.25,56.25,54.21,76.98,72.23
60.35,60.35,61.28,76.27,72.75
57.65,57.65,61.79,75.98,73.59
44.54,44.54,56.99,74.95,73.52
33.86,33.86,57.71,74.79,74.02
31.38,31.38,65.92,74.48,73.45
30.00,30.00,62.53,75.27,73.23
27.41,27.41,58.97,74.10,73.10
27.25,27.25,53.29,73.60,73.24
25.76,25.76,60.79,73.44,73.20
19.20,19.20,68.13,72.94,72.78
20.95,20.95,83.97,70.96,71.70
25.76,25.76,92.78,72.82,70.11
30.97,30.97,92.52,73.82,69.72
33.38,33.38,89.19,73.86,70.70
33.22,33.22,90.29,73.69,71.53
35.34,35.34,88.96,75.13,71.62
39.95,39.95,89.97,75.87,71.83
43.86,43.86,81.10,75.74,73.06
45.60,45.60,77.77,73.70,72.41
51.10,51.10,80.94,74.68,73.00
58.86,58.86,81.30,74.09,72.88
65.58,65.58,78.60,74.64,71.91
79.79,79.79,72.92,75.26,71.37
81.71,81.71,70.08,75.62,72.74
79.61,79.61,67.36,76.06,71.12
78.96,78.96,65.99,75.64,72.11
77.85,77.85,63.80,75.87,73.15
79.39,79.39,58.70,75.17,73.10
75.30,75.30,62.86,74.96,71.62
68.94,68.94,67.03,74.19,72.01
65.34,65.34,79.65,72.60,73.31
69.96,69.96,88.34,70.88,70.92
73.47,73.47,92.76,66.77,68.97
66.91,66.91,92.61,69.64,68.96
71.86,71.86,90.17,70.14,69.55
77.66,77.66,89.10,70.49,70.25
76.93,76.93,86.92,70.10,72.12
76.70,76.70,87.90,68.09,71.91
75.52,75.52,82.80,70.29,69.82
76.32,76.32,72.08,70.50,71.47
76.05,76.05,80.57,71.02,69.50
76.30,76.30,81.05,71.46,68.24
77.39,77.39,75.32,72.18,70.15
78.16,78.16,62.06,72.01,72.21
77.48,77.48,64.18,71.78,71.99
77.46,77.46,61.38,70.82,71.43
76.66,76.66,63.04,73.06,71.70
76.91,76.91,63.64,72.83,71.83
78.08,78.08,65.29,71.64,70.75
76.30,76.30,66.59,74.46,70.63
75.26,75.26,67.71,73.10,70.87
76.16,76.16,68.24,73.04,72.71
76.25,76.25,62.60,74.81,72.90
74.47,74.47,49.34,73.87,71.96
74.33,74.33,53.15,72.06,73.07
74.56,74.56,54.28,73.62,72.35
74.34,74.34,56.06,74.88,72.85
74.03,74.03,63.03,75.33,72.60
73.64,73.64,65.83,74.08,72.47
76.66,76.66,64.07,72.01,72.34
74.98,74.98,60.73,72.89,72.04
73.92,73.92,64.33,73.67,68.96
74.53,74.53,64.38,73.26,68.64
75.75,75.75,62.74,70.34,68.16
77.24,77.24,58.44,70.44,67.99
78.38,78.38,58.33,69.44,68.59
78.29,78.29,59.37,68.15,67.65
77.66,77.66,69.03,66.30,67.47
77.47,77.47,84.77,65.17,68.58
71.71,71.71,88.69,63.81,68.79
63.78,63.78,93.33,65.41,68.71
61.68,61.68,91.43,68.94,69.26
63.70,63.70,90.44,71.26,69.24
68.58,68.58,88.54,71.54,69.05
77.28,77.28,88.68,70.91,70.27
82.25,82.25,85.03,73.33,69.72
80.01,80.01,73.23,74.37,70.84
79.16,79.16,74.83,74.25,70.60
79.20,79.20,79.87,75.69,71.27
78.63,78.63,80.53,73.93,72.28
77.01,77.01,75.34,73.91,71.50
75.47,75.47,64.59,72.52,71.54
75.90,75.90,63.85,72.03,71.47
76.76,76.76,64.57,73.15,71.30
78.85,78.85,62.58,73.18,71.17
75.21,75.21,68.75,73.08,71.36
76.52,76.52,68.77,71.01,71.14
80.99,80.99,80.44,72.12,70.55
78.45,78.45,82.54,69.06,67.31
75.04,75.04,82.89,66.51,70.16
75.12,75.12,80.36,62.92,69.54
76.77,76.77,74.66,67.79,69.74
77.74,77.74,72.91,72.86,69.68
79.54,79.54,67.32,74.66,71.46
80.75,80.75,66.29,74.25,69.71
79.60,79.60,59.44,72.34,68.70
72.53,72.53,58.94,70.53,69.75
67.14,67.14,66.30,72.69,68.80
71.27,71.27,61.88,72.62,68.04
70.95,70.95,67.05,71.73,66.64
71.03,71.03,65.99,71.27,66.93
72.45,72.45,71.32,71.68,66.39
72.00,72.00,72.46,70.97,68.36
71.75,71.75,72.16,68.87,65.21
72.97,72.97,68.01,68.10,64.22
71.42,71.42,65.37,65.83,65.45
73.23,73.23,72.36,67.06,65.10
74.20,74.20,90.87,67.26,64.41
71.87,71.87,91.17,69.42,66.17
67.33,67.33,90.14,70.47,63.68
72.70,72.70,89.53,72.97,63.79
79.21,79.21,91.24,73.06,64.94
79.99,79.99,88.33,70.29,66.22
80.75,80.75,88.38,70.75,68.29
78.69,78.69,87.42,69.95,67.03
79.27,79.27,76.13,70.97,66.92
78.64,78.64,76.29,68.91,67.01
79.84,79.84,78.64,68.77,66.80
79.93,79.93,74.17,70.55,67.94
80.00,80.00,77.24,72.09,67.43
80.90,80.90,77.08,71.92,68.44
79.87,79.87,76.42,71.63,68.49
80.89,80.89,71.86,70.93,69.06
80.28,80.28,70.46,67.96,68.20
79.95,79.95,82.75,64.80,67.09
78.45,78.45,88.02,65.66,65.70
74.63,74.63,93.28,58.17,65.10
76.43,76.43,91.21,62.12,63.84
74.22,74.22,89.47,65.40,66.55
75.41,75.41,90.93,63.32,68.63
74.85,74.85,88.14,66.83,67.75
74.60,74.60,85.50,65.29,67.30
75.62,75.62,78.29,64.69,67.95
75.82,75.82,75.63,62.27,69.40
73.48,73.48,81.73,65.85,70.33
75.01,75.01,79.61,67.67,69.51
73.97,73.97,69.69,68.88,68.94
70.94,70.94,79.70,68.52,67.06
68.33,68.33,78.92,70.76,67.62
65.66,65.66,77.54,72.24,67.38
67.39,67.39,71.83,71.86,67.37
70.59,70.59,66.49,68.86,67.50
72.92,72.92,63.78,65.29,66.20
71.39,71.39,68.31,63.81,67.59
72.55,72.55,84.01,72.35,69.39
70.62,70.62,89.95,69.64,69.88
68.95,68.95,93.84,73.82,69.47
67.74,67.74,92.23,69.49,69.15
67.18,67.18,90.37,76.21,71.48
63.74,63.74,89.07,75.05,72.82
59.90,59.90,77.30,76.79,73.42
59.76,59.76,84.22,78.04,73.83
55.72,55.72,84.73,77.13,73.70
53.62,53.62,80.13,77.28,73.12
53.27,53.27,74.97,76.28,73.17
54.24,54.24,75.92,76.64,74.65
52.33,52.33,75.23,77.03,73.80
51.30,51.30,74.80,77.30,73.09
51.13,51.13,70.44,77.93,73.69
48.15,48.15,70.03,77.52,73.23
49.11,49.11,70.54,76.48,73.50
47.13,47.13,68.08,77.05,74.01
49.82,49.82,75.83,77.45,74.69
47.02,47.02,71.15,76.80,74.51
46.87,46.87,67.84,74.98,73.84
44.87,44.87,62.96,75.91,74.40
45.35,45.35,67.78,77.53,73.88
42.73,42.73,65.66,76.96,74.00
45.18,45.18,71.47,75.79,74.10
42.15,42.15,69.22,75.93,74.70
41.80,41.80,63.93,75.87,73.92
44.62,44.62,67.82,77.02,74.33
42.08,42.08,72.27,78.32,73.02
43.93,43.93,67.61,76.87,73.22
40.43,40.43,67.32,75.09,71.99
40.31,40.31,72.34,75.79,72.39
38.34,38.34,71.66,77.09,72.07
39.78,39.78,75.15,77.73,72.90
40.50,40.50,75.56,77.56,72.96
38.51,38.51,69.29,77.13,74.63
40.38,40.38,68.51,74.54,74.13
37.23,37.23,63.25,75.15,72.81
34.30,34.30,74.69,75.85,72.46
38.23,38.23,76.13,75.62,72.83
35.58,35.58,90.09,75.44,71.73
35.54,35.54,91.12,72.76,70.82
38.57,38.57,91.86,72.71,69.61
33.22,33.22,91.27,72.21,68.66
34.08,34.08,89.98,74.50,70.77
32.15,32.15,89.43,76.18,70.72
33.47,33.47,89.25,75.64,72.17
35.01,35.01,85.22,75.94,73.93
31.98,31.98,73.83,75.52,72.22
31.21,31.21,82.47,74.42,73.23
31.26,31.26,75.97,76.45,72.59
26.57,26.57,81.63,75.54,73.56
29.94,29.94,69.13,76.05,73.28
33.08,33.08,68.36,76.96,71.45
30.83,30.83,68.78,78.44,71.75
30.53,30.53,71.09,76.99,72.57
26.65,26.65,72.56,77.61,72.99
18.64,18.64,67.41,77.04,72.09
15.46,15.46,75.45,75.95,71.19
20.44,20.44,84.88,76.09,73.35
19.61,19.61,82.73,79.73,72.08
18.51,18.51,79.71,80.54,71.66
20.99,20.99,73.73,78.42,72.11
20.45,20.45,71.83,80.50,72.74
18.10,18.10,68.05,80.11,73.43
20.29,20.29,61.81,78.77,74.73
22.03,22.03,60.38,77.86,73.92
20.26,20.26,56.81,78.37,73.77
20.53,20.53,44.11,76.07,74.08
20.96,20.96,56.68,78.17,73.66
22.40,22.40,59.39,77.47,73.54
23.27,23.27,57.11,76.39,74.71
24.45,24.45,48.86,77.27,74.77
24.65,24.65,41.85,78.25,73.44
22.82,22.82,36.91,76.34,74.19
23.76,23.76,39.31,78.06,74.39
26.63,26.63,42.89,77.14,73.76
19.30,19.30,49.37,76.54,74.66
13.45,13.45,54.06,76.43,73.98
21.64,21.64,59.50,76.23,75.74
24.17,24.17,65.28,74.70,74.45
23.12,23.12,69.03,74.59,74.45
21.63,21.63,71.94,75.08,74.56
21.53,21.53,74.91,75.22,74.50
23.43,23.43,71.15,74.13,74.56
28.47,28.47,65.30,76.43,73.72
28.91,28.91,71.79,76.25,73.44
24.00,24.00,73.49,75.01,73.13
23.82,23.82,69.86,76.56,72.79
23.01,23.01,72.83,73.82,73.47
23.25,23.25,73.95,72.74,73.81
25.09,25.09,70.45,74.27,73.36
28.17,28.17,65.48,74.59,73.37
26.84,26.84,65.48,73.99,72.79
26.80,26.80,64.70,75.30,73.02
23.27,23.27,61.00,73.14,73.35
18.45,18.45,68.17,72.64,72.84
23.31,23.31,66.40,72.58,73.76
32.60,32.60,88.71,71.90,71.59
38.26,38.26,92.84,69.43,73.13
37.56,37.56,91.63,69.20,73.74
36.13,36.13,88.77,67.80,74.32
37.93,37.93,90.03,69.34,73.49
39.61,39.61,90.47,66.84,74.42
44.46,44.46,88.58,69.02,75.81
52.29,52.29,83.29,71.73,75.19
61.74,61.74,77.19,74.03,74.19
69.01,69.01,79.42,76.17,71.77
73.80,73.80,63.58,73.80,71.46
73.26,73.26,76.58,71.99,70.48
70.91,70.91,72.86,72.03,71.39
77.69,77.69,65.33,74.57,72.40
79.34,79.34,67.59,74.93,72.74
75.10,75.10,68.32,76.25,72.99
67.47,67.47,67.36,74.76,72.07
63.57,63.57,66.22,70.51,72.19
59.16,59.16,78.30,69.50,72.53
56.54,56.54,89.99,69.54,71.40
60.84,60.84,90.27,69.53,73.64
62.06,62.06,91.00,70.82,73.41
57.07,57.07,91.63,71.15,74.34
66.54,66.54,88.35,69.62,75.85
76.78,76.78,88.69,71.49,75.19
77.98,77.98,85.17,70.86,73.70
78.19,78.19,79.98,68.02,76.97
76.03,76.03,78.60,71.43,76.42
76.20,76.20,81.02,73.89,74.44
75.15,75.15,78.85,71.24,74.16
74.30,74.30,76.64,72.49,75.37
75.89,75.89,72.90,72.37,74.32
75.38,75.38,67.91,72.83,73.06
76.13,76.13,59.89,73.64,74.47
76.71,76.71,65.80,74.10,75.27
76.52,76.52,59.79,74.01,73.89
76.40,76.40,62.67,70.72,74.15
76.21,76.21,60.50,71.03,75.17
77.27,77.27,64.76,69.09,74.59
76.46,76.46,85.12,66.17,71.89
75.85,75.85,91.43,68.31,72.45
75.34,75.34,90.69,69.84,73.26
77.54,77.54,86.05,69.75,73.08
77.76,77.76,79.65,72.01,73.49
77.47,77.47,72.35,71.84,74.05
76.69,76.69,72.24,71.50,74.80
77.93,77.93,77.81,71.25,74.99
76.85,76.85,78.38,73.10,74.68
76.57,76.57,74.88,70.82,74.69
76.20,76.20,69.54,67.89,74.78
74.95,74.95,68.14,61.97,74.41
72.34,72.34,66.81,61.54,74.00
66.77,66.77,69.21,55.08,75.04
62.55,62.55,67.79,57.65,75.26
60.89,60.89,66.91,55.51,73.64
59.54,59.54,64.65,52.22,72.61
62.13,62.13,76.05,48.35,71.60
62.18,62.18,89.93,51.95,71.17
65.42,65.42,92.38,60.80,70.20
69.49,69.49,91.44,62.40,69.66
73.37,73.37,91.12,60.44,71.54
75.99,75.99,87.92,58.56,72.05
76.89,76.89,87.86,57.54,71.84
75.56,75.56,87.22,58.87,72.07
74.68,74.68,80.13,61.16,72.58
73.12,73.12,75.82,62.33,73.69
73.36,73.36,83.91,63.82,73.46
74.77,74.77,79.66,64.20,72.56
74.79,74.79,75.67,62.43,72.94
73.42,73.42,69.71,60.52,73.09
72.99,72.99,61.01,61.90,73.12
74.16,74.16,62.07,61.91,71.93
73.50,73.50,60.01,61.54,73.78
73.93,73.93,57.95,57.57,72.25
72.27,72.27,65.13,55.68,71.84
71.52,71.52,71.65,56.96,68.19
71.78,71.78,80.39,58.62,66.57
75.49,75.49,81.99,57.98,67.91
80.70,80.70,82.42,59.82,69.75
81.17,81.17,75.60,55.62,70.20
79.76,79.76,72.29,56.56,71.23
82.66,82.66,71.02,57.56,72.48
82.36,82.36,64.13,57.55,72.18
79.55,79.55,63.38,59.46,73.36
76.35,76.35,60.16,53.55,72.20
77.72,77.72,57.11,52.53,71.97
76.35,76.35,51.62,49.14,71.46
65.73,65.73,55.57,48.70,70.40
68.82,68.82,56.76,52.54,70.26
70.94,70.94,58.45,54.36,70.60
65.44,65.44,70.45,61.17,72.26
62.19,62.19,68.76,58.93,71.43
62.68,62.68,71.58,60.16,71.12
61.73,61.73,75.11,52.22,69.36
63.63,63.63,89.59,51.42,69.12
68.85,68.85,90.33,51.86,70.26
72.27,72.27,90.32,60.93,71.20
76.49,76.49,85.29,59.96,72.89
74.50,74.50,80.97,60.75,70.40
71.73,71.73,76.63,58.37,68.95
69.57,69.57,71.09,55.59,69.65
71.46,71.46,75.10,59.63,68.71
71.84,71.84,80.46,67.51,68.57
66.66,66.66,83.95,65.67,69.53
66.95,66.95,82.34,60.43,67.96
67.53,67.53,87.49,53.53,68.90
76.00,76.00,91.88,56.47,69.37
75.12,75.12,89.95,60.67,68.84
74.49,74.49,86.70,64.76,68.77
75.53,75.53,87.34,68.24,67.88
78.23,78.23,82.89,69.76,67.56
78.00,78.00,69.36,67.04,67.76
76.83,76.83,68.82,62.01,68.16
74.53,74.53,70.58,66.97,67.40
77.76,77.76,82.83,69.34,69.38
74.32,74.32,78.78,67.94,69.72
70.37,70.37,80.25,66.23,68.91
69.63,69.63,77.63,66.13,69.62
68.18,68.18,74.13,61.41,69.21
63.86,63.86,76.81,59.13,68.23
67.35,67.35,81.03,63.94,69.16
54.98,54.98,81.89,65.25,68.02
53.64,53.64,80.09,65.30,67.33
53.52,53.52,83.15,66.36,67.10
50.44,50.44,79.68,64.18,67.57
52.87,52.87,71.71,59.29,65.71
52.05,52.05,79.20,65.91,64.45
57.44,57.44,82.00,70.26,67.22
53.44,53.44,77.57,68.82,65.85
56.49,56.49,79.54,68.63,66.75
57.41,57.41,81.05,65.74,69.93
69.47,69.47,86.26,72.61,71.74
67.07,67.07,84.99,72.36,69.97
69.51,69.51,92.71,66.28,71.09
81.28,81.28,86.11,64.87,75.74
80.66,80.66,87.07,73.53,74.52
79.05,79.05,91.68,77.34,74.29
79.73,79.73,83.68,77.37,74.63
80.91,80.91,74.33,77.85,76.69
81.24,81.24,72.95,77.63,76.59
80.27,80.27,76.08,78.14,77.32
79.97,79.97,82.80,77.55,77.09
80.97,80.97,80.31,77.27,75.93
79.33,79.33,79.26,76.43,77.16
75.61,75.61,76.90,74.00,77.92
74.68,74.68,69.52,74.43,76.26
77.08,77.08,69.10,74.81,77.17
81.96,81.96,64.07,75.82,76.22
83.67,83.67,63.85,75.62,76.85
79.77,79.77,64.09,78.93,75.88
75.00,75.00,59.73,79.51,75.63
70.62,70.62,57.66,79.76,76.87
72.77,72.77,58.01,79.54,76.91
76.92,76.92,65.02,78.49,75.61
77.79,77.79,60.42,79.25,76.20
77.81,77.81,47.38,77.88,75.93
76.08,76.08,46.82,78.44,76.71
76.25,76.25,48.02,78.37,78.03
76.56,76.56,38.39,79.86,76.86
77.73,77.73,50.54,78.53,76.66
76.91,76.91,60.19,79.70,77.03
77.82,77.82,63.75,78.57,75.98
76.46,76.46,70.32,79.23,75.99
71.56,71.56,67.50,79.16,76.87
72.87,72.87,70.20,80.55,76.70
72.46,72.46,72.21,79.91,75.87
72.11,72.11,67.70,80.56,76.12
74.30,74.30,71.66,79.60,76.80
71.56,71.56,78.40,80.29,76.33
72.96,72.96,79.09,78.51,75.76
74.25,74.25,76.07,76.38,74.93
72.22,72.22,87.65,75.22,72.69
72.43,72.43,92.30,77.23,72.35
74.82,74.82,89.51,78.49,72.96
71.70,71.70,90.27,80.08,73.64
73.75,73.75,91.71,78.60,75.13
71.79,71.79,90.90,79.31,74.30
74.85,74.85,88.36,77.58,76.36
77.86,77.86,79.65,78.47,76.45
77.13,77.13,74.76,78.92,75.40
78.49,78.49,74.97,80.89,75.88
78.46,78.46,79.76,80.79,75.97
75.23,75.23,79.49,81.85,76.00
76.93,76.93,74.07,80.14,75.57
78.15,78.15,71.43,79.70,74.70
77.44,77.44,65.47,77.68,76.26
77.26,77.26,65.80,79.41,75.89
73.32,73.32,62.15,79.82,76.09
67.55,67.55,64.74,80.73,76.70
66.48,66.48,66.29,78.94,76.24
69.32,69.32,77.48,70.54,77.97
69.62,69.62,83.24,64.95,76.43
65.64,65.64,82.52,67.58,74.59
71.56,71.56,82.93,77.91,75.12
74.00,74.00,73.83,78.54,76.03
75.77,75.77,72.43,78.12,75.81
75.38,75.38,69.90,77.53,76.71
76.63,76.63,68.40,76.64,76.82
75.89,75.89,58.64,77.92,77.29
71.48,71.48,60.39,78.70,76.32
63.45,63.45,55.73,76.34,77.56
63.55,63.55,52.50,78.42,77.37
60.44,60.44,49.02,77.62,75.69
62.81,62.81,51.25,75.93,76.22
67.09,67.09,50.69,77.55,76.35
66.87,66.87,46.68,78.71,76.13
67.23,67.23,46.62,75.25,76.90
65.70,65.70,49.07,78.33,77.09
66.94,66.94,55.02,77.49,77.91
67.81,67.81,53.81,76.28,78.10
65.86,65.86,61.53,77.09,75.92
61.80,61.80,76.68,77.78,77.14
57.37,57.37,89.99,75.63,74.43
58.03,58.03,93.99,76.06,73.02
61.89,61.89,90.80,77.70,76.45
58.84,58.84,87.35,76.72,77.83
59.93,59.93,83.95,77.88,77.22
62.71,62.71,79.76,79.17,78.09
60.73,60.73,72.50,78.99,78.23
62.78,62.78,78.61,78.03,77.43
64.33,64.33,76.22,80.07,77.24
67.03,67.03,70.16,79.20,77.11
68.34,68.34,64.19,79.54,76.51
70.51,70.51,64.42,78.91,76.78
70.70,70.70,61.40,79.58,76.12
68.12,68.12,62.49,78.67,76.35
67.03,67.03,58.40,79.69,75.76
59.65,59.65,65.10,79.11,75.56
59.42,59.42,88.73,78.91,74.28
57.63,57.63,93.42,75.86,72.51
61.70,61.70,89.81,75.87,73.08
64.96,64.96,89.19,76.24,74.03
67.06,67.06,91.77,79.01,76.20
69.99,69.99,88.88,78.06,75.66
71.35,71.35,88.14,78.52,75.57
72.38,72.38,80.53,78.27,77.29
70.03,70.03,85.27,78.76,78.19
67.74,67.74,83.92,77.61,79.22
65.86,65.86,78.82,77.87,79.04
62.64,62.64,76.76,77.85,78.96
64.73,64.73,69.39,78.63,79.60
67.83,67.83,72.63,77.51,77.59
73.33,73.33,68.86,77.77,77.46
78.31,78.31,68.49,77.56,78.16
80.00,80.00,69.69,79.13,76.78
79.62,79.62,71.19,77.35,76.46
82.11,82.11,70.65,75.14,76.50
80.17,80.17,78.92,73.13,74.71
77.29,77.29,88.30,74.53,74.76
76.17,76.17,92.20,74.17,75.73
73.87,73.87,89.91,75.97,76.48
71.97,71.97,89.69,76.04,76.98
69.54,69.54,90.80,74.45,75.59
70.90,70.90,90.30,73.48,74.09
72.88,72.88,87.26,70.22,74.22
76.05,76.05,84.26,68.16,75.48
74.80,74.80,74.14,68.03,77.05
70.58,70.58,78.35,72.61,77.62
69.58,69.58,79.32,74.82,79.83
72.55,72.55,78.08,76.95,80.06
73.82,73.82,73.46,75.91,80.44
75.42,75.42,67.29,76.01,82.19
74.41,74.41,65.68,75.52,81.40
74.51,74.51,66.30,75.74,81.10
74.20,74.20,67.75,76.24,79.76
75.42,75.42,63.31,76.68,80.18
75.07,75.07,59.62,75.67,79.15
75.76,75.76,61.64,75.88,77.68
77.26,77.26,64.47,76.92,76.74
77.70,77.70,66.76,75.71,77.83
75.61,75.61,66.09,74.73,76.92
74.41,74.41,68.15,78.05,77.03
75.65,75.65,61.74,76.68,79.01
75.23,75.23,65.86,74.09,78.20
73.89,73.89,67.56,76.60,77.64
74.66,74.66,68.64,75.44,78.19
73.40,73.40,70.55,73.15,77.15
73.64,73.64,69.56,76.34,78.31
71.73,71.73,71.13,77.20,79.33
70.55,70.55,69.78,74.93,79.21
73.41,73.41,68.61,76.89,79.63
75.52,75.52,67.50,75.40,77.86
76.53,76.53,59.18,74.84,77.31
75.77,75.77,60.98,73.25,75.70
76.34,76.34,75.99,73.37,74.80
77.22,77.22,90.74,69.33,74.73
75.60,75.60,91.01,67.27,74.52
72.46,72.46,92.53,71.28,73.39
69.14,69.14,92.50,74.43,73.55
71.02,71.02,77.10,75.03,74.61
70.92,70.92,87.78,74.82,76.82
69.59,69.59,86.35,73.43,75.76
73.07,73.07,81.83,74.14,75.65
78.29,78.29,71.31,73.32,76.04
77.75,77.75,83.47,73.58,75.27
76.63,76.63,80.23,71.97,75.06
75.92,75.92,76.46,71.94,74.91
74.94,74.94,75.43,69.46,76.27
74.60,74.60,61.07,67.76,77.50
75.52,75.52,70.76,69.95,77.57
76.60,76.60,65.17,72.17,77.74
76.68,76.68,63.64,73.72,77.55
76.40,76.40,69.56,72.19,76.39
73.57,73.57,73.04,71.08,73.53
73.63,73.63,82.25,73.59,73.07
72.12,72.12,81.94,70.42,72.82
73.66,73.66,82.86,69.15,74.90
72.84,72.84,80.13,70.76,76.27
74.59,74.59,71.71,70.60,73.93
75.54,75.54,75.33,71.63,73.97
74.55,74.55,66.39,67.86,74.28
76.37,76.37,70.36,67.11,73.96
75.78,75.78,77.47,69.41,73.91
78.24,78.24,75.29,71.65,73.99
78.98,78.98,73.69,66.81,74.72
74.64,74.64,66.11,71.56,75.08
64.58,64.58,62.56,72.63,72.64
62.62,62.62,58.47,69.19,72.45
65.94,65.94,53.52,64.22,71.21
67.33,67.33,45.44,63.27,69.47
69.54,69.54,52.78,64.73,68.41
69.11,69.11,58.16,67.12,68.00
70.17,70.17,63.27,66.34,69.25
70.64,70.64,77.34,70.28,70.00
67.76,67.76,90.45,67.40,70.09
69.54,69.54,93.38,65.31,70.43
68.82,68.82,88.84,64.50,70.22
69.71,69.71,89.58,65.68,70.68
71.43,71.43,91.20,68.28,70.28
77.21,77.21,87.68,68.35,72.60
78.69,78.69,77.64,71.31,72.81
79.79,79.79,71.59,71.69,72.91
81.03,81.03,83.11,70.94,71.47
78.60,78.60,82.56,68.74,70.98
77.93,77.93,83.35,73.94,72.95
77.13,77.13,82.13,74.65,72.89
77.93,77.93,82.94,69.71,73.36
79.12,79.12,70.72,68.72,73.53
79.76,79.76,71.93,66.02,72.91
78.47,78.47,70.12,64.72,72.71
77.80,77.80,87.71,73.12,73.63
77.71,77.71,81.54,67.96,73.72
75.98,75.98,80.87,64.68,74.19
76.63,76.63,84.42,66.08,73.70
75.56,75.56,89.50,66.98,72.66
72.66,72.66,93.94,68.42,71.35
72.19,72.19,92.08,71.65,72.15
74.46,74.46,87.80,75.24,73.01
75.37,75.37,88.86,74.64,73.55
73.88,73.88,86.26,72.41,74.01
72.81,72.81,81.36,72.36,73.78
74.44,74.44,75.40,69.96,73.23
72.09,72.09,85.11,75.45,73.19
68.44,68.44,83.59,73.99,71.97
65.04,65.04,79.02,74.75,70.33
63.64,63.64,76.66,75.69,70.26
60.39,60.39,73.49,74.26,68.79
57.44,57.44,67.48,73.96,68.96
54.09,54.09,74.37,72.52,68.85
56.80,56.80,81.36,75.98,71.48
55.47,55.47,85.22,76.42,73.23
50.79,50.79,93.13,76.98,73.69
50.42,50.42,88.09,76.51,75.79
53.06,53.06,88.59,79.94,76.13
52.15,52.15,91.74,77.85,74.83
52.38,52.38,86.78,75.55,75.95
53.05,53.05,86.58,77.63,76.01
54.30,54.30,83.60,75.82,76.98
50.96,50.96,84.64,75.21,76.94
52.11,52.11,84.01,77.53,77.74
50.26,50.26,85.33,77.36,77.03
48.39,48.39,80.49,74.35,75.94
45.85,45.85,77.45,75.79,76.23
46.40,46.40,67.01,78.73,75.76
44.80,44.80,71.99,79.08,77.32
45.87,45.87,72.14,79.57,76.79
45.42,45.42,68.36,79.57,76.62
45.68,45.68,69.40,81.25,76.72
47.10,47.10,65.96,79.72,75.15
46.02,46.02,65.15,79.00,75.71
44.93,44.93,57.80,80.78,75.39
43.20,43.20,57.52,80.40,76.22
43.44,43.44,56.66,79.14,74.46
40.36,40.36,59.41,79.79,76.32
42.70,42.70,59.48,81.12,75.82
40.29,40.29,56.18,79.79,73.51
40.68,40.68,54.39,79.30,75.01
38.02,38.02,55.14,80.79,75.03
37.98,37.98,50.50,79.63,75.79
39.79,39.79,54.66,78.86,74.82
40.10,40.10,55.73,80.64,75.61
46.61,46.61,49.52,81.00,75.44
44.80,44.80,43.80,79.75,74.76
42.52,42.52,50.71,80.49,75.92
41.56,41.56,51.83,81.13,75.10
33.88,33.88,52.51,81.15,73.99
33.30,33.30,48.69,81.08,75.06
34.69,34.69,45.37,81.61,75.01
31.87,31.87,49.27,80.94,75.35
34.00,34.00,57.19,81.09,75.60
37.81,37.81,62.61,82.54,73.62
34.57,34.57,53.66,80.20,74.77
35.65,35.65,51.61,80.59,75.00
34.25,34.25,51.27,82.16,75.96
34.77,34.77,51.12,80.52,74.96
32.31,32.31,55.20,79.83,74.63
30.37,30.37,50.86,82.07,74.06
34.09,34.09,42.68,82.47,74.82
30.97,30.97,36.43,80.18,75.31
31.49,31.49,38.35,80.91,75.16
33.51,33.51,39.99,81.58,74.57
32.06,32.06,40.79,80.36,75.41
34.74,34.74,41.25,79.99,75.82
38.29,38.29,42.82,82.13,74.69
39.35,39.35,46.84,81.64,72.92
38.20,38.20,52.19,79.42,75.64
37.19,37.19,59.17,80.09,75.04
33.20,33.20,67.08,79.94,73.92
28.54,28.54,78.97,79.29,72.21
36.51,36.51,83.20,79.34,69.76
45.55,45.55,84.36,78.22,70.86
52.06,52.06,87.05,74.51,73.07
56.83,56.83,83.58,76.20,73.97
58.26,58.26,70.34,79.77,73.93
56.90,56.90,74.40,79.75,75.73
52.27,52.27,67.76,77.71,75.45
51.64,51.64,63.63,77.68,75.62
47.52,47.52,59.12,78.49,75.15
46.26,46.26,58.04,78.53,78.07
47.25,47.25,57.69,80.43,78.14
44.53,44.53,53.83,78.97,77.36
48.74,48.74,55.75,77.02,77.72
47.05,47.05,53.73,76.81,76.72
50.25,50.25,54.68,76.63,76.32
56.27,56.27,47.30,77.96,77.82
64.48,64.48,42.13,80.21,79.33
68.59,68.59,49.93,80.34,79.14
65.38,65.38,48.59,77.03,77.22
61.31,61.31,53.09,77.32,75.77
67.73,67.73,54.87,77.95,76.55
67.45,67.45,56.71,78.40,78.65
64.06,64.06,58.05,79.75,79.97
62.66,62.66,59.45,80.13,82.23
63.38,63.38,52.21,77.80,80.96
60.06,60.06,52.57,77.13,78.25
56.22,56.22,61.02,79.11,76.45
51.52,51.52,68.71,80.48,76.93
50.72,50.72,73.48,79.79,75.42
55.82,55.82,76.69,80.23,74.38
54.61,54.61,75.89,79.88,73.96
51.96,51.96,72.66,79.09,74.29
46.71,46.71,67.40,79.62,74.49
38.73,38.73,58.89,80.54,75.38
38.08,38.08,61.75,80.08,73.58
39.48,39.48,61.34,79.54,74.22
39.80,39.80,61.17,80.97,74.58
41.92,41.92,58.18,78.34,74.71
46.70,46.70,72.17,76.95,74.65
47.64,47.64,89.58,77.91,71.61
46.70,46.70,90.91,78.29,70.63
43.11,43.11,90.40,78.67,72.95
44.55,44.55,89.97,78.90,74.28
43.61,43.61,90.62,78.55,72.08
44.25,44.25,92.40,77.82,72.10
51.86,51.86,90.56,78.95,74.00
59.93,59.93,83.23,79.23,75.43
68.31,68.31,71.12,77.73,74.33
70.98,70.98,81.86,79.27,71.89
73.08,73.08,77.58,78.03,71.19
72.24,72.24,70.40,78.84,72.02
70.79,70.79,66.35,78.79,71.79
78.19,78.19,68.08,79.31,73.24
76.70,76.70,70.14,77.97,74.89
68.46,68.46,75.58,75.54,73.39
66.03,66.03,68.71,75.34,73.51
60.70,60.70,68.48,74.98,71.64
58.91,58.91,83.17,77.78,72.07
56.70,56.70,87.67,78.52,72.32
55.82,55.82,93.43,76.98,71.75
60.61,60.61,91.41,77.35,71.26
57.01,57.01,90.36,77.99,73.09
59.06,59.06,90.53,78.59,71.80
67.74,67.74,90.42,77.35,71.79
74.33,74.33,87.42,77.04,73.51
72.96,72.96,81.01,77.91,74.07
74.69,74.69,73.62,76.70,73.51
75.71,75.71,80.62,76.92,74.30
73.39,73.39,80.69,76.89,73.98
73.34,73.34,77.15,77.41,72.08
73.66,73.66,70.87,77.44,72.71
73.69,73.69,68.64,77.32,72.49
73.88,73.88,61.91,78.05,73.05
75.01,75.01,54.29,76.46,72.39
77.33,77.33,65.14,76.54,73.31
74.48,74.48,67.87,77.47,72.17
74.73,74.73,65.99,77.10,71.77
75.66,75.66,62.26,75.90,73.94
74.65,74.65,65.97,78.22,73.49
75.71,75.71,63.12,79.04,73.45
75.82,75.82,57.48,77.94,74.17
76.46,76.46,54.87,75.91,73.74
77.48,77.48,64.10,75.04,71.82
73.92,73.92,60.28,75.25,72.26
74.16,74.16,63.95,77.43,73.10
74.77,74.77,65.96,78.64,75.35
74.85,74.85,70.04,77.58,74.88
73.73,73.73,71.58,75.79,73.50
70.77,70.77,72.41,73.48,73.33
72.15,72.15,69.13,75.12,72.38
72.62,72.62,71.23,77.11,73.54
71.56,71.56,67.27,77.06,72.42
66.46,66.46,67.44,76.37,72.95
64.16,64.16,64.89,74.55,73.39
64.42,64.42,71.20,74.50,73.62
60.60,60.60,83.38,72.07,72.17
59.61,59.61,89.39,68.43,71.21
59.19,59.19,93.54,69.13,69.79
61.29,61.29,90.21,70.29,69.86
68.80,68.80,91.56,72.26,71.68
72.83,72.83,88.01,74.74,72.21
73.94,73.94,89.10,75.88,71.50
74.92,74.92,87.32,74.55,73.01
74.57,74.57,83.35,72.83,73.31
73.68,73.68,74.85,77.12,72.31
73.45,73.45,81.98,75.76,73.10
72.83,72.83,82.73,75.38,73.44
72.40,72.40,76.19,75.77,75.93
73.79,73.79,70.38,74.76,74.59
73.69,73.69,66.60,75.31,74.88
73.44,73.44,68.12,74.14,72.88
74.18,74.18,58.11,76.27,72.12
73.01,73.01,65.84,74.96,70.71
71.77,71.77,75.80,70.32,71.89
72.49,72.49,83.72,68.00,70.98
72.87,72.87,84.71,66.97,70.77
72.36,72.36,83.49,71.38,70.77
73.18,73.18,76.60,73.38,72.08
71.60,71.60,73.91,72.98,70.40
73.22,73.22,72.89,72.66,72.78
72.96,72.96,67.76,73.34,74.51
72.05,72.05,66.93,74.84,74.98
72.04,72.04,65.12,74.13,73.67
73.00,73.00,64.89,74.81,71.74
72.65,72.65,64.59,72.98,71.00
71.88,71.88,58.86,68.58,70.07
74.22,74.22,57.45,68.02,67.91
74.01,74.01,54.12,67.96,68.12
74.27,74.27,52.48,69.72,67.64
73.72,73.72,55.92,70.34,69.72
74.29,74.29,56.81,68.91,69.19
74.01,74.01,59.27,68.53,67.99
74.17,74.17,69.74,71.52,66.01
74.41,74.41,84.36,71.50,66.48
74.42,74.42,89.16,67.14,69.06
74.17,74.17,86.07,70.12,70.01
76.44,76.44,84.28,71.49,70.40
79.70,79.70,86.69,70.33,70.10
78.93,78.93,84.60,64.69,70.12
78.54,78.54,88.42,64.79,70.69
80.57,80.57,83.79,69.52,70.77
80.62,80.62,76.69,62.81,74.24
80.74,80.74,76.93,60.77,73.19
79.59,79.59,72.42,67.62,72.21
79.39,79.39,71.77,65.02,70.90
80.90,80.90,76.83,64.86,70.74
79.32,79.32,84.37,62.72,70.52
78.81,78.81,81.87,66.79,69.82
79.11,79.11,77.42,65.68,69.78
79.76,79.76,73.18,67.50,72.62
77.69,77.69,73.72,67.52,72.14
77.41,77.41,71.73,70.20,69.06
78.05,78.05,86.11,72.52,69.29
77.47,77.47,84.73,70.19,70.47
78.61,78.61,81.44,69.02,71.42
75.78,75.78,72.37,71.61,72.59
73.82,73.82,72.42,68.25,72.98
72.09,72.09,75.79,66.22,72.61
73.39,73.39,83.59,65.67,70.10
69.96,69.96,83.00,68.11,71.04
70.18,70.18,77.79,69.80,71.18
70.72,70.72,73.44,72.80,71.89
66.50,66.50,76.26,72.32,71.53
61.70,61.70,76.11,74.13,72.28
61.81,61.81,85.89,77.46,71.74
55.71,55.71,79.60,74.40,71.84
58.90,58.90,78.33,69.53,69.79
62.89,62.89,69.51,73.07,67.88
68.24,68.24,70.52,67.68,68.21
74.00,74.00,67.58,63.48,67.75
80.47,80.47,77.95,71.43,67.82
79.09,79.09,79.30,71.40,69.17
83.69,83.69,87.32,76.03,70.67
84.18,84.18,91.77,73.87,68.35
73.43,73.43,88.14,76.51,70.27
76.46,76.46,88.28,72.71,70.97
77.27,77.27,91.34,73.10,71.65
73.35,73.35,90.64,75.99,72.01
74.60,74.60,88.71,75.98,72.38
80.15,80.15,86.82,78.64,73.03
77.21,77.21,79.84,77.28,72.42
76.09,76.09,81.11,79.46,74.28
79.61,79.61,83.15,79.49,74.70
80.39,80.39,82.88,80.11,74.65
74.77,74.77,77.81,78.67,75.47
77.11,77.11,71.47,79.70,74.45
78.68,78.68,65.28,76.38,73.75
79.33,79.33,66.28,77.88,73.88
80.33,80.33,68.18,75.80,73.74
81.14,81.14,71.33,78.37,72.68
80.25,80.25,71.51,76.91,74.48
82.04,82.04,68.83,77.46,74.43
82.21,82.21,67.67,78.96,75.13
81.37,81.37,63.25,76.84,73.22
79.77,79.77,59.69,76.07,74.53
78.27,78.27,57.42,75.15,75.63
80.87,80.87,54.02,75.22,74.52
81.75,81.75,53.48,77.61,74.54
80.77,80.77,51.04,76.49,73.40
80.95,80.95,51.84,78.25,73.40
81.77,81.77,49.41,75.52,74.03
80.37,80.37,47.88,78.10,74.51
77.54,77.54,47.09,75.46,73.04
79.41,79.41,40.13,77.99,72.44
79.03,79.03,39.78,76.10,72.00
78.95,78.95,46.27,77.58,73.39
77.54,77.54,41.71,74.12,73.33
74.90,74.90,39.15,78.42,73.91
73.90,73.90,39.01,75.06,74.44
77.95,77.95,44.13,74.49,73.59
77.98,77.98,49.67,74.71,73.24
79.39,79.39,53.81,74.88,73.74
83.52,83.52,49.75,73.92,73.44
82.68,82.68,44.57,74.39,73.32
78.93,78.93,41.51,76.14,73.08
74.22,74.22,40.68,75.68,73.46
72.37,72.37,39.00,75.10,73.45
77.87,77.87,35.23,74.31,71.99
79.50,79.50,36.35,76.28,72.45
82.43,82.43,35.81,74.51,72.11
84.20,84.20,35.32,75.75,71.88
84.88,84.88,37.77,73.38,71.94
82.36,82.36,40.22,74.95,72.58
78.57,78.57,36.88,73.01,71.61
77.97,77.97,37.25,74.98,72.57
81.86,81.86,41.58,73.92,73.09
83.37,83.37,43.15,74.64,72.65
80.55,80.55,45.08,74.49,72.45
78.26,78.26,54.41,74.90,72.71
81.85,81.85,68.29,73.27,72.61
81.01,81.01,76.44,72.27,72.74
77.33,77.33,81.96,75.39,72.14
75.89,75.89,78.39,73.37,70.91
76.48,76.48,79.78,82.09,70.26
77.24,77.24,76.68,81.93,70.97
81.23,81.23,63.29,77.14,70.27
82.25,82.25,64.62,73.00,70.22
83.09,83.09,57.45,72.82,71.88
83.35,83.35,57.56,74.36,73.63
79.33,79.33,59.60,77.96,71.53
78.75,78.75,52.83,74.56,71.46
77.27,77.27,48.54,76.54,73.13
75.99,75.99,46.32,74.86,72.00
76.46,76.46,46.10,76.85,72.89
78.42,78.42,46.69,73.16,72.58
80.97,80.97,43.61,76.66,71.96
83.81,83.81,39.89,74.86,70.98
83.82,83.82,38.97,74.14,73.54
82.20,82.20,40.99,74.52,72.80
78.73,78.73,45.72,74.33,72.09
74.64,74.64,51.62,74.33,72.48
72.47,72.47,57.16,74.48,73.10
72.43,72.43,60.91,74.73,73.56
71.86,71.86,61.96,74.49,72.55
74.89,74.89,59.10,75.98,71.78
75.62,75.62,55.18,74.22,72.83
80.11,80.11,46.01,74.86,72.60
83.01,83.01,42.83,73.13,72.89
83.86,83.86,46.73,74.86,72.43
82.24,82.24,55.38,73.44,71.48
78.16,78.16,58.22,75.97,72.05
73.16,73.16,57.75,73.68,73.07
79.77,79.77,57.23,75.11,73.82
82.20,82.20,62.04,70.60,73.13
82.49,82.49,62.77,74.62,73.12
82.80,82.80,57.65,72.51,71.54
81.98,81.98,50.55,70.64,71.94
80.57,80.57,57.16,72.76,72.45
76.35,76.35,63.50,74.48,72.56
78.26,78.26,78.17,75.31,71.10
80.79,80.79,90.92,73.43,69.85
81.51,81.51,92.46,72.93,69.09
76.99,76.99,89.96,73.54,69.24
77.39,77.39,90.02,71.90,69.08
79.90,79.90,86.97,73.59,69.21
82.41,82.41,89.89,71.72,69.31
80.67,80.67,82.99,75.84,70.98
78.34,78.34,76.67,71.82,73.17
82.11,82.11,75.16,77.08,72.20
83.65,83.65,85.10,72.15,73.23
82.36,82.36,80.69,77.48,72.59
82.03,82.03,73.88,70.59,72.45
82.82,82.82,74.27,76.16,73.34
79.75,79.75,70.29,72.46,72.26
83.25,83.25,70.17,76.38,71.94
75.15,75.15,72.63,71.22,72.45
79.21,79.21,66.51,76.38,73.25
79.22,79.22,72.47,72.77,71.92
78.57,78.57,68.09,76.01,72.27
77.99,77.99,71.36,74.90,73.54
77.43,77.43,87.19,76.59,71.36
76.19,76.19,92.71,75.44,68.57
75.53,75.53,90.29,71.04,68.93
73.30,73.30,91.44,71.65,68.28
75.30,75.30,89.57,73.42,70.68
77.04,77.04,91.26,70.27,71.70
82.24,82.24,87.69,73.09,71.00
84.34,84.34,80.99,73.47,69.88
81.75,81.75,75.59,72.47,70.03
78.57,78.57,82.24,72.20,70.90
78.39,78.39,75.34,73.88,70.48
81.88,81.88,79.27,71.97,71.21
79.86,79.86,64.97,73.20,71.11
80.04,80.04,62.87,70.59,72.02
81.78,81.78,62.26,73.74,72.25
83.16,83.16,67.76,73.68,73.06
82.76,82.76,63.40,72.72,71.96
81.79,81.79,62.61,73.26,72.73
80.01,80.01,60.72,72.23,72.33
80.76,80.76,68.21,73.54,71.71
80.54,80.54,67.29,73.13,71.29
81.94,81.94,67.04,74.03,72.47
80.89,80.89,51.71,72.23,71.44
81.97,81.97,40.67,70.91,73.64
82.53,82.53,53.58,73.06,71.79
80.49,80.49,56.43,69.28,71.75
79.68,79.68,62.10,72.88,72.66
79.67,79.67,63.74,70.00,72.69
79.78,79.78,65.44,72.07,72.17
78.60,78.60,67.05,69.52,73.11
78.38,78.38,62.90,71.21,72.00
78.60,78.60,69.59,69.16,71.87
78.67,78.67,68.46,70.78,71.87
79.89,79.89,61.90,72.40,72.56
79.93,79.93,60.05,73.21,73.89
79.69,79.69,63.55,72.51,73.14
78.95,78.95,66.20,72.98,71.88
77.51,77.51,78.86,72.45,72.19
74.90,74.90,90.56,72.56,70.22
74.26,74.26,89.86,73.08,69.67
75.28,75.28,91.22,73.20,69.40
73.65,73.65,91.30,71.83,69.60
76.26,76.26,89.36,71.14,71.45
74.97,74.97,88.50,72.86,72.57
75.70,75.70,88.84,73.06,71.57
73.45,73.45,82.79,72.90,72.31
72.99,72.99,71.51,73.07,73.21
74.44,74.44,81.77,72.99,72.91
74.46,74.46,78.01,71.42,72.84
74.60,74.60,76.85,69.07,70.94
75.91,75.91,64.70,66.88,68.62
77.76,77.76,62.18,66.90,67.82
76.26,76.26,56.64,66.46,68.29
76.03,76.03,60.27,65.12,64.99
76.66,76.66,56.98,64.94,65.09
75.42,75.42,65.82,62.00,66.46
71.65,71.65,75.32,60.32,68.05
67.42,67.42,81.54,62.60,67.30
66.90,66.90,82.17,75.81,69.11
65.78,65.78,81.95,70.67,70.67
70.45,70.45,75.21,68.72,69.77
80.74,80.74,69.57,69.78,70.81
80.50,80.50,67.45,70.96,70.38
79.53,79.53,62.31,71.49,70.28
77.58,77.58,56.73,65.80,67.32
76.61,76.61,65.60,68.25,69.82
76.73,76.73,65.36,65.56,69.09
76.71,76.71,62.37,71.10,69.75
76.63,76.63,65.35,69.62,69.26
77.72,77.72,64.80,70.40,69.17
77.78,77.78,73.05,71.25,68.91
76.42,76.42,76.32,69.50,71.13
76.71,76.71,74.60,70.19,68.86
76.91,76.91,71.88,69.97,67.67
75.53,75.53,66.10,71.08,67.62
76.23,76.23,66.72,71.07,68.13
76.24,76.24,87.81,73.67,66.17
75.76,75.76,93.15,70.05,64.79
75.57,75.57,90.62,67.08,65.34
75.13,75.13,88.84,68.66,67.66
74.77,74.77,92.21,70.72,68.72
75.56,75.56,91.29,70.50,70.68
75.71,75.71,88.56,70.98,69.68
75.67,75.67,84.46,70.76,69.30
75.76,75.76,79.38,70.95,68.95
74.91,74.91,80.00,70.19,68.61
76.28,76.28,73.97,70.67,68.16
76.79,76.79,77.04,71.26,69.41
75.84,75.84,75.20,70.59,68.53
75.27,75.27,75.71,70.77,69.79
75.96,75.96,75.58,69.99,69.61
75.08,75.08,74.70,69.97,71.00
74.05,74.05,69.10,67.54,70.31
75.47,75.47,73.59,59.18,70.16
74.53,74.53,88.51,55.47,69.37
72.52,72.52,92.38,57.35,68.80
73.70,73.70,90.42,61.66,66.28
72.55,72.55,91.43,62.72,67.56
72.30,72.30,90.66,68.54,68.74
71.24,71.24,89.83,67.34,68.37
70.02,70.02,88.23,68.83,69.02
74.21,74.21,77.69,69.32,69.72
69.84,69.84,75.43,70.70,69.80
68.46,68.46,82.83,69.80,70.74
71.90,71.90,78.18,68.54,71.22
68.63,68.63,74.87,68.69,69.13
67.64,67.64,71.23,67.40,68.56
68.20,68.20,78.95,68.94,70.28
68.83,68.83,78.47,65.04,67.90
70.91,70.91,75.18,64.45,66.17
70.14,70.14,69.17,62.45,65.49
70.29,70.29,56.13,62.22,66.42
69.89,69.89,65.65,64.75,68.58
71.01,71.01,76.00,66.09,69.57
69.68,69.68,90.03,60.85,70.64
67.90,67.90,90.21,71.27,69.50
66.76,66.76,92.80,75.31,71.12
65.81,65.81,90.77,75.74,70.29
74.78,74.78,90.74,73.80,72.78
78.49,78.49,77.67,75.77,71.83
78.24,78.24,87.20,74.88,73.08
77.49,77.49,85.76,75.52,73.69
77.13,77.13,81.30,75.75,72.31
76.16,76.16,79.22,76.75,72.87
75.86,75.86,73.96,77.13,74.41
75.66,75.66,79.19,79.25,73.95
75.59,75.59,70.04,79.56,72.83
76.26,76.26,74.14,77.99,71.57
77.24,77.24,70.69,81.62,72.71
77.45,77.45,72.22,76.08,72.00
77.14,77.14,68.02,79.16,72.16
76.76,76.76,76.03,76.72,73.25
78.08,78.08,69.71,77.27,75.00
78.02,78.02,69.30,78.24,73.60
78.03,78.03,68.47,76.19,74.38
76.99,76.99,66.81,76.63,74.06
77.20,77.20,63.89,78.11,73.69
77.47,77.47,66.82,75.63,74.00
77.33,77.33,69.58,78.09,73.92
75.49,75.49,60.78,75.69,73.78
75.41,75.41,65.17,74.97,74.27
75.70,75.70,63.97,78.31,75.08
75.33,75.33,68.92,73.60,74.17
74.21,74.21,60.43,77.98,73.62
72.85,72.85,71.00,77.20,73.90
72.47,72.47,72.38,75.35,73.77
74.19,74.19,73.27,77.98,73.71
75.08,75.08,74.81,77.58,73.77
75.01,75.01,72.50,76.21,73.62
74.88,74.88,65.06,77.92,73.33
74.82,74.82,61.50,76.31,73.40
76.45,76.45,66.74,76.90,72.86
77.95,77.95,69.73,77.36,73.62
77.29,77.29,85.14,79.18,72.85
76.05,76.05,91.86,76.04,71.68
76.10,76.10,92.81,72.49,71.40
76.86,76.86,89.14,73.69,71.39
77.49,77.49,91.96,75.08,73.37
78.02,78.02,89.46,73.45,73.63
77.86,77.86,89.90,75.50,72.52
78.13,78.13,84.46,74.65,73.83
79.46,79.46,80.81,73.86,74.02
80.30,80.30,77.32,76.74,74.45
80.55,80.55,73.10,72.52,74.64
80.55,80.55,82.72,75.71,74.10
80.45,80.45,71.82,75.86,75.18
80.08,80.08,72.62,71.60,74.22
80.12,80.12,72.47,77.32,75.19
79.29,79.29,68.45,74.13,75.24
79.15,79.15,70.72,73.23,74.85
77.81,77.81,67.72,76.17,73.42
77.11,77.11,72.19,70.25,70.90
76.55,76.55,82.60,71.19,71.86
78.28,78.28,83.35,76.20,72.73
80.03,80.03,74.61,79.89,70.78
77.96,77.96,70.31,82.31,72.58
78.29,78.29,66.56,74.41,73.40
78.58,78.58,69.10,77.57,73.26
79.97,79.97,60.82,77.08,73.55
80.48,80.48,58.85,75.25,75.00
80.07,80.07,56.61,71.86,74.44
79.56,79.56,53.56,74.28,73.43
78.89,78.89,52.62,75.36,74.08
77.70,77.70,59.71,74.52,74.04
75.86,75.86,56.43,77.57,74.21
75.89,75.89,54.00,76.03,74.29
75.79,75.79,49.38,75.06,75.43
77.14,77.14,46.67,76.45,74.60
78.56,78.56,43.84,75.29,73.52
77.71,77.71,48.62,75.97,74.16
77.78,77.78,49.35,75.38,74.53
78.73,78.73,51.34,75.40,75.39
77.47,77.47,60.84,75.69,75.00
77.85,77.85,61.82,75.09,75.39
77.53,77.53,64.63,76.13,75.24
78.48,78.48,73.89,77.43,74.65
78.76,78.76,75.02,74.95,74.31
78.24,78.24,72.81,76.33,75.45
78.23,78.23,67.49,75.83,73.52
78.61,78.61,67.89,73.73,72.98
78.04,78.04,72.86,75.90,73.73
78.26,78.26,73.78,74.47,73.41
77.07,77.07,71.65,73.38,73.76
75.03,75.03,73.88,74.75,73.56
74.20,74.20,72.20,73.54,73.55
75.21,75.21,67.02,74.83,72.77
74.54,74.54,64.37,74.06,72.74
75.29,75.29,65.50,73.37,73.97
74.85,74.85,63.64,74.43,74.16
74.69,74.69,64.57,72.90,73.46
76.09,76.09,63.49,68.98,73.57
75.71,75.71,79.76,68.45,73.04
75.44,75.44,89.29,68.77,72.49
75.78,75.78,93.07,73.49,73.88
76.49,76.49,89.83,72.25,73.24
77.94,77.94,89.71,71.48,74.46
78.49,78.49,88.26,70.45,75.09
79.03,79.03,88.30,72.39,74.28
77.95,77.95,86.14,77.26,74.93
77.12,77.12,81.01,70.48,73.84
77.97,77.97,74.99,76.09,73.62
78.74,78.74,72.65,75.50,71.82
77.73,77.73,70.01,77.25,71.56
80.03,80.03,73.50,75.92,72.39
79.34,79.34,66.95,78.05,71.36
78.11,78.11,68.25,75.93,71.66
77.37,77.37,67.11,78.67,71.64
81.43,81.43,66.48,75.72,71.09
80.91,80.91,60.26,78.12,69.97
79.97,79.97,63.56,75.80,70.69
73.31,73.31,51.09,77.99,62.92
73.02,73.02,36.70,77.08,64.57
65.92,65.92,41.58,77.83,66.60
62.18,62.18,41.54,77.59,67.11
64.02,64.02,40.19,76.39,67.27
62.86,62.86,41.72,77.68,68.30
67.38,67.38,41.13,76.97,67.75
69.00,69.00,39.71,76.86,65.98
64.04,64.04,39.26,76.39,68.68
61.76,61.76,38.21,75.94,69.24
57.91,57.91,40.83,75.53,69.86
62.84,62.84,38.66,75.47,70.33
62.46,62.46,37.22,75.55,70.30
65.15,65.15,35.36,75.15,69.15
65.84,65.84,36.14,72.24,66.72
55.92,55.92,36.21,70.38,61.49
54.77,54.77,36.31,68.87,55.95
59.21,59.21,37.16,67.14,57.67
54.80,54.80,36.50,63.61,55.91
59.26,59.26,35.26,59.26,53.29
57.86,57.86,35.61,52.77,55.04
61.10,61.10,36.00,45.43,55.93
59.90,59.90,35.93,37.25,55.32
62.01,62.01,32.59,29.23,51.46
53.11,53.11,31.03,29.34,48.91
53.26,53.26,29.91,38.53,49.42
49.68,49.68,25.46,48.73,48.33
50.57,50.57,28.56,72.75,56.63
54.66,54.66,32.62,81.05,62.77
54.42,54.42,25.56,78.73,65.01
55.65,55.65,28.72,78.61,64.52
52.10,52.10,29.25,79.32,65.35
51.97,51.97,33.11,78.76,64.43
44.80,44.80,32.87,78.50,63.95
44.27,44.27,32.28,78.65,64.67
44.89,44.89,28.92,76.96,61.96
49.72,49.72,25.09,76.86,61.63
39.18,39.18,20.02,78.36,63.62
43.55,43.55,15.53,78.20,63.77
41.11,41.11,14.81,77.65,65.19
39.36,39.36,15.08,76.49,64.17
40.37,40.37,16.12,74.24,63.73
38.67,38.67,13.54,71.65,59.47
40.93,40.93,12.54,70.60,54.96
38.87,38.87,14.37,68.27,51.91
41.22,41.22,15.69,65.57,52.55
38.87,38.87,16.94,59.68,50.60
45.27,45.27,27.74,54.50,47.59
43.65,43.65,32.11,47.12,48.45
43.21,43.21,29.18,40.86,48.37
41.85,41.85,24.93,41.61,49.54
39.35,39.35,23.67,44.51,49.09
40.02,40.02,22.76,44.98,49.08
36.80,36.80,18.16,48.57,49.41
23.63,23.63,18.79,73.15,56.71
4.88,4.88,21.58,80.25,62.05
7.22,7.22,14.10,79.97,68.35
22.52,22.52,16.90,78.74,63.49
28.44,28.44,12.93,79.37,64.78
33.48,33.48,10.98,78.84,62.56
25.62,25.62,15.42,79.15,64.65
31.04,31.04,27.43,78.73,66.17
19.80,19.80,30.19,78.86,64.83
25.83,25.83,27.91,78.90,61.96
34.93,34.93,26.11,79.33,64.74
30.76,30.76,24.79,78.17,66.61
27.16,27.16,22.48,77.84,64.82
25.01,25.01,22.00,78.19,68.34
17.02,17.02,22.98,78.71,70.18
19.56,19.56,20.63,76.49,68.00
28.40,28.40,17.78,73.37,61.32
27.56,27.56,16.10,71.22,61.02
29.82,29.82,18.10,69.29,59.95
31.90,31.90,18.87,66.79,57.37
33.02,33.02,17.55,59.67,54.53
35.03,35.03,20.51,55.25,53.72
34.62,34.62,26.50,48.74,52.52
36.98,36.98,27.99,44.94,55.37
37.72,37.72,30.06,38.40,56.20
37.99,37.99,31.29,34.26,55.06
39.09,39.09,31.69,34.69,54.98
37.99,37.99,32.69,31.38,56.82
36.36,36.36,29.43,37.96,57.10
33.63,33.63,22.21,43.49,55.67
26.75,26.75,18.12,44.20,54.72
24.68,24.68,21.97,57.55,66.02
12.36,12.36,32.75,74.15,72.00
6.59,6.59,41.93,78.18,69.93
10.79,10.79,43.69,79.23,70.62
15.46,15.46,40.59,77.99,71.01
22.87,22.87,35.25,78.42,73.35
20.72,20.72,30.98,75.84,72.98
17.63,17.63,27.50,76.47,68.45
18.44,18.44,24.53,75.66,68.60
18.82,18.82,22.73,76.84,70.21
16.85,16.85,22.34,78.17,69.18
18.26,18.26,22.22,76.19,67.19
16.09,16.09,22.99,74.44,67.14
17.38,17.38,22.57,76.49,67.43
16.51,16.51,22.88,77.02,67.53
17.04,17.04,20.71,74.36,68.20
20.68,20.68,20.36,76.56,65.77
23.57,23.57,25.03,75.50,62.41
23.95,23.95,21.69,70.63,58.10
26.79,26.79,19.25,63.97,51.49
26.23,26.23,19.90,65.46,53.15
28.66,28.66,17.98,62.37,54.47
30.50,30.50,17.57,56.20,55.99
33.76,33.76,18.56,47.87,56.92
36.52,36.52,21.46,45.13,55.72
36.41,36.41,23.57,42.01,53.24
33.70,33.70,16.70,37.33,52.48
27.15,27.15,19.90,33.27,51.22
22.93,22.93,24.89,41.83,59.74
16.04,16.04,30.74,49.38,65.63
19.77,19.77,37.31,40.64,67.42
20.31,20.31,43.85,38.52,66.99
20.36,20.36,42.79,39.90,68.72
22.14,22.14,40.25,34.67,67.85
24.19,24.19,38.54,35.97,72.03
22.80,22.80,37.08,35.87,71.71
23.07,23.07,35.83,31.78,70.22
24.84,24.84,34.25,29.46,68.93
26.85,26.85,33.65,25.78,65.69
26.59,26.59,34.22,30.50,62.88
29.80,29.80,34.11,35.23,63.17
30.08,30.08,38.31,32.39,63.02
29.26,29.26,34.85,29.47,61.48
29.86,29.86,32.83,29.76,58.56
29.30,29.30,33.61,27.23,52.79
26.48,26.48,31.48,23.90,57.50
23.21,23.21,34.55,27.16,60.18
23.75,23.75,33.18,31.31,66.57
20.10,20.10,38.84,42.55,65.02
22.05,22.05,35.42,34.92,67.68
23.37,23.37,30.14,28.82,63.05
25.62,25.62,29.00,23.88,63.90
21.25,21.25,27.29,24.26,63.86
22.30,22.30,29.81,18.25,64.28
28.63,28.63,32.21,21.46,66.54
28.54,28.54,33.94,21.77,67.71
26.15,26.15,29.77,18.40,65.59
23.54,23.54,30.08,20.10,64.47
19.72,19.72,28.46,18.55,62.08
20.72,20.72,29.78,20.24,63.33
22.79,22.79,24.40,20.87,65.84
22.52,22.52,23.28,18.16,66.94
26.58,26.58,24.90,20.40,65.51
30.58,30.58,25.20,21.14,62.11
26.86,26.86,28.53,18.51,64.88
21.58,21.58,25.38,16.95,62.22
22.96,22.96,25.71,15.55,62.40
25.65,25.65,28.77,12.58,59.06
26.62,26.62,23.30,15.08,59.80
25.78,25.78,21.31,14.35,60.27
27.89,27.89,24.06,11.41,57.60
30.76,30.76,26.09,13.33,58.82
28.20,28.20,26.70,18.39,59.27
31.65,31.65,28.01,15.82,56.97
32.20,32.20,28.55,18.25,55.45
27.89,27.89,32.84,19.35,55.57
28.17,28.17,33.58,24.34,53.73
23.97,23.97,29.28,20.16,54.46
30.45,30.45,36.23,23.78,55.28
25.28,25.28,31.77,21.77,53.06
27.79,27.79,35.83,19.93,53.70
30.04,30.04,34.30,17.08,54.02
29.72,29.72,33.14,15.21,54.57
31.74,31.74,32.55,12.34,53.75
37.50,37.50,31.72,13.37,54.34
31.31,31.31,31.58,14.73,52.75
30.89,30.89,28.39,14.82,54.70
23.02,23.02,30.89,21.81,56.01
29.04,29.04,39.72,42.79,61.13
30.59,30.59,40.42,53.92,68.90
25.38,25.38,44.40,57.68,68.72
22.33,22.33,57.06,78.88,68.18
23.56,23.56,61.26,83.45,68.14
7.87,7.87,69.10,82.78,68.65
5.29,5.29,76.44,81.81,69.64
5.77,5.77,76.84,82.12,69.51
3.39,3.39,72.22,81.56,70.04
7.56,7.56,65.33,83.07,71.57
5.20,5.20,61.43,82.30,73.13
8.62,8.62,58.82,82.83,73.03
13.87,13.87,57.00,81.81,72.81
12.79,12.79,57.91,81.31,73.59
16.62,16.62,51.52,80.40,74.06
18.62,18.62,53.80,80.79,74.74
22.59,22.59,54.12,83.91,75.31
9.57,9.57,52.67,80.75,72.23
8.00,8.00,49.91,80.38,69.71
10.18,10.18,49.72,82.02,68.78
11.32,11.32,52.49,82.74,68.50
10.98,10.98,73.51,80.60,70.19
11.74,11.74,82.56,72.34,67.29
12.76,12.76,83.10,77.81,60.48
14.78,14.78,87.12,78.83,66.24
14.53,14.53,85.57,78.23,69.93
18.87,18.87,82.98,79.02,71.77
17.77,17.77,81.37,77.85,73.34
21.42,21.42,78.47,78.95,72.73
23.34,23.34,77.73,77.64,73.90
25.20,25.20,79.81,74.83,74.01
23.51,23.51,74.28,75.33,71.63
23.37,23.37,77.39,76.30,72.27
27.11,27.11,73.21,75.98,73.25
29.62,29.62,73.81,75.78,71.56
31.04,31.04,71.48,75.56,73.28
32.55,32.55,69.48,74.67,73.15
33.93,33.93,69.47,74.55,73.16
32.66,32.66,67.09,74.93,70.72
26.52,26.52,68.14,74.77,71.84
23.02,23.02,64.24,74.90,73.40
23.21,23.21,65.84,72.97,71.35
25.61,25.61,60.42,75.94,72.09
23.65,23.65,62.24,75.96,70.76
25.04,25.04,57.76,76.58,74.18
26.06,26.06,58.48,76.69,71.85
28.26,28.26,53.27,76.80,70.96
28.93,28.93,55.58,76.44,69.81
29.46,29.46,51.04,76.94,71.86
34.48,34.48,52.17,76.94,67.64
32.25,32.25,45.06,76.85,68.94
29.44,29.44,47.20,76.74,70.55
30.56,30.56,44.14,76.69,66.23
31.69,31.69,46.52,76.42,64.54
34.52,34.52,41.45,76.43,63.80
32.82,32.82,37.55,75.75,68.56
33.38,33.38,39.03,75.83,63.76
37.25,37.25,30.28,75.08,70.75
38.85,38.85,27.69,74.67,67.72
34.22,34.22,50.60,74.58,70.53
31.91,31.91,64.52,71.50,72.25
26.43,26.43,70.57,68.37,71.82
23.25,23.25,90.19,68.95,68.87
19.54,19.54,90.79,66.49,68.70
16.05,16.05,87.48,72.04,66.25
21.44,21.44,87.36,81.65,68.84
17.88,17.88,87.14,79.42,70.07
15.27,15.27,80.44,82.45,71.79
16.35,16.35,79.46,83.04,71.77
14.82,14.82,73.21,82.43,73.98
13.39,13.39,76.46,82.83,71.03
14.59,14.59,72.77,82.72,75.06
11.25,11.25,73.55,81.83,72.17
15.16,15.16,71.36,82.22,76.31
12.74,12.74,68.98,81.57,76.36
12.41,12.41,69.27,81.75,75.73
14.77,14.77,66.84,82.20,75.15
14.97,14.97,68.22,82.54,76.76
17.18,17.18,64.71,81.93,73.80
19.06,19.06,66.00,81.29,74.98
19.93,19.93,61.22,81.31,68.78
19.97,19.97,63.48,80.41,71.60
18.67,18.67,57.98,80.76,72.07
21.37,21.37,60.16,80.37,67.84
22.23,22.23,55.14,80.59,68.69
24.20,24.20,56.65,80.18,69.30
25.27,25.27,52.25,80.72,66.71
30.23,30.23,52.19,80.46,68.05
31.45,31.45,47.35,80.67,65.58
31.29,31.29,49.11,80.85,63.79
31.88,31.88,44.17,80.19,64.47
29.75,29.75,44.42,80.29,67.18
25.82,25.82,40.39,79.92,68.96
24.61,24.61,40.18,80.35,68.22
25.67,25.67,36.48,79.94,68.98
22.50,22.50,34.35,80.40,66.98
21.70,21.70,33.45,80.03,71.30
22.36,22.36,33.05,80.43,71.47
20.94,20.94,28.37,80.28,69.81
20.68,20.68,26.67,80.67,68.76
19.35,19.35,28.67,81.05,71.04
17.73,17.73,23.60,80.44,70.32
18.59,18.59,22.22,80.42,66.71
19.05,19.05,20.95,80.16,67.04
21.14,21.14,21.56,80.33,69.26
24.55,24.55,21.22,79.92,64.80
27.98,27.98,22.34,80.28,59.29
29.46,29.46,24.69,79.73,61.57
30.11,30.11,23.55,80.18,59.59
29.75,29.75,26.77,79.92,58.59
33.26,33.26,32.22,80.13,57.64
29.31,29.31,30.11,80.46,60.13
30.58,30.58,29.50,79.87,61.65
30.05,30.05,23.54,79.75,63.61
29.09,29.09,22.14,79.55,60.82
29.34,29.34,24.15,79.57,67.00
28.87,28.87,21.19,79.33,70.94
27.36,27.36,19.28,79.65,72.90
27.33,27.33,16.41,79.30,67.16
26.20,26.20,20.11,79.54,65.68
21.56,21.56,31.36,79.26,70.05
15.54,15.54,49.43,79.70,68.89
10.23,10.23,63.76,80.25,76.30
11.11,11.11,58.23,79.51,75.05
15.05,15.05,48.82,79.03,71.12
19.07,19.07,41.17,78.74,63.28
24.45,24.45,29.95,78.38,64.90
25.80,25.80,23.59,78.08,66.10
29.37,29.37,22.19,78.10,68.55
32.11,32.11,21.64,77.81,64.84
30.33,30.33,24.87,78.33,66.67
30.33,30.33,19.82,77.93,68.16
29.35,29.35,22.36,78.06,68.10
29.91,29.91,25.73,78.49,68.64
32.59,32.59,27.02,77.91,71.93
38.16,38.16,27.74,77.81,73.32
35.94,35.94,32.35,77.56,70.39
38.31,38.31,50.63,76.99,70.80
32.43,32.43,60.36,76.16,69.92
27.49,27.49,73.03,77.23,68.56
24.16,24.16,92.90,76.59,68.26
20.36,20.36,88.89,74.61,66.48
22.29,22.29,82.83,74.91,73.25
19.91,19.91,76.07,77.36,71.16
19.54,19.54,74.75,83.57,74.24
21.29,21.29,77.40,81.86,69.88
22.01,22.01,75.86,82.26,73.23
20.42,20.42,75.38,83.65,72.14
20.55,20.55,77.11,82.47,70.09
22.02,22.02,72.05,81.73,70.35
21.83,21.83,73.32,81.89,70.43
18.55,18.55,69.62,82.17,71.66
18.46,18.46,70.22,80.61,71.27
21.64,21.64,67.02,80.28,73.11
20.07,20.07,68.51,80.18,75.11
22.09,22.09,66.48,80.99,72.43
17.79,17.79,65.58,79.51,70.51
19.50,19.50,62.29,78.57,73.17
18.62,18.62,63.31,79.95,73.83
16.84,16.84,63.40,80.24,71.58
19.21,19.21,58.51,78.70,71.24
22.23,22.23,61.20,79.04,71.75
23.55,23.55,56.11,79.75,74.04
23.56,23.56,56.01,80.06,69.28
28.25,28.25,50.97,79.33,70.41
27.93,27.93,51.70,78.54,69.98
34.13,34.13,48.32,79.92,72.32
37.36,37.36,49.14,79.68,67.50
41.69,41.69,44.83,78.30,68.55
40.74,40.74,47.09,78.90,68.44
37.88,37.88,42.92,79.46,68.07
40.01,40.01,42.89,78.87,67.69
37.48,37.48,36.45,78.60,70.58
37.23,37.23,35.91,78.15,69.18
38.43,38.43,33.76,79.90,63.76
38.02,38.02,44.14,78.65,68.62
31.41,31.41,56.24,77.16,68.67
25.82,25.82,69.41,76.43,64.65
13.05,13.05,82.55,75.76,64.01
7.96,7.96,92.09,75.08,64.17
7.62,7.62,87.37,62.81,67.39
8.52,8.52,82.94,76.89,67.39
3.51,3.51,85.10,78.73,66.93
0.76,0.76,81.68,82.05,70.36
1.74,1.74,76.81,79.24,71.22
8.55,8.55,77.42,82.95,72.11
15.03,15.03,75.61,82.04,73.38
17.37,17.37,73.61,81.46,73.11
16.86,16.86,75.20,82.10,72.04
18.53,18.53,70.20,80.04,69.97
20.56,20.56,71.91,82.11,70.79
17.12,17.12,67.52,80.05,69.02
18.69,18.69,70.13,81.73,70.29
21.46,21.46,65.90,81.09,68.49
23.58,23.58,68.08,79.70,67.17
23.71,23.71,63.42,81.29,68.15
21.62,21.62,64.67,80.03,65.90
19.78,19.78,60.94,80.71,65.37
20.89,20.89,62.03,80.06,67.64
21.85,21.85,58.58,80.43,67.96
18.83,18.83,58.89,81.82,66.18
19.74,19.74,54.94,80.09,67.79
19.74,19.74,54.44,81.53,69.82
17.18,17.18,50.92,80.32,72.03
15.74,15.74,50.60,79.84,71.70
15.92,15.92,50.58,81.02,71.76
16.91,16.91,47.90,80.05,73.29
18.14,18.14,47.09,81.41,70.95
18.40,18.40,41.01,79.41,73.75
18.02,18.02,41.87,80.20,71.09
19.04,19.04,38.64,80.45,72.92
22.11,22.11,38.56,78.77,68.89
19.93,19.93,32.58,80.48,68.60
24.11,24.11,31.20,78.84,65.13
25.43,25.43,24.63,79.54,63.58
24.99,24.99,21.81,78.93,61.26
27.23,27.23,21.56,78.67,60.55
28.08,28.08,20.22,80.15,60.41
28.78,28.78,17.29,77.76,58.27
28.91,28.91,19.68,79.88,60.49
28.54,28.54,19.92,78.62,60.83
27.73,27.73,18.85,77.89,59.64
26.27,26.27,18.51,79.38,61.02
28.23,28.23,19.12,77.71,62.53
30.54,30.54,20.03,79.45,61.53
30.25,30.25,19.02,77.25,64.58
27.12,27.12,17.16,78.12,63.46
23.50,23.50,16.31,78.98,65.04
24.15,24.15,16.22,76.80,65.13
25.40,25.40,18.68,79.20,65.26
23.51,23.51,16.75,77.20,62.46
22.99,22.99,19.23,78.20,64.91
24.09,24.09,19.18,77.67,66.52
21.96,21.96,20.10,77.36,62.49
22.77,22.77,19.42,79.10,61.98
22.77,22.77,18.63,76.62,63.22
22.92,22.92,17.28,78.77,63.59
26.45,26.45,23.04,77.78,64.42
30.81,30.81,38.98,77.19,65.65
34.41,34.41,52.22,77.25,65.84
26.71,26.71,59.51,79.52,65.75
17.48,17.48,67.12,76.57,62.53
17.90,17.90,79.22,86.06,66.10
24.79,24.79,76.90,74.90,62.79
33.08,33.08,71.44,76.89,63.98
34.62,34.62,66.88,79.92,67.16
37.22,37.22,61.44,75.91,66.13
38.83,38.83,56.45,77.85,66.29
39.67,39.67,54.60,79.08,68.20
38.23,38.23,49.93,78.58,65.50
38.97,38.97,47.64,77.64,66.91
40.24,40.24,46.15,78.72,65.83
38.26,38.26,44.07,77.06,65.34
38.06,38.06,44.69,77.63,66.18
38.58,38.58,39.65,77.18,71.44
37.43,37.43,40.44,78.19,65.93
42.22,42.22,39.04,75.85,65.61
49.40,49.40,50.16,75.47,65.84
54.24,54.24,62.59,69.51,67.97
59.83,59.83,66.28,66.10,63.95
67.13,67.13,83.16,65.49,65.23
70.32,70.32,85.75,62.28,65.36
66.60,66.60,80.32,74.82,63.97
58.51,58.51,64.64,79.76,63.51
46.03,46.03,72.77,79.50,64.86
44.85,44.85,70.70,75.93,67.94
49.75,49.75,74.63,79.80,68.34
52.83,52.83,74.06,78.67,72.17
54.87,54.87,72.06,79.85,70.39
57.67,57.67,75.72,79.16,67.60
59.48,59.48,70.79,79.91,71.09
54.28,54.28,72.60,79.27,66.95
54.41,54.41,69.04,79.20,66.89
61.42,61.42,70.32,79.52,70.09
62.11,62.11,65.68,77.89,68.78
56.29,56.29,67.34,79.02,68.00
52.97,52.97,64.63,77.49,66.31
55.46,55.46,63.87,78.76,65.40
59.42,59.42,67.28,76.27,67.61
60.63,60.63,63.24,75.99,65.95
58.17,58.17,72.28,74.92,65.66
55.68,55.68,92.74,74.90,62.94
58.22,58.22,88.97,72.64,68.05
57.80,57.80,80.96,75.34,68.20
51.32,51.32,76.76,76.05,66.58
47.92,47.92,81.12,76.75,66.18
51.12,51.12,76.03,75.36,69.36
52.18,52.18,73.79,75.70,71.21
51.80,51.80,77.06,74.19,70.88
53.39,53.39,72.43,72.99,73.34
51.46,51.46,73.75,73.83,69.17
50.09,50.09,72.97,72.88,70.93
52.17,52.17,69.29,74.91,71.88
51.50,51.50,69.50,73.40,69.35
51.23,51.23,67.16,74.72,67.45
51.02,51.02,69.07,73.19,66.64
54.99,54.99,65.90,74.80,68.15
55.57,55.57,65.12,74.95,68.45
55.35,55.35,62.14,73.28,69.44
54.95,54.95,61.78,74.25,69.71
52.90,52.90,61.02,68.92,68.50
52.57,52.57,68.32,69.74,69.67
53.38,53.38,93.40,75.28,71.81
53.06,53.06,89.53,78.53,68.74
53.38,53.38,84.54,82.69,70.75
50.47,50.47,82.29,82.06,71.62
50.20,50.20,80.01,82.10,71.22
48.79,48.79,77.48,83.76,71.11
47.41,47.41,72.40,82.01,72.15
45.38,45.38,76.23,81.71,72.93
45.43,45.43,70.73,83.08,72.51
46.02,46.02,74.07,82.68,71.25
42.87,42.87,70.29,81.48,72.46
42.55,42.55,69.62,81.71,70.89
41.00,41.00,67.91,82.16,70.45
37.91,37.91,66.52,81.77,74.22
39.75,39.75,65.88,81.07,72.57
36.80,36.80,62.82,82.86,75.04
37.06,37.06,63.38,81.70,76.87
41.36,41.36,59.03,80.36,77.72
46.16,46.16,60.39,81.76,77.21
50.31,50.31,56.89,81.64,77.78
54.04,54.04,57.99,80.86,75.21
54.98,54.98,51.98,81.67,72.94
52.57,52.57,53.56,81.62,74.06
46.67,46.67,48.07,80.62,72.32
42.38,42.38,51.76,81.56,73.10
41.13,41.13,48.44,81.86,77.36
39.29,39.29,49.16,80.51,77.61
41.55,41.55,45.20,81.35,77.73
40.22,40.22,44.71,81.88,75.88
39.39,39.39,39.06,80.98,70.57
37.96,37.96,37.58,80.15,68.91
35.85,35.85,36.27,81.56,69.41
31.60,31.60,37.71,81.27,73.92
31.78,31.78,28.99,79.38,77.74
29.31,29.31,31.74,80.90,76.95
30.23,30.23,31.08,81.01,76.67
33.70,33.70,31.82,78.93,75.34
39.38,39.38,33.29,80.48,74.08
38.79,38.79,27.50,81.06,74.78
37.22,37.22,22.87,79.33,73.11
34.25,34.25,20.52,79.97,75.62
29.78,29.78,22.47,80.77,75.42
28.23,28.23,21.25,79.76,77.23
29.15,29.15,20.40,78.64,75.62
31.95,31.95,17.81,80.44,75.06
29.70,29.70,15.74,80.22,72.12
28.63,28.63,14.78,78.71,73.61
30.84,30.84,16.62,80.65,71.73
31.41,31.41,14.35,80.76,69.27
30.71,30.71,13.44,79.37,67.04
29.34,29.34,11.74,81.38,69.72
31.05,31.05,10.82,81.38,69.49
30.23,30.23,12.18,79.44,69.38
31.33,31.33,12.00,80.79,71.23
29.42,29.42,12.87,81.61,68.77
29.55,29.55,12.80,80.81,69.63
24.36,24.36,18.78,80.81,69.13
21.73,21.73,20.31,79.59,67.79
17.77,17.77,18.61,80.09,66.64
16.93,16.93,16.86,76.66,73.54
15.89,15.89,15.17,79.90,72.92
18.19,18.19,12.67,73.36,68.46
19.25,19.25,14.36,77.76,67.89
19.25,19.25,21.07,73.19,66.93
32.24,32.24,31.23,75.46,68.72
37.80,37.80,37.24,74.55,66.30
37.64,37.64,33.74,73.77,66.52
35.07,35.07,29.08,75.64,66.34
33.40,33.40,28.68,73.71,68.81
32.20,32.20,25.05,74.31,68.15
29.96,29.96,23.64,73.62,67.77
28.26,28.26,35.96,75.75,66.30
26.41,26.41,46.58,71.50,70.32
23.30,23.30,69.72,69.69,65.76
21.64,21.64,73.85,61.81,67.46
19.59,19.59,90.19,57.69,67.93
21.88,21.88,84.46,54.11,68.70
21.55,21.55,82.65,63.86,67.31
22.99,22.99,78.31,80.30,63.73
21.23,21.23,70.65,76.23,70.91
21.82,21.82,68.51,79.04,67.12
20.52,20.52,67.71,80.06,69.52
19.76,19.76,73.43,80.45,68.51
19.10,19.10,75.76,79.64,67.15
21.17,21.17,71.33,79.85,68.45
23.68,23.68,73.92,80.57,69.53
26.76,26.76,71.60,78.11,69.66
30.96,30.96,69.83,80.84,69.41
28.99,28.99,68.02,78.29,69.85
28.25,28.25,68.47,79.56,68.15
26.09,26.09,69.26,78.73,68.20
26.40,26.40,62.31,77.95,66.52
27.29,27.29,64.78,79.73,68.59
24.02,24.02,64.24,77.00,68.13
26.05,26.05,65.32,77.48,67.81
24.10,24.10,56.71,75.51,68.05
21.78,21.78,57.24,70.35,70.15
21.97,21.97,52.00,69.61,68.02
16.59,16.59,50.68,76.50,69.58
16.86,16.86,50.90,82.97,65.82
17.06,17.06,35.26,75.53,66.72
18.22,18.22,35.36,77.46,69.79
19.50,19.50,45.59,71.01,67.41
21.21,21.21,48.66,77.99,65.96
21.47,21.47,48.16,74.63,67.27
22.67,22.67,43.99,73.55,67.34
24.80,24.80,38.43,76.41,66.71
19.53,19.53,47.38,74.01,69.30
19.94,19.94,48.85,74.83,65.91
19.10,19.10,44.33,75.23,66.55
20.60,20.60,40.15,74.57,66.00
20.94,20.94,40.28,72.92,68.90
19.59,19.59,34.15,75.75,61.64
23.11,23.11,50.61,72.49,61.03
29.89,29.89,62.55,73.19,63.20
38.02,38.02,70.26,68.08,61.71
35.71,35.71,82.89,74.35,60.90
36.09,36.09,75.75,76.92,60.73
36.73,36.73,82.54,75.42,62.39
35.24,35.24,84.56,77.30,64.84
36.06,36.06,81.84,75.70,66.90
40.77,40.77,78.77,74.43,69.72
47.75,47.75,79.91,75.14,68.49
55.87,55.87,77.21,78.26,70.30
63.15,63.15,76.74,78.61,70.04
67.20,67.20,76.50,76.69,72.59
65.17,65.17,72.45,75.13,71.07
64.54,64.54,74.56,77.13,71.85
67.74,67.74,71.12,77.68,71.00
73.70,73.70,72.19,76.57,75.46
71.67,71.67,67.76,75.88,72.63
66.78,66.78,69.82,76.74,69.30
57.28,57.28,67.09,76.16,63.76
56.27,56.27,68.25,75.94,63.68
57.69,57.69,64.00,75.90,62.77
59.81,59.81,63.75,76.50,61.85
62.90,62.90,62.74,75.79,63.48
64.94,64.94,58.58,75.10,64.46
71.19,71.19,58.06,76.38,70.52
71.52,71.52,59.20,76.10,71.33
65.39,65.39,59.21,75.86,67.49
61.98,61.98,57.08,74.40,65.73
61.83,61.83,55.28,75.64,64.69
57.94,57.94,52.36,75.89,64.91
66.09,66.09,52.72,75.03,66.38
70.33,70.33,50.87,74.20,71.54
69.90,69.90,53.99,74.86,70.99
70.31,70.31,44.92,74.43,72.26
70.72,70.72,41.04,73.64,73.00
69.20,69.20,44.23,74.24,70.62
69.50,69.50,44.04,73.89,71.16
69.58,69.58,38.79,74.20,70.42
69.79,69.79,47.64,72.75,71.38
71.88,71.88,40.85,73.06,73.70
72.92,72.92,38.91,73.76,75.65
71.90,71.90,35.01,72.89,74.18
71.68,71.68,32.74,71.93,73.55
70.19,70.19,34.78,73.04,70.77
70.35,70.35,32.58,72.44,71.19
70.41,70.41,31.89,72.51,71.33
70.48,70.48,33.79,71.03,72.29
69.93,69.93,31.55,71.71,71.25
70.10,70.10,30.95,72.15,71.08
68.67,68.67,33.01,70.55,68.98
68.45,68.45,31.74,70.77,69.32
67.77,67.77,29.84,71.24,68.54
68.53,68.53,32.53,70.83,68.78
70.14,70.14,29.94,69.71,70.73
70.53,70.53,26.28,70.51,71.05
69.78,69.78,30.41,70.38,71.22
67.01,67.01,35.50,70.00,69.27
61.95,61.95,45.50,70.57,72.55
61.73,61.73,44.58,72.21,70.17
64.53,64.53,46.28,73.38,70.93
62.97,62.97,54.28,72.72,69.68
63.66,63.66,60.86,73.23,68.01
68.51,68.51,73.84,72.94,69.75
68.00,68.00,77.98,71.69,68.04
67.29,67.29,71.77,71.97,70.59
64.95,64.95,68.18,72.84,72.74
69.09,69.09,60.23,73.41,72.18
64.99,64.99,57.92,72.54,69.66
69.23,69.23,54.23,73.54,72.93
67.62,67.62,56.54,74.36,71.88
66.51,66.51,50.84,73.11,70.86
64.16,64.16,48.98,73.35,69.43
70.60,70.60,51.32,73.63,73.83
61.14,61.14,47.28,72.19,69.96
62.65,62.65,44.58,71.27,67.73
61.88,61.88,44.90,69.03,65.00
62.63,62.63,44.91,68.16,64.63
62.62,62.62,59.95,63.93,64.36
62.64,62.64,66.70,55.52,63.15
60.69,60.69,85.88,64.98,63.37
61.38,61.38,89.74,71.45,59.70
64.78,64.78,85.23,74.03,67.54
69.30,69.30,84.64,79.37,71.24
64.79,64.79,83.02,76.49,71.05
60.13,60.13,77.71,78.15,66.26
61.05,61.05,75.96,78.20,65.99
62.91,62.91,75.40,80.27,66.04
66.63,66.63,72.76,78.99,67.78
71.67,71.67,75.60,78.84,71.05
71.93,71.93,70.27,78.79,68.15
74.90,74.90,72.34,78.15,70.47
75.59,75.59,69.92,77.95,72.51
75.40,75.40,69.14,78.15,73.82
73.06,73.06,66.45,78.14,70.67
71.59,71.59,67.59,77.59,70.26
70.35,70.35,65.11,77.59,71.31
63.23,63.23,61.64,77.69,70.64
62.02,62.02,64.43,78.25,70.29
62.64,62.64,61.29,78.07,70.33
64.45,64.45,62.16,77.67,67.88
55.90,55.90,58.18,77.27,66.94
59.52,59.52,61.61,76.84,66.24
58.51,58.51,55.91,77.54,66.53
60.93,60.93,55.29,76.99,66.08
52.65,52.65,52.49,77.22,64.02
51.00,51.00,54.06,76.71,63.97
50.26,50.26,47.96,76.12,63.66
57.57,57.57,47.76,76.80,63.07
54.14,54.14,46.52,76.38,61.75
54.67,54.67,49.27,76.30,63.17
61.71,61.71,46.05,75.62,66.03
59.25,59.25,43.70,76.09,64.13
59.39,59.39,37.71,75.39,64.88
53.06,53.06,40.77,75.85,63.04
47.75,47.75,31.81,75.01,64.11
55.80,55.80,38.84,75.39,63.07
53.62,53.62,49.70,74.11,60.63
60.03,60.03,59.03,71.50,65.34
59.74,59.74,69.79,68.30,69.23
57.31,57.31,89.45,74.75,69.07
60.79,60.79,88.11,72.35,72.16
59.37,59.37,84.96,80.37,71.30
56.47,56.47,81.09,83.30,74.69
49.31,49.31,75.64,78.48,72.69
61.81,61.81,74.55,82.02,72.34
72.13,72.13,76.94,81.25,76.20
71.72,71.72,73.68,81.73,75.19
69.22,69.22,73.41,82.08,73.30
69.53,69.53,75.03,82.46,74.17
73.28,73.28,70.51,82.47,71.67
75.62,75.62,73.15,82.49,73.67
73.22,73.22,67.03,81.75,72.17
68.23,68.23,68.93,81.91,68.95
61.44,61.44,65.23,82.25,65.93
65.02,65.02,67.93,81.63,69.03
68.76,68.76,64.55,81.91,68.59
69.43,69.43,63.98,81.48,70.21
71.63,71.63,58.85,81.37,69.38
73.04,73.04,60.75,80.77,70.27
72.15,72.15,57.69,80.97,69.04
72.40,72.40,56.40,80.47,70.03
70.47,70.47,56.56,80.89,70.64
68.49,68.49,53.34,80.50,69.61
69.39,69.39,51.57,80.99,71.85
67.66,67.66,51.77,81.14,68.76
68.63,68.63,52.35,80.56,68.85
64.33,64.33,42.98,80.99,69.78
66.61,66.61,46.90,80.18,69.31
67.81,67.81,47.35,80.40,69.31
69.62,69.62,44.93,79.92,70.49
69.20,69.20,31.08,80.38,68.48
67.63,67.63,34.46,79.91,67.91
64.81,64.81,42.64,80.60,66.62
59.95,59.95,41.07,80.17,65.05
63.25,63.25,29.08,80.47,66.42
61.86,61.86,33.21,80.49,65.18
61.18,61.18,31.88,80.86,66.32
65.58,65.58,29.28,80.56,67.54
64.49,64.49,28.57,80.16,66.45
63.80,63.80,28.14,80.35,67.50
65.74,65.74,28.58,79.86,68.22
65.50,65.50,27.92,80.14,68.39
63.81,63.81,28.81,79.80,68.93
61.49,61.49,30.16,80.05,68.52
62.82,62.82,28.45,79.71,68.30
54.64,54.64,26.88,79.98,66.62
60.84,60.84,26.20,79.89,66.29
63.72,63.72,26.40,80.24,67.55
63.79,63.79,27.64,80.05,67.49
66.03,66.03,26.69,79.68,66.68
65.31,65.31,27.48,79.56,63.78
62.20,62.20,28.15,79.23,63.52
62.48,62.48,28.55,79.28,64.24
67.32,67.32,27.47,79.02,64.53
67.04,67.04,29.32,79.34,63.44
62.68,62.68,29.60,78.91,61.86
61.14,61.14,27.35,79.29,58.85
59.23,59.23,28.99,79.09,59.19
62.67,62.67,28.32,79.33,61.07
68.08,68.08,26.86,79.60,62.50
67.86,67.86,23.94,78.99,64.15
63.36,63.36,23.21,78.82,65.73
55.35,55.35,25.41,78.65,64.19
58.14,58.14,32.11,78.60,66.46
61.78,61.78,45.66,78.36,66.98
56.58,56.58,58.44,78.38,68.98
47.71,47.71,67.81,78.08,74.04
59.41,59.41,62.20,78.53,69.53
48.86,48.86,56.73,78.21,69.77
48.56,48.56,48.43,78.50,68.12
56.48,56.48,47.19,78.59,65.95
57.71,57.71,45.10,77.78,62.95
55.35,55.35,47.52,77.64,64.26
57.90,57.90,47.95,77.55,64.52
55.82,55.82,45.39,77.26,63.86
60.81,60.81,38.93,74.87,64.76
62.08,62.08,42.96,71.06,66.12
63.16,63.16,65.02,71.54,64.92
59.90,59.90,79.54,82.01,61.58
50.29,50.29,86.15,83.34,60.81
43.02,43.02,86.00,83.58,68.22
53.66,53.66,83.81,81.66,69.18
55.06,55.06,82.21,81.64,68.68
57.46,57.46,82.95,80.68,72.03
55.32,55.32,77.61,81.04,73.25
57.31,57.31,76.41,80.42,73.48
61.65,61.65,78.05,79.40,75.28
58.81,58.81,74.82,81.01,71.88
55.92,55.92,77.54,81.09,72.71
47.26,47.26,71.12,79.31,71.78
43.54,43.54,73.65,79.95,68.93
48.93,48.93,70.18,78.99,69.22
52.70,52.70,71.01,80.67,67.97
50.74,50.74,68.03,79.81,66.79
47.74,47.74,67.69,78.74,65.08
50.12,50.12,65.74,79.56,66.74
55.49,55.49,65.40,79.60,66.92
56.04,56.04,74.84,75.41,65.87
57.21,57.21,85.66,75.92,66.46
50.35,50.35,87.11,76.35,64.93
50.60,50.60,86.10,77.35,63.94
49.37,49.37,85.03,78.76,66.67
44.98,44.98,83.85,79.27,66.26
44.71,44.71,77.05,79.36,66.71
43.62,43.62,79.58,79.23,67.60
46.01,46.01,76.89,77.88,66.02
48.54,48.54,76.06,78.34,71.08
44.39,44.39,75.93,78.70,70.41
52.52,52.52,72.31,79.73,68.82
50.00,50.00,74.86,78.98,68.25
45.85,45.85,70.41,78.17,67.17
54.54,54.54,71.92,78.98,69.34
55.36,55.36,67.24,79.97,66.88
47.33,47.33,69.98,78.38,62.65
44.54,44.54,65.10,78.76,63.61
48.29,48.29,66.76,78.90,64.60
51.39,51.39,63.06,79.27,65.40
46.25,46.25,76.16,78.26,66.99
46.82,46.82,90.54,78.28,67.34
48.26,48.26,83.43,71.13,67.40
50.19,50.19,85.61,74.22,66.86
53.73,53.73,87.90,82.69,67.96
50.40,50.40,81.42,81.44,68.33
42.12,42.12,76.87,82.15,66.76
44.25,44.25,77.32,82.37,69.78
39.95,39.95,70.33,80.54,67.46
44.32,44.32,72.13,78.45,69.03
40.80,40.80,70.10,80.51,70.30
43.94,43.94,72.24,83.10,72.71
41.26,41.26,67.28,83.21,76.55
42.22,42.22,65.42,81.30,74.66
42.47,42.47,61.33,79.67,74.67
42.90,42.90,63.30,80.78,73.72
41.45,41.45,62.77,81.64,75.90
39.58,39.58,59.32,81.04,71.85
40.51,40.51,57.49,79.75,72.29
46.34,46.34,47.02,79.09,74.48
41.77,41.77,49.78,79.84,71.40
41.50,41.50,50.81,80.82,71.59
41.19,41.19,48.00,80.30,70.32
41.35,41.35,38.61,79.75,71.00
44.14,44.14,36.11,79.54,67.82
41.79,41.79,39.15,80.58,68.98
41.78,41.78,41.87,81.57,68.10
40.23,40.23,31.81,80.68,70.58
39.70,39.70,25.25,80.02,68.93
41.12,41.12,28.24,80.21,68.14
41.19,41.19,30.56,80.46,70.50
38.08,38.08,29.02,80.50,71.39
38.51,38.51,23.98,80.30,70.30
37.02,37.02,23.18,79.99,70.13
36.95,36.95,24.85,80.05,70.09
37.89,37.89,23.79,80.28,71.81
37.63,37.63,23.24,80.21,69.78
38.55,38.55,20.65,80.23,68.79
39.63,39.63,22.81,80.14,70.46
35.89,35.89,23.28,80.21,69.40
38.11,38.11,24.61,80.31,66.62
36.71,36.71,24.34,80.57,66.20
36.93,36.93,25.83,80.75,67.27
38.46,38.46,26.12,80.96,67.26
37.21,37.21,25.93,80.49,65.76
37.69,37.69,25.05,80.40,65.30
38.15,38.15,25.26,80.25,64.96
38.10,38.10,23.88,80.19,65.15
35.89,35.89,24.74,80.13,65.02
35.21,35.21,24.19,80.08,67.03
34.71,34.71,25.51,80.10,65.63
34.38,34.38,23.57,80.06,63.06
36.47,36.47,25.47,80.05,63.44
35.60,35.60,25.08,80.06,65.74
34.02,34.02,23.28,80.08,68.07
28.92,28.92,33.77,80.07,69.03
22.71,22.71,40.98,80.01,70.25
23.90,23.90,49.67,80.26,71.74
31.15,31.15,55.68,80.60,72.46
25.27,25.27,61.36,79.95,72.84
11.98,11.98,66.12,79.50,72.14
12.87,12.87,81.02,79.11,75.46
13.63,13.63,79.46,79.61,71.19
22.27,22.27,73.03,79.86,75.92
24.20,24.20,67.79,79.11,74.50
28.74,28.74,62.78,79.25,73.43
29.97,29.97,56.58,79.33,74.75
33.29,33.29,56.57,78.68,70.64
33.32,33.32,53.33,78.73,73.23
32.70,32.70,54.88,79.26,73.45
33.59,33.59,48.99,79.76,72.26
35.54,35.54,49.35,79.02,74.03
35.94,35.94,53.68,79.04,72.20
35.85,35.85,51.92,79.82,70.88
37.58,37.58,50.95,79.03,67.77
38.54,38.54,46.75,78.67,69.20
38.64,38.64,44.19,77.95,66.77
39.15,39.15,45.19,78.33,66.39
38.12,38.12,42.46,78.89,62.44
39.68,39.68,42.11,78.31,63.91
42.03,42.03,45.17,77.73,63.76
43.25,43.25,41.89,77.84,65.96
47.45,47.45,42.75,78.13,65.88
47.65,47.65,41.84,77.94,64.59
44.03,44.03,39.46,77.61,67.30
42.85,42.85,39.71,77.47,69.13
41.45,41.45,42.03,77.75,67.08
42.87,42.87,40.85,77.66,67.96
42.40,42.40,39.42,77.65,67.32
42.86,42.86,36.73,78.01,64.61
41.37,41.37,38.75,77.36,62.99
45.34,45.34,38.58,77.07,62.85
47.98,47.98,35.72,77.05,64.34
44.01,44.01,37.74,76.81,66.14
46.57,46.57,36.05,76.49,65.59
47.70,47.70,46.75,75.98,66.22
40.21,40.21,58.11,72.76,67.16
39.91,39.91,66.05,69.56,67.63
37.95,37.95,88.96,71.24,65.89
42.82,42.82,89.44,71.12,64.99
46.64,46.64,85.41,67.50,65.11
47.13,47.13,79.86,62.31,62.75
46.13,46.13,79.18,62.36,61.51
44.94,44.94,74.13,60.92,61.72
44.47,44.47,71.02,60.36,64.94
47.13,47.13,74.19,58.81,66.78
51.28,51.28,78.57,60.28,64.98
53.76,53.76,73.74,54.28,59.64
50.52,50.52,76.90,44.63,60.91
44.94,44.94,73.98,48.44,65.01
48.79,48.79,73.18,49.05,66.24
47.19,47.19,70.72,46.93,66.37
45.65,45.65,70.64,39.08,63.91
46.67,46.67,71.76,45.25,61.94
41.80,41.80,68.26,45.24,63.97
44.08,44.08,70.67,33.85,66.74
46.98,46.98,66.25,37.90,67.34
47.80,47.80,87.96,49.90,66.81
41.95,41.95,81.25,51.18,66.58
41.68,41.68,79.97,68.57,65.59
33.51,33.51,65.05,74.77,67.32
32.92,32.92,66.57,79.84,73.98
41.57,41.57,59.65,77.84,74.22
44.17,44.17,65.85,82.73,78.19
50.54,50.54,68.64,84.26,77.39
50.91,50.91,68.79,84.03,75.09
49.03,49.03,62.93,81.50,73.68
45.38,45.38,63.15,79.49,73.76
44.04,44.04,60.85,80.78,75.06
48.04,48.04,64.46,82.00,71.34
52.10,52.10,61.92,81.88,72.29
48.43,48.43,58.83,80.93,70.65
52.30,52.30,49.60,80.09,69.56
57.72,57.72,54.33,80.02,64.86
60.68,60.68,53.32,81.17,65.37
59.29,59.29,52.17,80.66,67.05
59.75,59.75,53.64,78.39,63.43
56.58,56.58,44.26,74.36,64.62
49.36,49.36,40.17,71.89,68.42
45.94,45.94,45.04,78.61,70.21
48.52,48.52,40.48,84.42,67.65
50.16,50.16,39.25,85.64,67.36
45.00,45.00,32.40,80.03,73.33
44.59,44.59,19.50,83.46,74.36
38.20,38.20,21.60,82.23,68.27
44.84,44.84,23.93,81.87,68.39
47.39,47.39,19.70,81.54,73.78
45.33,45.33,19.65,81.36,73.73
48.53,48.53,18.21,81.42,68.88
46.21,46.21,12.70,81.41,70.23
45.62,45.62,17.40,81.20,71.70
50.87,50.87,14.24,80.99,73.43
51.03,51.03,21.62,80.97,70.27
51.80,51.80,19.08,81.11,67.73
51.51,51.51,22.23,80.96,69.34
47.24,47.24,20.96,79.80,68.00
50.26,50.26,21.95,76.70,61.72
54.11,54.11,24.14,74.07,63.50
50.21,50.21,32.49,69.96,68.52
41.43,41.43,27.33,82.55,67.49
38.23,38.23,25.81,85.37,67.97
40.66,40.66,23.46,82.67,69.89
39.75,39.75,18.56,83.73,71.07
40.48,40.48,20.97,82.29,71.08
44.18,44.18,19.71,82.14,69.96
44.38,44.38,15.48,81.87,72.26
45.96,45.96,13.73,81.77,72.28
50.23,50.23,17.88,81.61,71.29
47.70,47.70,16.62,81.38,68.66
48.27,48.27,18.75,81.24,70.49
51.21,51.21,19.82,81.06,68.82
49.67,49.67,24.57,80.88,65.91
50.60,50.60,24.35,80.77,63.49
49.61,49.61,31.09,80.53,63.81
51.65,51.65,28.75,78.54,65.44
43.45,43.45,27.65,75.20,59.55
43.22,43.22,27.45,71.90,59.42
45.11,45.11,28.68,68.39,62.89
41.37,41.37,31.27,65.70,62.35
41.70,41.70,39.70,59.83,68.03
51.49,51.49,53.64,62.93,74.37
55.86,55.86,46.29,83.46,62.36
53.76,53.76,41.49,82.46,63.42
50.66,50.66,24.13,82.05,66.38
50.13,50.13,19.33,82.15,65.87
48.83,48.83,15.81,81.45,67.58
50.05,50.05,16.65,82.96,70.92
49.84,49.84,12.81,81.48,70.14
46.99,46.99,9.90,82.66,68.84
46.78,46.78,14.57,81.33,69.60
49.00,49.00,16.72,81.29,68.63
46.40,46.40,17.19,82.55,66.98
49.29,49.29,16.24,80.46,66.01
49.18,49.18,17.90,82.07,66.02
47.39,47.39,30.32,77.63,63.99
49.19,49.19,49.37,74.19,63.26
49.15,49.15,57.43,71.60,65.29
49.43,49.43,68.72,73.09,65.00
51.54,51.54,81.86,83.73,62.58
52.85,52.85,68.92,85.38,61.73
52.06,52.06,67.50,80.83,62.24
53.26,53.26,69.70,83.68,61.45
54.30,54.30,69.08,80.93,62.13
54.24,54.24,65.42,83.71,62.10
51.51,51.51,68.65,83.56,63.34
50.12,50.12,64.59,82.13,60.52
49.29,49.29,67.38,83.42,62.66
49.43,49.43,64.25,81.41,62.46
47.99,47.99,61.66,82.26,63.04
50.52,50.52,62.15,81.37,63.96
51.71,51.71,58.77,81.31,64.20
53.15,53.15,58.54,81.62,63.90
50.20,50.20,52.56,76.64,60.91
50.82,50.82,56.85,73.40,59.67
50.41,50.41,65.07,64.14,57.66
52.63,52.63,62.77,58.37,61.78
53.44,53.44,84.91,68.52,60.75
52.56,52.56,86.29,66.35,60.01
51.79,51.79,87.45,80.24,62.13
54.83,54.83,83.75,79.40,59.32
55.74,55.74,82.19,81.41,56.08
53.71,53.71,76.87,80.87,56.97
56.30,56.30,75.06,83.21,55.65
56.38,56.38,77.70,83.34,53.89
53.95,53.95,71.88,81.32,55.78
52.86,52.86,75.23,83.13,58.65
52.18,52.18,70.37,81.27,56.22
51.40,51.40,72.53,82.18,57.84
46.51,46.51,68.99,81.37,58.16
43.30,43.30,68.19,80.62,58.68
37.50,37.50,64.48,80.42,60.92
34.25,34.25,65.31,75.42,72.97
32.13,32.13,65.91,72.73,72.99
31.70,31.70,62.08,66.53,69.38
29.43,29.43,63.04,62.10,73.20
29.44,29.44,59.98,64.67,73.90
26.24,26.24,84.12,76.38,72.84
21.97,21.97,84.69,79.82,70.93
26.56,26.56,82.20,78.05,69.85
28.72,28.72,78.17,81.39,68.98
31.38,31.38,78.19,80.79,67.29
31.83,31.83,78.58,82.91,67.44
31.19,31.19,74.10,82.17,71.12
35.01,35.01,73.30,82.86,69.16
37.12,37.12,74.46,82.88,64.94
42.38,42.38,70.82,81.44,67.54
44.10,44.10,72.86,82.85,62.29
47.79,47.79,68.01,80.55,65.07
48.71,48.71,70.34,82.63,66.88
49.27,49.27,65.78,81.05,70.37
48.72,48.72,67.08,82.60,71.15
46.87,46.87,63.55,80.94,70.59
43.99,43.99,64.54,81.82,68.97
47.57,47.57,62.46,81.72,68.32
43.93,43.93,61.05,80.37,67.89
47.48,47.48,60.43,81.73,70.43
45.99,45.99,56.49,79.95,68.94
46.23,46.23,56.81,81.79,68.69
46.32,46.32,53.82,80.11,68.44
44.15,44.15,54.45,81.82,66.39
44.84,44.84,48.01,80.11,64.65
42.50,42.50,46.51,81.30,63.92
43.58,43.58,41.04,81.26,62.71
41.69,41.69,41.62,80.29,60.70
44.87,44.87,35.72,81.58,62.10
43.45,43.45,38.10,79.88,60.57
41.74,41.74,34.07,81.72,62.11
44.15,44.15,30.25,79.96,61.66
41.83,41.83,24.62,81.62,62.49
42.94,42.94,24.11,80.01,61.19
42.18,42.18,21.80,81.04,61.19
43.65,43.65,20.25,81.02,62.45
42.14,42.14,22.52,79.93,62.85
44.02,44.02,17.88,81.43,62.05
44.84,44.84,18.56,79.54,64.05
44.52,44.52,16.55,81.56,62.14
45.89,45.89,18.20,79.44,65.10
45.37,45.37,18.42,81.31,65.08
44.20,44.20,26.32,79.71,63.14
43.34,43.34,24.56,81.02,64.65
45.01,45.01,24.16,80.77,63.00
41.17,41.17,23.67,79.76,63.71
38.64,38.64,21.92,81.41,62.48
38.80,38.80,21.04,79.53,63.58
38.65,38.65,18.61,81.62,63.22
37.83,37.83,19.98,79.49,61.62
39.72,39.72,20.18,81.47,61.93
39.47,39.47,19.93,80.07,60.37
39.72,39.72,18.48,81.12,60.66
39.43,39.43,18.23,81.11,59.07
39.38,39.38,20.63,80.16,59.24
40.27,40.27,17.90,81.57,60.82
41.36,41.36,20.09,79.73,60.07
43.22,43.22,17.50,81.82,61.37
44.71,44.71,18.94,79.66,63.33
46.71,46.71,19.09,81.48,64.27
49.98,49.98,22.03,79.94,66.63
50.88,50.88,19.45,80.93,66.34
51.64,51.64,20.80,80.91,68.73
51.28,51.28,20.43,79.86,68.21
51.39,51.39,21.66,81.08,68.13
51.54,51.54,20.05,79.12,66.92
52.28,52.28,21.83,81.13,68.00
51.60,51.60,22.73,79.14,67.44
48.61,48.61,23.30,80.88,68.64
48.02,48.02,24.10,79.09,68.02
47.10,47.10,26.28,79.91,66.10
47.43,47.43,26.45,80.18,64.04
47.06,47.06,24.76,78.80,62.47
47.64,47.64,21.79,80.36,62.37
47.36,47.36,19.84,78.25,61.69
46.37,46.37,15.12,80.25,63.08
46.98,46.98,18.18,78.19,64.30
48.48,48.48,24.38,79.94,65.66
49.34,49.34,28.44,79.88,65.60
49.69,49.69,30.97,86.71,69.74
49.74,49.74,30.21,83.24,66.53
50.34,50.34,27.56,82.47,65.64
50.52,50.52,25.04,81.49,65.24
48.83,48.83,23.24,81.98,66.65
48.94,48.94,22.85,83.57,67.32
47.32,47.32,23.64,82.57,67.71
46.30,46.30,24.68,82.26,67.49
45.55,45.55,24.15,82.27,66.56
42.11,42.11,23.85,83.00,68.50
42.16,42.16,22.10,81.87,66.72
43.74,43.74,23.97,80.94,64.94
46.42,46.42,23.33,81.34,62.97
47.23,47.23,21.80,82.27,62.90
50.30,50.30,23.32,80.51,62.09
51.93,51.93,22.23,80.38,61.10
51.30,51.30,20.62,80.21,62.33
51.36,51.36,30.13,81.31,63.84
50.36,50.36,35.00,79.98,65.22
50.20,50.20,48.87,79.10,65.91
50.13,50.13,64.91,78.82,65.73
50.44,50.44,83.33,76.02,65.63
50.01,50.01,87.40,78.34,64.57
50.26,50.26,83.94,77.21,64.32
49.34,49.34,82.20,81.35,66.04
50.84,50.84,78.65,81.01,68.03
48.70,48.70,76.13,81.25,69.25
48.89,48.89,76.41,80.98,70.80
48.99,48.99,72.17,81.43,71.85
48.00,48.00,74.70,80.11,73.02
47.89,47.89,71.20,80.97,72.45
46.10,46.10,70.36,79.26,72.69
45.75,45.75,70.21,80.62,72.45
43.95,43.95,67.25,79.87,72.11
43.87,43.87,68.80,80.44,70.61
43.70,43.70,64.19,81.34,69.42
43.98,43.98,66.00,80.74,68.35
44.06,44.06,62.96,80.71,66.97
39.59,39.59,60.45,78.07,66.59
36.15,36.15,60.11,73.82,68.13
26.27,26.27,67.01,71.13,69.09
6.52,6.52,80.23,73.34,70.19
5.05,5.05,79.55,70.63,72.26
4.36,4.36,80.10,77.64,66.53
16.97,16.97,79.52,78.70,69.26
24.36,24.36,79.58,79.64,72.17
26.94,26.94,77.55,79.41,73.02
26.33,26.33,75.83,80.24,76.22
27.53,27.53,77.35,80.53,74.72
25.52,25.52,73.35,80.32,76.30
24.22,24.22,73.87,79.37,75.96
23.69,23.69,71.79,79.81,77.63
23.90,23.90,69.30,79.68,75.38
26.51,26.51,70.66,80.12,74.51
27.80,27.80,66.94,79.11,75.06
27.93,27.93,68.20,79.66,73.96
29.58,29.58,64.67,78.95,69.96
28.74,28.74,66.88,79.00,69.17
29.97,29.97,61.69,78.86,65.72
32.09,32.09,63.19,78.68,64.77
32.66,32.66,59.14,77.92,66.83
30.23,30.23,61.03,78.13,65.97
29.63,29.63,55.38,78.07,67.29
32.25,32.25,57.67,78.06,70.45
29.50,29.50,54.47,78.21,70.83
28.79,28.79,54.71,78.20,71.93
33.14,33.14,49.74,78.12,73.53
32.28,32.28,48.47,78.03,73.03
29.67,29.67,44.37,78.03,72.04
30.57,30.57,46.57,77.70,70.82
29.41,29.41,42.02,77.48,71.14
27.59,27.59,37.23,76.96,69.87
25.59,25.59,35.74,76.60,67.38
24.75,24.75,34.41,76.89,68.35
23.57,23.57,30.69,76.69,67.94
22.06,22.06,28.14,76.71,65.59
24.35,24.35,29.34,76.29,65.81
24.81,24.81,25.55,76.32,65.56
24.41,24.41,27.82,76.23,65.68
24.32,24.32,24.75,75.89,63.97
26.69,26.69,22.82,75.85,63.30
25.73,25.73,23.60,75.38,61.43
26.23,26.23,22.01,74.93,60.79
27.54,27.54,19.97,74.20,58.05
27.41,27.41,20.64,74.09,56.96
23.61,23.61,19.98,74.33,55.15
22.52,22.52,20.12,74.09,55.23
21.01,21.01,22.19,74.61,54.61
24.33,24.33,23.44,74.22,57.56
26.30,26.30,24.13,74.73,57.35
26.60,26.60,24.41,74.48,62.62
24.73,24.73,25.65,74.42,60.67
25.62,25.62,25.23,74.45,61.89
23.19,23.19,24.76,73.93,62.62
22.60,22.60,25.79,73.94,60.27
22.26,22.26,26.49,73.30,60.20
24.35,24.35,26.51,72.75,59.35
24.89,24.89,25.29,72.75,61.43
24.59,24.59,29.95,72.30,61.93
22.10,22.10,38.86,72.02,61.96
17.23,17.23,50.14,72.00,59.29
7.91,7.91,59.86,70.88,59.39
6.66,6.66,73.42,70.85,65.15
11.05,11.05,61.61,70.42,60.05
15.43,15.43,57.52,70.70,58.33
18.17,18.17,47.20,69.29,60.42
17.68,17.68,42.16,69.19,61.56
20.92,20.92,37.35,68.87,62.60
18.65,18.65,34.12,68.75,63.54
21.38,21.38,40.71,67.30,63.13
22.34,22.34,38.38,66.85,61.68
23.28,23.28,35.71,66.46,59.87
23.86,23.86,38.00,63.43,61.94
24.17,24.17,29.67,63.29,63.39
27.35,27.35,29.43,58.48,65.32
27.02,27.02,27.97,60.01,66.28
26.97,26.97,31.96,55.76,68.48
25.50,25.50,40.71,58.87,68.12
22.15,22.15,46.67,53.21,68.67
17.05,17.05,61.76,64.30,66.46
13.21,13.21,81.53,65.20,69.15
10.75,10.75,83.75,61.29,68.27
11.90,11.90,79.47,48.10,70.56
15.34,15.34,78.10,45.73,68.77
17.69,17.69,77.82,52.54,67.05
25.09,25.09,73.27,53.07,66.31
30.13,30.13,71.62,57.05,67.05
26.33,26.33,74.22,61.89,66.61
20.74,20.74,69.78,60.72,65.48
25.71,25.71,71.79,60.12,63.89
24.67,24.67,67.68,59.42,64.30
28.05,28.05,68.62,60.38,63.36
32.53,32.53,66.28,62.42,62.44
32.39,32.39,64.54,64.28,61.90
29.18,29.18,64.24,65.43,64.07
26.27,26.27,62.11,65.77,67.05
26.25,26.25,63.60,64.33,68.07
28.52,28.52,59.11,69.04,67.95
34.05,34.05,58.52,69.83,68.28
36.39,36.39,63.34,65.03,66.03
35.48,35.48,78.91,77.24,67.22
34.25,34.25,76.10,76.23,67.94
32.83,32.83,79.32,68.27,68.41
31.27,31.27,79.31,77.97,69.46
30.24,30.24,75.55,71.32,68.99
32.85,32.85,70.69,66.98,68.94
34.57,34.57,73.06,74.09,68.19
34.23,34.23,71.32,71.34,68.63
32.94,32.94,70.28,73.04,69.27
29.29,29.29,69.93,72.21,68.39
27.66,27.66,67.95,71.74,69.15
25.57,25.57,69.27,73.00,68.95
24.56,24.56,64.95,70.98,69.08
20.70,20.70,65.65,70.85,68.48
17.78,17.78,62.42,71.59,68.13
11.13,11.13,65.13,68.88,68.98
11.16,11.16,59.28,65.97,67.93
9.07,9.07,62.82,67.47,66.61
8.28,8.28,64.96,70.97,70.22
6.01,6.01,84.90,72.80,67.00
8.15,8.15,85.06,68.16,69.27
15.84,15.84,80.78,61.61,71.61
21.87,21.87,79.50,69.27,73.21
20.26,20.26,82.12,77.18,69.04
16.07,16.07,77.15,72.75,67.90
18.22,18.22,69.67,74.43,66.68
17.19,17.19,71.51,73.63,69.97
27.88,27.88,69.77,73.10,67.61
32.63,32.63,70.56,72.10,63.93
32.37,32.37,69.68,72.83,64.99
28.27,28.27,68.32,73.56,65.69
24.57,24.57,68.68,73.91,65.49
24.36,24.36,65.38,73.36,64.45
22.77,22.77,66.51,72.90,65.08
21.67,21.67,63.05,73.48,66.05
18.29,18.29,64.85,73.54,67.74
17.63,17.63,61.29,73.14,67.52
18.42,18.42,62.09,73.56,68.90
22.51,22.51,58.21,73.79,68.01
21.19,21.19,59.98,73.38,68.17
19.95,19.95,54.17,72.76,66.63
17.02,17.02,56.89,72.57,67.76
16.36,16.36,52.50,72.19,66.98
16.36,16.36,53.04,70.91,67.85
16.19,16.19,49.48,70.72,66.93
17.44,17.44,51.17,69.26,66.73
18.72,18.72,47.02,67.74,65.45
19.00,19.00,48.08,65.74,64.17
24.16,24.16,47.47,63.27,62.51
27.91,27.91,47.12,60.51,63.06
28.49,28.49,44.48,56.44,61.41
32.81,32.81,41.30,50.27,61.46
33.62,33.62,41.72,42.73,59.33
32.85,32.85,37.58,50.84,59.21
28.91,28.91,39.02,54.65,59.00
28.11,28.11,36.99,55.73,58.21
26.78,26.78,37.40,54.93,58.02
24.62,24.62,29.50,53.34,55.97
25.66,25.66,36.02,53.22,59.11
28.21,28.21,30.26,52.70,57.92
27.64,27.64,26.44,50.98,59.49
27.81,27.81,28.93,49.89,58.23
28.07,28.07,24.22,47.18,59.57
28.19,28.19,28.98,48.19,58.74
29.81,29.81,33.42,49.30,57.81
27.80,27.80,33.22,49.50,58.24
27.30,27.30,26.72,49.74,57.87
28.28,28.28,21.26,49.15,57.09
29.14,29.14,27.15,47.96,54.23
31.26,31.26,22.16,47.80,55.55
27.60,27.60,27.34,47.85,54.29
29.32,29.32,23.55,47.36,52.60
28.46,28.46,22.36,46.71,52.42
28.90,28.90,23.87,45.51,51.61
27.45,27.45,21.35,44.35,51.27
27.53,27.53,24.44,44.14,53.38
26.65,26.65,26.17,44.79,55.72
24.79,24.79,23.10,46.41,60.64
26.83,26.83,26.58,47.19,63.88
28.88,28.88,31.46,47.64,66.49
22.17,22.17,27.68,47.87,67.24
20.47,20.47,33.56,48.89,68.86
15.32,15.32,41.47,48.37,66.25
8.09,8.09,45.26,47.12,65.88
3.21,3.21,57.49,48.28,68.31
2.39,2.39,69.93,46.80,67.37
2.51,2.51,69.68,46.91,65.00
8.64,8.64,59.47,46.54,65.74
17.63,17.63,53.44,47.37,66.15
22.10,22.10,52.80,47.89,64.02
23.19,23.19,50.76,47.97,63.68
23.87,23.87,47.78,47.56,61.41
22.52,22.52,43.85,48.42,61.72
28.73,28.73,41.51,48.45,59.73
29.47,29.47,40.25,47.95,59.35
31.78,31.78,41.47,47.87,60.31
34.97,34.97,37.94,48.31,60.00
37.21,37.21,37.46,50.12,60.27
37.36,37.36,36.17,51.67,60.00
37.98,37.98,36.19,53.21,57.30
37.85,37.85,36.17,54.73,59.33
37.46,37.46,36.97,56.42,61.25
36.25,36.25,38.41,57.74,61.88
33.68,33.68,38.41,58.96,63.39
33.17,33.17,40.67,61.20,61.70
35.12,35.12,43.85,62.87,61.50
37.46,37.46,42.58,63.22,63.07
41.99,41.99,42.54,63.99,63.33
47.71,47.71,44.34,64.51,61.36
50.36,50.36,42.59,64.78,62.30
48.82,48.82,39.22,64.99,61.99
46.87,46.87,36.42,65.10,61.12
47.02,47.02,34.19,64.44,60.94
48.72,48.72,37.79,63.43,58.48
48.80,48.80,50.25,60.92,56.85
46.74,46.74,58.53,56.46,56.26
45.96,45.96,77.02,51.51,55.83
45.17,45.17,80.11,47.44,58.14
40.30,40.30,76.82,54.28,59.22
35.04,35.04,77.85,55.99,59.27
43.70,43.70,74.93,59.23,59.06
50.41,50.41,70.68,61.31,58.92
50.94,50.94,70.85,59.07,58.06
50.96,50.96,69.27,57.74,58.33
50.18,50.18,69.21,59.16,59.62
43.62,43.62,67.56,61.28,60.10
32.13,32.13,66.28,61.27,62.56
27.54,27.54,65.56,60.07,62.16
27.67,27.67,64.02,57.08,61.50
27.16,27.16,63.36,54.40,66.28
29.62,29.62,60.25,53.24,66.81
30.43,30.43,62.04,52.01,68.51
32.24,32.24,57.78,51.68,68.87
28.72,28.72,61.02,43.49,68.49
29.18,29.18,51.51,51.47,66.40
29.08,29.08,52.07,53.86,67.15
26.88,26.88,74.19,65.83,65.45
20.12,20.12,86.79,75.97,63.50
15.58,15.58,78.92,76.54,62.57
15.55,15.55,78.60,76.39,61.70
20.80,20.80,70.16,76.38,64.80
22.82,22.82,73.52,81.84,70.58
22.83,22.83,70.08,82.45,70.53
23.56,23.56,69.75,82.76,72.41
22.85,22.85,69.02,81.38,72.49
21.45,21.45,65.02,81.22,73.82
19.73,19.73,69.20,82.43,70.62
19.39,19.39,64.50,82.16,70.70
20.25,20.25,62.48,80.15,69.09
22.89,22.89,55.99,79.06,71.20
24.96,24.96,59.38,77.52,71.41
23.54,23.54,58.92,72.18,71.69
22.69,22.69,55.40,63.87,71.56
25.16,25.16,54.63,66.04,70.84
24.94,24.94,52.43,67.05,69.26
25.20,25.20,44.31,62.91,69.31
28.42,28.42,37.99,62.19,70.54
29.94,29.94,34.50,84.74,72.40
27.33,27.33,34.18,86.83,71.81
24.87,24.87,36.52,81.48,70.72
26.40,26.40,33.01,82.82,68.20
28.72,28.72,31.82,82.44,65.35
29.03,29.03,26.55,81.84,65.86
28.40,28.40,25.02,81.29,65.71
27.93,27.93,26.40,81.15,66.13
27.70,27.70,22.34,81.51,66.06
26.75,26.75,20.10,81.32,64.06
26.24,26.24,21.96,81.34,64.92
25.87,25.87,21.37,81.11,65.65
22.59,22.59,18.17,79.33,67.12
22.37,22.37,17.34,75.26,67.17
23.18,23.18,18.03,71.82,67.02
22.89,22.89,18.77,68.68,67.43
23.53,23.53,19.21,65.08,67.13
18.87,18.87,27.06,61.93,67.31
16.33,16.33,33.79,61.12,66.43
13.27,13.27,28.24,77.63,67.55
15.20,15.20,31.55,87.94,66.69
15.98,15.98,22.62,82.51,67.47
20.32,20.32,18.55,82.22,66.57
22.67,22.67,17.78,81.92,63.97
26.36,26.36,15.69,81.95,63.71
22.80,22.80,15.13,81.80,62.09
17.97,17.97,16.42,81.57,60.17
18.93,18.93,15.34,81.14,58.82
21.28,21.28,13.04,81.40,60.27
23.05,23.05,13.49,81.56,60.85
22.58,22.58,12.78,81.52,60.41
18.82,18.82,13.67,81.46,62.50
16.54,16.54,18.02,81.29,62.54
12.04,12.04,20.69,81.05,66.50
10.40,10.40,18.76,81.08,72.18
10.17,10.17,13.31,80.96,70.29
9.40,9.40,13.71,79.90,72.95
6.31,6.31,16.02,77.08,68.82
6.89,6.89,27.81,72.86,71.29
6.40,6.40,31.13,76.86,69.04
5.36,5.36,27.95,87.63,69.02
2.53,2.53,24.72,82.25,66.36
16.28,16.28,33.52,82.05,68.02
23.17,23.17,37.22,81.76,68.03
22.37,22.37,35.69,83.66,72.92
20.78,20.78,33.57,81.52,64.80
19.58,19.58,32.04,83.25,66.15
18.28,18.28,30.03,82.16,64.75
16.43,16.43,29.52,81.45,62.97
14.31,14.31,27.34,82.96,63.84
13.89,13.89,29.27,81.52,66.62
15.65,15.65,26.00,82.21,64.46
18.67,18.67,25.98,81.41,66.42
17.71,17.71,22.72,81.08,69.60
17.89,17.89,24.19,82.50,68.71
14.60,14.60,22.01,80.44,69.40
9.64,9.64,19.47,81.94,70.00
8.94,8.94,20.61,80.44,70.02
9.96,9.96,19.87,81.77,69.89
10.25,10.25,18.41,79.53,71.53
9.59,9.59,29.39,81.90,71.47
12.94,12.94,42.76,79.51,71.76
17.74,17.74,45.51,76.35,70.90
18.13,18.13,41.00,86.86,70.76
15.70,15.70,34.57,82.20,68.74
18.16,18.16,28.93,85.43,69.68
24.35,24.35,28.69,84.06,67.51
21.12,21.12,24.69,83.12,66.50
23.29,23.29,25.24,81.70,68.07
23.21,23.21,26.93,82.50,68.13
21.88,21.88,27.29,81.94,68.36
21.87,21.87,30.85,82.60,69.75
23.38,23.38,34.12,81.70,69.50
22.90,22.90,41.09,80.03,69.52
27.80,27.80,48.46,79.90,69.89
25.19,25.19,51.02,82.14,70.24
23.01,23.01,42.16,83.67,69.17
23.85,23.85,37.30,84.49,70.17
26.21,26.21,34.78,81.90,70.36
21.34,21.34,31.39,80.46,72.28
19.27,19.27,29.55,83.09,72.17
20.60,20.60,30.54,80.12,75.81
24.94,24.94,29.86,79.96,75.54
25.61,25.61,28.16,82.26,73.54
29.52,29.52,29.26,78.90,74.70
32.87,32.87,31.01,80.32,74.03
36.27,36.27,31.43,78.12,74.93
38.11,38.11,30.00,77.31,74.00
37.30,37.30,29.18,81.82,71.81
34.13,34.13,28.61,72.39,71.47
34.06,34.06,26.78,84.17,70.66
35.83,35.83,23.97,73.23,70.94
34.91,34.91,23.68,83.00,70.42
31.33,31.33,29.60,74.45,68.81
29.60,29.60,48.26,82.40,68.26
25.47,25.47,57.53,81.85,68.83
21.87,21.87,70.55,75.99,68.43
19.86,19.86,85.46,72.95,66.97
15.05,15.05,82.49,60.11,68.38
8.15,8.15,75.68,75.00,68.71
8.18,8.18,79.72,86.40,70.27
5.57,5.57,77.42,80.04,72.03
5.68,5.68,72.12,83.12,69.61
17.88,17.88,74.47,81.69,73.64
23.93,23.93,72.35,82.88,74.88
24.62,24.62,70.49,82.45,74.84
24.66,24.66,73.34,81.71,72.74
23.54,23.54,69.21,82.78,74.39
22.76,22.76,71.72,81.44,71.28
21.31,21.31,66.40,83.05,70.56
18.79,18.79,67.39,81.03,69.60
19.34,19.34,63.39,82.85,69.03
18.49,18.49,64.47,81.23,68.63
15.66,15.66,61.03,82.35,67.49
14.99,14.99,60.67,81.62,66.81
16.30,16.30,59.60,81.18,66.57
16.32,16.32,55.88,82.32,66.92
14.94,14.94,55.50,80.83,66.69
19.16,19.16,51.70,82.14,67.00
19.67,19.67,51.72,80.17,66.51
18.27,18.27,50.12,81.90,69.29
17.67,17.67,49.65,80.31,68.79
18.00,18.00,41.84,81.81,70.83
19.63,19.63,43.37,80.55,69.08
20.93,20.93,38.16,81.03,71.34
21.99,21.99,37.80,81.63,71.20
23.55,23.55,29.68,80.31,70.08
25.43,25.43,29.49,81.86,69.60
24.45,24.45,28.31,79.88,68.25
25.58,25.58,29.17,81.80,69.93
26.02,26.02,27.25,79.95,66.48
26.29,26.29,27.74,81.67,66.31
28.22,28.22,29.74,80.21,64.69
29.79,29.79,34.37,81.07,62.87
29.07,29.07,37.26,81.50,61.10
26.22,26.22,37.71,80.01,61.39
26.69,26.69,32.38,81.68,62.36
25.77,25.77,30.53,79.72,58.58
24.91,24.91,29.90,81.83,58.04
26.05,26.05,28.26,79.93,62.19
25.68,25.68,27.97,81.67,58.44
22.20,22.20,26.67,80.08,57.82
20.93,20.93,27.12,80.92,56.38
23.13,23.13,31.04,81.34,60.54
23.48,23.48,33.47,80.22,61.08
24.42,24.42,33.33,81.40,62.60
23.72,23.72,33.30,79.49,59.70
24.22,24.22,32.62,81.79,61.95
23.40,23.40,35.67,79.94,62.41
22.09,22.09,37.76,81.48,61.61
23.31,23.31,39.08,80.56,62.76
24.05,24.05,38.74,80.90,60.59
25.52,25.52,37.04,81.36,59.01
25.93,25.93,37.04,80.01,56.96
23.06,23.06,36.16,81.75,56.98
22.76,22.76,31.69,79.99,55.45
24.59,24.59,30.45,81.83,57.27
24.61,24.61,31.06,79.74,55.87
25.83,25.83,32.26,81.42,58.44
24.07,24.07,35.53,80.23,58.78
22.33,22.33,36.72,80.87,56.44
11.28,11.28,33.24,78.03,62.83
2.23,2.23,32.91,85.98,64.37
0.05,0.05,34.97,79.00,69.97
0.50,0.50,31.57,79.84,71.29
1.60,1.60,24.89,81.78,69.68
4.58,4.58,19.55,82.89,68.83
8.80,8.80,26.81,82.45,69.81
12.88,12.88,26.58,81.06,70.10
14.64,14.64,24.26,80.27,71.28
14.63,14.63,26.41,81.66,68.25
12.93,12.93,28.37,81.47,65.41
15.96,15.96,30.72,80.13,65.65
16.87,16.87,30.42,80.35,66.35
22.17,22.17,32.13,80.91,67.61
22.22,22.22,29.85,80.02,66.79
24.09,24.09,31.96,79.67,66.38
25.99,25.99,31.50,79.21,63.84
27.90,27.90,31.24,80.68,61.40
28.17,28.17,31.09,79.73,61.69
27.56,27.56,27.04,78.96,62.50
28.59,28.59,28.44,79.39,61.38
29.37,29.37,28.33,80.55,63.72
26.54,26.54,27.28,79.47,66.85
26.16,26.16,28.69,79.51,68.12
25.04,25.04,28.22,86.87,67.57
23.67,23.67,26.90,76.54,71.96
23.65,23.65,26.41,81.73,72.28
20.65,20.65,23.83,82.31,72.21
22.26,22.26,23.98,82.45,71.00
22.97,22.97,24.20,83.20,66.09
23.03,23.03,23.48,82.73,64.57
26.74,26.74,25.38,82.75,65.08
26.53,26.53,23.59,82.25,62.31
27.77,27.77,25.69,82.12,64.15
27.35,27.35,38.84,81.62,65.33
24.41,24.41,56.39,81.25,67.00
24.23,24.23,67.51,80.82,68.05
27.45,27.45,78.00,83.21,66.10
26.52,26.52,80.77,82.50,65.24
29.74,29.74,77.27,81.44,64.23
31.71,31.71,75.39,81.15,62.92
32.74,32.74,75.97,81.09,63.67
30.05,30.05,70.37,80.78,67.93
31.46,31.46,69.68,80.48,69.17
32.25,32.25,71.34,80.98,70.21
33.29,33.29,67.15,80.83,71.67
33.91,33.91,69.50,81.36,72.63
33.15,33.15,64.92,81.73,73.01
33.75,33.75,66.51,80.87,72.18
33.38,33.38,62.22,80.45,70.96
34.14,34.14,61.33,80.42,71.82
33.37,33.37,59.36,79.74,72.48
33.26,33.26,57.57,79.83,70.06
31.61,31.61,55.90,79.83,70.13
30.84,30.84,58.78,79.27,69.54
28.10,28.10,65.00,77.94,68.22
23.22,23.22,68.07,77.82,66.33
20.00,20.00,85.16,80.02,62.82
16.50,16.50,87.18,68.86,61.81
12.07,12.07,85.71,67.08,65.71
7.79,7.79,84.27,75.44,67.20
9.77,9.77,82.23,73.99,66.37
15.49,15.49,76.25,76.51,68.11
18.58,18.58,72.87,78.12,68.96
14.72,14.72,73.07,79.49,67.28
10.66,10.66,69.56,78.50,67.55
9.63,9.63,72.85,78.74,69.20
10.38,10.38,69.17,78.03,68.23
11.26,11.26,69.31,77.55,68.31
9.84,9.84,65.43,77.07,69.00
7.51,7.51,67.79,78.24,69.41
9.15,9.15,65.04,78.07,69.44
11.56,11.56,64.33,77.89,72.04
13.27,13.27,63.45,77.28,68.87
16.46,16.46,60.89,78.14,69.75
16.32,16.32,62.13,78.73,67.95
17.87,17.87,60.30,80.62,65.13
19.19,19.19,61.49,80.39,65.94
19.56,19.56,53.22,78.26,66.98
20.95,20.95,46.70,78.42,65.90
22.19,22.19,44.69,78.32,66.03
24.11,24.11,51.48,78.95,62.74
24.76,24.76,44.57,81.14,64.02
24.51,24.51,38.45,78.59,63.26
28.79,28.79,36.42,80.86,65.18
29.07,29.07,43.76,85.28,64.25
28.54,28.54,41.47,85.62,65.44
26.18,26.18,33.45,77.55,64.99
24.41,24.41,36.50,77.21,64.00
21.68,21.68,45.61,75.52,66.24
21.93,21.93,42.51,70.27,65.27
24.09,24.09,34.62,63.91,63.86
22.31,22.31,31.89,67.06,63.95
23.40,23.40,31.92,67.93,66.47
24.55,24.55,32.12,63.65,68.99
24.36,24.36,32.28,60.60,67.64
25.30,25.30,33.49,51.61,67.40
28.19,28.19,35.21,61.15,68.47
28.51,28.51,34.01,53.42,63.77
28.17,28.17,34.24,47.70,65.47
28.44,28.44,32.01,42.18,63.69
28.15,28.15,34.00,43.62,63.67
30.04,30.04,32.99,41.62,61.22
30.11,30.11,34.36,40.77,59.91
31.24,31.24,34.19,33.88,58.54
28.16,28.16,34.20,32.06,59.26
29.19,29.19,34.52,26.09,59.00
28.41,28.41,33.69,30.52,57.98
29.48,29.48,32.70,30.76,58.65
30.04,30.04,31.64,31.63,60.15
26.15,26.15,32.34,30.14,59.55
28.06,28.06,33.36,32.38,61.18
26.19,26.19,32.36,28.36,60.12
24.16,24.16,32.80,30.22,62.72
23.89,23.89,31.42,22.49,64.12
23.40,23.40,31.87,25.93,63.31
23.67,23.67,33.68,26.43,65.75
20.83,20.83,35.74,13.37,65.92
16.51,16.51,41.46,24.79,67.64
5.52,5.52,57.10,12.55,67.37
4.14,4.14,69.39,16.43,68.25
7.36,7.36,64.82,10.48,67.78
10.67,10.67,58.83,14.62,65.58
15.15,15.15,53.59,16.11,66.67
15.60,15.60,49.37,13.86,61.13
13.98,13.98,48.64,7.52,64.36
17.85,17.85,47.04,3.15,60.04
21.18,21.18,41.32,1.63,63.21
26.34,26.34,39.54,0.01,61.97
27.75,27.75,39.71,-0.00,62.34
27.16,27.16,36.16,-0.00,64.89
27.95,27.95,36.32,-0.00,67.67
26.33,26.33,34.54,-0.00,67.23
25.11,25.11,37.75,-0.00,69.52
25.48,25.48,35.44,-0.00,68.46
26.38,26.38,33.82,-0.00,66.59
26.93,26.93,33.04,-0.00,69.31
26.76,26.76,31.76,-0.00,66.66
28.69,28.69,33.93,-0.00,67.85
28.37,28.37,34.69,-0.00,67.88
27.92,27.92,34.66,-0.00,68.30
28.88,28.88,33.48,-0.00,66.99
29.47,29.47,33.84,-0.00,65.25
29.20,29.20,33.02,-0.00,65.89
29.84,29.84,33.81,0.50,64.78
30.99,30.99,36.14,3.53,62.59
31.77,31.77,32.56,6.01,58.71
33.72,33.72,33.27,9.18,61.97
32.95,32.95,30.08,8.86,57.57
32.64,32.64,35.19,8.11,57.80
32.43,32.43,48.49,12.09,55.62
27.90,27.90,47.00,31.40,57.11
21.77,21.77,65.77,36.39,59.04
19.75,19.75,87.71,53.49,60.96
23.64,23.64,82.35,55.59,65.57
26.42,26.42,81.61,69.92,68.51
28.37,28.37,83.16,79.41,69.64
26.57,26.57,77.33,71.63,69.58
29.15,29.15,74.82,73.45,68.47
30.86,30.86,77.65,73.42,66.10
27.81,27.81,72.67,74.15,62.69
29.79,29.79,73.60,73.77,60.99
30.49,30.49,70.96,73.04,62.99
30.48,30.48,69.88,73.94,62.18
31.12,31.12,71.53,72.85,63.69
30.90,30.90,65.87,73.29,62.89
29.82,29.82,68.38,73.72,66.11
27.46,27.46,64.81,72.36,66.84
26.38,26.38,67.89,72.49,67.50
23.26,23.26,61.34,73.29,68.90
17.90,17.90,63.93,71.33,70.44
17.20,17.20,62.99,70.96,69.67
9.10,9.10,64.22,66.71,69.85
7.99,7.99,67.46,53.67,68.52
7.63,7.63,85.15,51.31,66.13
9.80,9.80,85.37,48.96,63.02
9.90,9.90,81.36,51.34,64.72
7.79,7.79,80.26,67.95,67.67
5.78,5.78,73.80,69.32,67.62
6.73,6.73,73.12,69.66,68.00
10.41,10.41,73.55,70.72,68.84
13.02,13.02,70.86,69.69,66.50
12.14,12.14,69.77,56.78,67.86
9.63,9.63,71.18,55.39,66.98
12.83,12.83,69.18,47.81,69.38
13.39,13.39,70.88,42.74,67.34
12.71,12.71,68.59,49.90,66.19
15.92,15.92,66.88,51.85,66.98
20.53,20.53,63.24,57.02,66.48
23.05,23.05,64.87,59.98,67.49
24.76,24.76,63.70,63.44,68.56
24.39,24.39,62.58,65.21,68.81
20.79,20.79,61.77,65.06,69.31
20.01,20.01,58.55,63.04,65.12
21.31,21.31,60.40,59.05,66.95
24.06,24.06,59.38,54.24,67.61
24.26,24.26,63.55,50.40,68.60
25.05,25.05,56.58,49.64,64.22
25.05,25.05,59.03,51.41,64.86
24.21,24.21,54.74,54.95,63.66
27.29,27.29,58.92,57.56,66.07
25.16,25.16,54.83,61.06,72.43
23.52,23.52,55.79,61.71,68.91
26.09,26.09,57.00,59.64,66.91
27.12,27.12,57.61,56.36,68.46
27.01,27.01,57.02,54.08,68.98
27.60,27.60,53.48,52.90,69.04
26.19,26.19,44.57,49.75,70.49
27.65,27.65,43.70,46.37,69.87
26.53,26.53,40.25,44.40,69.25
29.03,29.03,41.37,43.06,68.53
30.60,30.60,39.54,41.81,66.49
30.79,30.79,38.99,40.97,65.33
32.02,32.02,39.59,41.79,62.45
31.39,31.39,37.49,43.81,61.30
30.84,30.84,37.11,44.73,57.41
31.26,31.26,38.44,44.98,53.26
33.40,33.40,38.91,47.22,57.11
34.96,34.96,36.59,48.08,58.42
33.45,33.45,37.37,48.43,58.82
32.65,32.65,36.18,49.25,62.28
33.17,33.17,37.03,48.32,62.42
32.35,32.35,36.05,47.97,64.62
33.96,33.96,36.43,46.73,65.99
33.02,33.02,34.98,45.69,67.35
36.66,36.66,38.52,44.00,67.75
33.73,33.73,37.96,42.09,66.74
33.45,33.45,36.14,40.09,69.20
33.74,33.74,35.34,38.21,68.54
35.68,35.68,35.92,37.48,67.25
34.28,34.28,36.74,37.09,68.13
35.46,35.46,34.26,36.57,66.22
35.36,35.36,35.38,35.76,65.05
36.28,36.28,35.06,35.37,61.99
32.81,32.81,37.10,37.66,62.81
32.54,32.54,38.57,39.79,62.23
29.83,29.83,46.10,38.92,60.14
23.23,23.23,61.29,34.77,60.17
20.48,20.48,60.77,30.63,58.43
25.26,25.26,53.97,33.67,62.63
28.00,28.00,45.07,32.37,57.54
33.35,33.35,40.51,33.04,56.63
33.67,33.67,43.42,34.12,55.76
32.58,32.58,41.46,35.39,58.67
33.53,33.53,36.39,36.92,60.04
35.33,35.33,38.24,37.74,63.63
35.03,35.03,39.01,40.40,65.02
34.93,34.93,42.03,40.88,65.75
34.89,34.89,41.54,39.86,68.19
34.46,34.46,40.00,38.86,68.54
32.69,32.69,38.78,35.85,69.82
34.15,34.15,41.07,37.13,69.97
36.22,36.22,42.48,37.68,71.24
33.54,33.54,41.45,37.14,70.16
34.58,34.58,39.90,35.90,71.60
34.99,34.99,38.07,35.25,69.56
35.45,35.45,40.30,39.48,69.92
37.34,37.34,41.25,43.65,68.87
36.87,36.87,42.94,45.39,69.16
38.58,38.58,43.93,47.62,67.49
38.77,38.77,40.16,48.38,68.88
38.51,38.51,42.27,48.20,64.68
36.94,36.94,38.96,47.91,67.53
35.39,35.39,35.99,48.42,65.32
35.45,35.45,37.07,48.37,66.93
32.91,32.91,34.15,47.60,66.81
36.05,36.05,39.90,47.59,68.69
35.71,35.71,41.91,48.08,66.23
35.73,35.73,44.34,48.42,66.32
38.08,38.08,41.94,50.29,66.08
36.50,36.50,40.65,52.17,64.37
37.12,37.12,40.24,52.99,66.16
35.07,35.07,53.51,52.68,66.39
34.04,34.04,56.73,50.28,67.03
33.91,33.91,80.15,44.93,61.99
34.70,34.70,79.81,34.84,58.16
37.94,37.94,75.65,21.49,64.17
41.31,41.31,74.78,23.83,62.34
40.07,40.07,73.99,28.53,61.04
39.27,39.27,71.86,26.13,60.22
41.57,41.57,68.27,29.51,63.59
40.67,40.67,71.89,27.30,59.27
40.56,40.56,66.90,25.13,60.69
40.09,40.09,68.37,28.73,62.43
37.97,37.97,65.65,26.49,60.58
35.31,35.31,64.54,24.92,58.64
34.08,34.08,64.49,22.31,61.67
27.94,27.94,60.71,20.96,63.99
18.88,18.88,61.76,17.57,63.99
11.30,11.30,58.80,13.42,64.50
4.19,4.19,58.22,6.48,67.85
1.96,1.96,61.69,11.43,71.08
12.14,12.14,67.90,17.79,70.77
12.11,12.11,86.60,16.33,71.18
11.49,11.49,78.81,14.59,73.25
11.58,11.58,79.24,21.51,72.52
12.95,12.95,79.40,17.55,72.39
17.33,17.33,73.58,13.81,70.68
19.65,19.65,72.46,19.65,68.62
17.57,17.57,73.51,21.85,68.81
15.06,15.06,70.42,23.27,66.12
17.55,17.55,72.63,21.72,65.50
19.00,19.00,67.71,24.41,65.38
18.74,18.74,69.96,25.16,63.60
22.44,22.44,66.52,22.73,63.13
21.59,21.59,65.74,20.05,60.47
23.40,23.40,65.02,21.70,63.25
21.48,21.48,62.33,20.65,61.76
22.10,22.10,63.97,14.26,65.03
22.53,22.53,60.20,12.66,62.50
22.21,22.21,62.46,13.45,66.39
19.71,19.71,57.59,10.18,67.26
20.02,20.02,59.32,8.26,68.41
18.41,18.41,55.97,7.79,70.04
16.66,16.66,57.32,11.02,70.52
18.71,18.71,52.72,11.38,70.33
19.65,19.65,54.96,10.62,70.67
18.99,18.99,49.22,10.88,70.49
20.10,20.10,51.12,15.49,68.29
21.07,21.07,47.30,15.07,70.05
24.55,24.55,49.85,16.06,66.28
24.80,24.80,44.22,12.81,69.11
29.48,29.48,46.95,17.58,65.68
31.90,31.90,43.20,20.86,66.91
30.72,30.72,42.81,17.11,62.74
29.83,29.83,40.98,17.29,63.53
27.30,27.30,38.56,14.75,62.26
27.64,27.64,36.79,18.06,64.34
30.34,30.34,37.97,11.16,61.27
31.74,31.74,37.65,12.87,62.69
31.82,31.82,35.71,13.11,61.86
34.04,34.04,36.24,7.86,64.21
33.60,33.60,38.08,10.48,66.43
33.03,33.03,39.11,11.90,66.62
34.48,34.48,38.17,10.75,68.30
34.65,34.65,38.64,14.07,66.87
35.20,35.20,37.97,13.82,67.88
33.88,33.88,34.11,14.53,66.57
34.81,34.81,36.16,13.19,68.17
35.83,35.83,40.27,15.04,68.75
34.41,34.41,36.48,13.28,68.34
36.24,36.24,37.84,15.88,67.94
35.70,35.70,38.25,15.43,66.64
34.86,34.86,35.70,18.11,65.72
35.08,35.08,35.14,15.31,63.68
38.39,38.39,37.58,18.31,62.34
37.73,37.73,37.37,17.37,60.22
36.13,36.13,37.29,17.50,57.36
33.83,33.83,33.80,18.90,55.15
33.20,33.20,34.85,13.20,57.34
32.72,32.72,35.18,16.44,65.88
28.42,28.42,37.07,13.35,70.23
23.00,23.00,41.64,21.69,69.45
14.05,14.05,43.38,21.12,70.40
3.02,3.02,58.41,38.13,71.51
-0.00,-0.00,64.40,41.57,71.02
-0.00,-0.00,67.13,52.24,70.62
0.19,0.19,57.16,68.30,70.91
2.60,2.60,56.07,85.73,68.78
9.06,9.06,52.31,84.04,69.86
13.50,13.50,48.72,79.84,68.46
20.56,20.56,48.72,83.12,68.71
23.43,23.43,46.72,81.75,65.36
21.03,21.03,37.84,82.00,65.54
22.47,22.47,36.49,82.54,64.49
23.12,23.12,35.00,81.22,61.83
21.92,21.92,30.19,82.74,60.27
21.80,21.80,27.86,80.82,57.24
23.38,23.38,32.44,81.88,56.29
23.07,23.07,41.66,81.35,57.17
21.03,21.03,62.02,79.11,57.94
24.73,24.73,76.04,74.57,57.39
28.15,28.15,80.17,64.93,56.78
27.57,27.57,86.20,71.84,58.62
20.91,20.91,82.83,77.54,59.95
23.82,23.82,80.03,79.51,61.37
29.70,29.70,79.36,81.64,61.43
30.95,30.95,75.81,78.46,61.46
27.90,27.90,74.92,80.25,61.67
27.68,27.68,77.04,79.34,63.11
28.36,28.36,72.42,79.69,62.09
27.48,27.48,74.16,80.48,63.85
31.06,31.06,69.88,79.71,61.74
27.59,27.59,70.86,81.13,62.08
27.64,27.64,69.28,79.44,62.43
27.98,27.98,66.63,80.13,59.68
28.37,28.37,67.30,80.72,60.79
26.20,26.20,64.40,78.64,57.12
24.64,24.64,65.74,81.06,56.03
26.77,26.77,61.57,79.19,58.94
24.45,24.45,64.11,80.14,60.28
28.17,28.17,59.10,79.53,58.50
33.39,33.39,60.39,78.89,56.44
24.54,24.54,54.54,80.51,57.90
21.51,21.51,52.43,78.58,61.17
16.26,16.26,53.88,80.63,64.33
12.48,12.48,58.70,79.16,65.90
15.34,15.34,52.09,79.26,71.52
18.83,18.83,50.62,80.35,71.91
19.10,19.10,44.74,78.18,73.69
18.82,18.82,43.94,80.17,74.83
18.93,18.93,39.04,78.74,75.10
20.74,20.74,37.55,78.93,74.65
20.82,20.82,39.01,79.66,75.11
20.66,20.66,36.54,78.62,74.76
22.13,22.13,33.50,80.01,74.26
23.90,23.90,35.08,77.98,73.41
19.68,19.68,52.43,79.09,70.94
20.39,20.39,59.46,78.49,67.16
24.27,24.27,76.26,78.87,62.91
27.03,27.03,86.53,80.06,59.16
29.77,29.77,82.71,71.31,60.97
27.02,27.02,74.39,78.00,61.45
18.46,18.46,75.04,84.11,66.32
22.06,22.06,68.52,80.70,65.39
30.37,30.37,72.56,81.31,60.56
28.12,28.12,70.63,81.82,63.81
22.65,22.65,76.27,81.75,62.28
30.73,30.73,72.21,82.57,64.39
27.69,27.69,74.49,81.77,64.11
28.01,28.01,69.64,82.25,65.17
31.68,31.68,72.65,81.88,62.06
31.74,31.74,68.81,82.03,65.68
33.07,33.07,66.77,81.30,65.62
22.11,22.11,64.64,81.71,64.38
27.76,27.76,64.58,81.27,64.87
26.40,26.40,63.72,81.56,66.70
30.02,30.02,58.80,81.39,65.26
25.90,25.90,60.06,80.90,65.57
29.40,29.40,56.34,80.98,67.06
25.67,25.67,56.96,80.71,66.27
30.88,30.88,51.54,80.85,64.83
24.59,24.59,46.59,80.29,65.65
27.17,27.17,46.85,80.57,65.06
31.57,31.57,47.54,80.34,63.55
42.61,42.61,48.56,80.63,62.82
45.99,45.99,45.31,81.76,65.60
45.65,45.65,39.23,80.29,62.20
41.05,41.05,36.35,80.10,60.44
32.22,32.22,35.09,80.92,61.17
44.60,44.60,35.30,80.91,64.20
47.37,47.37,35.35,80.60,60.62
42.29,42.29,34.28,82.36,61.82
41.12,41.12,34.34,80.20,62.61
33.14,33.14,34.27,81.70,60.79
41.21,41.21,34.34,79.84,64.19
41.52,41.52,35.14,81.55,67.39
34.37,34.37,36.08,81.34,68.91
32.94,32.94,37.42,78.59,68.79
36.87,36.87,33.97,78.36,70.09
35.05,35.05,35.96,81.29,70.23
32.62,32.62,29.12,82.60,70.89
38.76,38.76,25.44,78.72,69.79
34.89,34.89,27.23,73.79,70.61
27.78,27.78,29.39,74.11,69.79
31.29,31.29,27.29,68.60,67.99
26.65,26.65,25.14,64.35,68.42
30.63,30.63,26.98,62.20,68.05
26.04,26.04,26.08,49.81,65.01
24.40,24.40,26.40,35.75,63.89
25.30,25.30,25.26,39.33,65.23
30.51,30.51,24.51,34.81,63.57
30.38,30.38,23.65,26.40,62.49
30.62,30.62,23.79,20.73,62.07
27.33,27.33,25.75,29.99,62.47
25.77,25.77,26.58,21.48,62.95
27.59,27.59,26.81,26.69,61.78
32.89,32.89,27.52,25.20,65.19
28.35,28.35,27.79,25.91,62.94
26.02,26.02,25.84,15.17,65.50
31.50,31.50,31.80,18.54,66.23
23.40,23.40,40.26,13.50,67.24
17.22,17.22,50.57,16.54,67.68
8.80,8.80,60.49,13.82,66.68
0.32,0.32,71.17,7.21,68.06
-0.00,-0.00,64.30,5.83,68.11
1.85,1.85,62.29,7.90,69.35
7.80,7.80,58.21,11.70,69.47
15.71,15.71,57.28,19.99,69.35
18.76,18.76,58.92,23.12,69.21
17.70,17.70,56.70,28.21,67.64
17.60,17.60,56.64,29.81,67.09
18.39,18.39,59.10,29.13,65.91
12.70,12.70,59.56,29.07,65.87
12.73,12.73,56.43,29.48,65.30
10.35,10.35,50.37,31.65,66.28
16.32,16.32,37.84,30.42,67.02
20.31,20.31,32.82,30.35,66.64
23.87,23.87,37.73,30.79,66.12
24.11,24.11,35.85,27.50,65.50
23.85,23.85,35.71,27.26,68.15
27.69,27.69,42.66,30.50,66.65
32.53,32.53,51.00,27.59,66.39
35.02,35.02,60.16,19.97,65.85
34.25,34.25,61.75,22.02,66.63
36.63,36.63,62.82,22.28,64.71
33.50,33.50,58.12,21.19,66.45
30.61,30.61,52.77,22.03,65.32
28.04,28.04,56.37,21.64,64.99
24.70,24.70,53.60,17.76,64.47
25.91,25.91,47.71,22.30,65.06
25.58,25.58,43.37,21.91,65.87
28.27,28.27,41.14,24.32,63.52
27.20,27.20,38.57,22.84,64.87
26.62,26.62,38.39,19.66,62.32
27.48,27.48,35.43,18.76,62.38
29.67,29.67,34.72,19.08,62.49
32.35,32.35,34.36,18.80,62.55
30.20,30.20,36.73,10.00,61.06
27.68,27.68,41.51,6.34,60.57
20.68,20.68,50.90,2.76,60.57
10.43,10.43,82.90,-0.00,61.92
6.59,6.59,79.67,-0.00,61.69
16.26,16.26,79.45,1.61,63.68
18.94,18.94,76.11,2.60,62.96
20.96,20.96,72.67,3.05,63.40
23.55,23.55,74.00,8.66,60.70
24.01,24.01,68.72,12.32,60.83
25.18,25.18,72.45,13.22,63.46
26.95,26.95,68.84,10.86,62.39
27.11,27.11,69.09,9.10,62.71
29.42,29.42,67.41,19.92,63.23
32.68,32.68,64.14,21.57,62.82
28.98,28.98,65.87,21.24,63.27
29.36,29.36,61.89,29.50,61.73
33.19,33.19,63.12,25.12,59.94
28.32,28.32,60.85,30.10,57.36
30.25,30.25,61.69,37.28,56.92
27.14,27.14,58.49,39.29,54.77
27.70,27.70,56.84,34.72,60.62
19.30,19.30,49.69,32.85,63.48
13.65,13.65,53.55,35.81,62.37
20.65,20.65,51.40,27.52,64.33
28.39,28.39,60.71,28.53,65.74
28.15,28.15,67.34,25.68,66.35
25.93,25.93,68.97,26.58,63.89
26.09,26.09,64.58,27.55,64.36
29.59,29.59,63.28,32.05,64.25
27.11,27.11,63.55,30.71,65.33
30.28,30.28,57.81,33.78,62.86
31.16,31.16,54.85,33.28,60.77
31.54,31.54,56.39,39.26,60.92
28.29,28.29,54.01,35.69,59.78
28.08,28.08,53.07,33.11,59.83
27.36,27.36,49.66,37.16,61.17
27.31,27.31,50.52,35.32,57.09
26.33,26.33,44.96,38.10,59.05
25.76,25.76,44.38,36.42,58.63
27.78,27.78,42.96,34.89,58.36
25.11,25.11,44.81,38.33,59.34
30.83,30.83,43.19,34.00,55.73
31.29,31.29,41.58,35.98,56.89
31.39,31.39,40.69,33.35,58.38
29.52,29.52,37.95,32.10,58.04
26.25,26.25,37.36,30.16,60.76
23.77,23.77,41.53,38.63,63.07
23.22,23.22,42.12,35.04,62.12
25.79,25.79,44.92,31.96,62.92
25.82,25.82,46.02,30.64,61.76
28.99,28.99,45.30,34.91,61.99
35.50,35.50,36.59,31.83,63.30
33.97,33.97,34.47,34.96,62.41
30.39,30.39,38.43,31.35,61.84
35.22,35.22,35.24,34.38,60.77
34.33,34.33,34.18,28.68,62.28
35.30,35.30,37.02,32.56,60.61
35.68,35.68,36.41,30.17,61.53
36.43,36.43,39.99,36.42,60.25
36.48,36.48,40.32,31.60,58.14
34.74,34.74,37.04,31.16,50.69
30.07,30.07,36.77,28.74,49.34
32.36,32.36,39.14,27.47,55.35
30.25,30.25,36.95,29.66,56.12
28.57,28.57,39.45,33.76,62.02
31.77,31.77,35.36,31.79,61.60
32.69,32.69,37.22,32.03,61.09
33.77,33.77,38.29,30.76,60.38
33.74,33.74,40.03,32.73,60.31
33.11,33.11,38.78,32.21,60.07
29.08,29.08,40.16,32.93,61.67
28.65,28.65,42.98,30.86,60.65
28.56,28.56,45.21,33.24,60.38
28.51,28.51,46.14,32.12,61.95
28.56,28.56,44.44,33.51,60.03
30.26,30.26,43.54,34.38,60.07
30.68,30.68,42.13,33.69,59.27
31.54,31.54,41.89,32.19,59.60
31.83,31.83,40.38,30.70,58.36
26.53,26.53,39.68,29.04,58.62
26.31,26.31,42.81,27.84,54.25
22.79,22.79,45.77,22.56,49.31
15.32,15.32,64.19,26.01,49.17
12.18,12.18,72.40,22.00,48.37
15.35,15.35,61.69,27.28,45.11
20.95,20.95,57.50,37.61,47.08
30.95,30.95,53.23,36.88,45.98
33.97,33.97,52.89,35.02,47.55
34.45,34.45,52.10,36.16,47.25
35.01,35.01,53.24,45.35,45.97
35.56,35.56,50.85,39.64,46.13
36.43,36.43,45.15,38.17,46.60
37.07,37.07,40.12,29.77,46.02
38.94,38.94,42.55,33.51,45.19
38.61,38.61,41.83,34.76,42.92
40.46,40.46,40.53,28.31,41.16
38.07,38.07,41.50,34.82,35.45
36.57,36.57,40.36,29.35,35.51
36.16,36.16,41.67,27.06,36.90
30.66,30.66,43.25,26.35,41.01
25.06,25.06,78.58,29.03,46.06
21.85,21.85,79.33,23.92,54.66
16.93,16.93,74.77,22.16,58.37
19.29,19.29,73.56,26.38,64.24
21.44,21.44,74.26,14.08,62.92
22.29,22.29,68.42,24.61,60.79
24.61,24.61,67.13,21.63,61.13
28.12,28.12,70.10,24.27,61.61
26.60,26.60,65.71,23.85,58.86
25.45,25.45,67.70,23.48,57.72
25.50,25.50,63.54,26.02,59.76
25.86,25.86,64.63,19.70,57.29
29.66,29.66,62.15,22.64,58.12
34.20,34.20,61.79,28.21,58.18
34.91,34.91,57.92,30.34,56.93
32.77,32.77,58.83,27.72,57.53
31.11,31.11,58.44,24.05,57.97
29.33,29.33,55.28,18.50,55.20
25.59,25.59,56.22,9.27,50.55
31.52,31.52,86.30,1.28,50.07
31.19,31.19,87.55,-0.00,55.80
37.03,37.03,83.12,1.43,56.91
38.67,38.67,81.93,3.42,56.76
40.67,40.67,82.05,4.84,59.02
42.40,42.40,77.01,7.87,57.55
41.48,41.48,74.56,14.12,59.15
41.27,41.27,78.02,16.55,59.87
41.18,41.18,72.91,18.69,58.62
41.94,41.94,75.61,24.01,59.21
43.16,43.16,71.28,23.67,59.05
43.02,43.02,72.82,30.74,57.99
43.04,43.04,69.77,22.06,59.54
41.40,41.40,69.51,23.75,58.50
40.37,40.37,65.93,25.89,59.27
40.93,40.93,66.89,28.89,59.17
38.89,38.89,65.96,33.62,59.56
34.48,34.48,64.47,39.81,59.31
29.38,29.38,64.88,49.83,58.26
18.05,18.05,65.66,48.13,60.80
8.06,8.06,84.28,75.85,60.53
5.09,5.09,88.03,82.22,60.77
6.92,6.92,82.60,78.69,67.90
7.61,7.61,82.10,84.22,69.22
12.92,12.92,75.44,82.25,67.15
23.69,23.69,80.99,83.39,69.43
18.23,18.23,75.56,82.77,70.47
16.57,16.57,72.77,81.29,69.54
16.43,16.43,76.64,83.08,70.91
16.96,16.96,72.55,81.71,70.64
16.98,16.98,74.86,82.66,67.67
16.16,16.16,70.37,82.01,68.62
18.43,18.43,71.32,81.53,66.66
19.97,19.97,66.05,83.02,67.08
16.61,16.61,68.94,80.68,65.28
19.00,19.00,65.55,82.03,64.88
16.31,16.31,66.34,81.74,65.45
14.06,14.06,62.10,80.74,66.14
14.59,14.59,62.10,82.56,67.09
18.08,18.08,60.81,80.86,68.94
15.93,15.93,58.00,82.59,68.29
15.74,15.74,56.63,80.09,66.18
16.05,16.05,53.41,81.87,66.93
15.16,15.16,49.53,81.01,67.06
15.32,15.32,41.77,81.13,65.39
18.84,18.84,42.94,82.25,64.98
17.96,17.96,43.71,81.17,63.61
16.85,16.85,42.12,80.50,61.88
19.88,19.88,41.23,81.69,62.15
19.95,19.95,36.10,81.78,63.16
18.00,18.00,36.41,82.05,63.52
18.63,18.63,32.40,81.26,64.23
20.90,20.90,33.43,79.06,65.90
22.78,22.78,36.20,70.27,64.56
22.55,22.55,31.08,64.95,65.58
21.99,21.99,32.19,65.29,63.37
21.35,21.35,27.67,56.49,65.35
22.05,22.05,26.92,48.62,63.64
22.27,22.27,23.30,38.82,63.74
24.29,24.29,24.90,38.71,62.67
26.47,26.47,27.27,38.21,63.03
26.73,26.73,25.00,33.36,63.50
27.19,27.19,26.57,36.53,63.51
27.90,27.90,27.85,39.58,63.26
28.93,28.93,28.08,35.17,62.69
27.95,27.95,29.05,37.30,62.12
28.28,28.28,26.60,37.15,60.28
27.70,27.70,25.67,35.31,58.84
26.91,26.91,24.65,36.91,58.15
22.81,22.81,22.79,34.74,57.36
22.54,22.54,22.63,35.62,56.73
23.96,23.96,21.23,32.83,56.15
26.96,26.96,27.10,37.43,55.53
24.98,24.98,28.73,35.96,52.07
23.38,23.38,26.82,33.89,55.16
22.58,22.58,29.49,31.05,56.63
22.35,22.35,27.59,31.01,61.34
22.23,22.23,31.09,30.58,63.84
19.45,19.45,32.02,33.14,63.40
17.46,17.46,40.33,31.83,58.92
13.93,13.93,45.21,29.54,52.76
4.97,4.97,63.43,30.98,55.33
1.14,1.14,69.55,26.80,58.59
4.32,4.32,61.30,29.38,59.18
8.19,8.19,54.51,28.50,59.83
11.84,11.84,44.27,33.38,60.98
14.79,14.79,38.09,33.22,61.75
16.71,16.71,37.22,35.94,61.29
18.55,18.55,39.96,34.36,60.22
18.96,18.96,37.70,36.22,59.45
20.29,20.29,34.69,36.33,59.12
22.37,22.37,34.31,34.16,61.14
21.83,21.83,34.30,37.90,61.96
23.55,23.55,33.51,36.93,62.83
24.22,24.22,31.11,37.97,65.43
25.41,25.41,31.33,37.61,64.76
24.73,24.73,30.01,39.43,66.96
26.70,26.70,29.29,39.06,67.00
35.94,35.94,38.25,35.94,67.47
42.06,42.06,46.66,34.43,68.75
37.46,37.46,45.78,31.39,70.84
32.93,32.93,41.17,35.27,70.80
33.71,33.71,40.45,36.94,70.31
36.29,36.29,39.11,37.62,69.80
38.40,38.40,36.60,29.70,68.65
37.26,37.26,37.42,33.63,67.46
38.47,38.47,41.63,38.08,65.08
38.95,38.95,43.62,37.07,64.57
36.31,36.31,42.73,34.26,66.45
32.50,32.50,37.25,37.73,64.82
31.55,31.55,35.82,37.58,63.93
36.18,36.18,41.97,34.00,64.66
38.99,38.99,40.98,33.54,66.70
38.79,38.79,40.93,35.60,67.51
38.18,38.18,35.73,33.71,68.58
36.34,36.34,38.07,22.29,69.86
33.15,33.15,44.35,15.53,70.52
25.22,25.22,49.15,8.60,70.43
24.74,24.74,82.60,1.15,69.33
24.60,24.60,81.89,-0.00,69.42
29.20,29.20,79.19,0.03,68.85
35.62,35.62,77.68,1.92,66.50
35.63,35.63,75.54,7.13,67.12
38.23,38.23,73.11,10.89,66.51
40.48,40.48,70.35,11.57,65.27
41.10,41.10,73.55,14.75,66.45
35.24,35.24,69.00,14.67,67.64
32.23,32.23,70.49,13.23,68.33
25.60,25.60,64.03,21.35,69.33
31.32,31.32,67.74,6.34,71.86
35.78,35.78,67.33,9.78,68.45
36.61,36.61,64.37,12.61,68.35
39.03,39.03,65.23,12.05,70.94
38.48,38.48,62.31,10.87,65.50
41.48,41.48,62.85,12.66,67.14
45.19,45.19,59.22,9.62,59.35
35.10,35.10,57.60,6.95,63.08
23.57,23.57,68.28,2.71,61.45
19.34,19.34,85.72,5.08,61.03
18.60,18.60,78.08,7.12,66.24
19.26,19.26,78.65,14.69,67.05
21.75,21.75,78.95,10.29,67.85
23.85,23.85,72.65,10.20,70.73
20.68,20.68,73.57,14.32,66.58
22.60,22.60,74.28,13.78,69.90
26.30,26.30,71.22,14.06,70.03
28.26,28.26,72.28,12.28,67.84
31.62,31.62,68.47,9.86,70.49
27.52,27.52,70.05,16.40,69.66
27.68,27.68,67.29,11.86,71.52
29.75,29.75,65.33,12.26,70.42
30.27,30.27,65.66,14.25,70.23
28.24,28.24,62.51,19.71,69.62
32.49,32.49,64.68,21.36,70.29
39.65,39.65,59.63,17.77,69.36
42.95,42.95,62.73,26.43,68.90
43.75,43.75,57.80,24.07,68.67
44.07,44.07,58.87,30.49,66.08
45.03,45.03,56.55,28.54,67.23
45.25,45.25,56.07,38.78,66.66
46.00,46.00,51.55,33.97,62.97
46.79,46.79,54.00,34.60,65.51
47.22,47.22,48.73,35.52,63.52
45.07,45.07,50.29,39.06,62.52
44.96,44.96,46.12,36.09,60.39
43.99,43.99,46.33,35.19,63.78
44.65,44.65,42.76,34.38,64.22
44.59,44.59,42.65,33.44,64.55
43.33,43.33,40.71,31.08,65.02
42.03,42.03,40.50,28.77,65.86
41.33,41.33,38.36,27.76,63.06
41.06,41.06,34.99,23.86,63.75
38.78,38.78,35.31,23.44,62.24
33.64,33.64,36.20,20.89,65.08
40.02,40.02,39.40,21.22,65.25
40.74,40.74,34.77,22.43,66.52
39.90,39.90,37.41,23.72,68.06
39.47,39.47,45.41,31.21,68.24
39.35,39.35,54.37,33.44,70.07
35.56,35.56,47.65,26.07,67.07
37.00,37.00,42.34,33.90,70.00
36.40,36.40,37.69,33.63,68.11
35.11,35.11,34.21,30.09,66.44
38.64,38.64,35.01,34.00,64.34
37.37,37.37,31.61,32.91,63.89
38.12,38.12,31.33,33.13,61.22
37.58,37.58,30.41,33.80,59.91
36.14,36.14,31.63,31.98,58.34
36.25,36.25,30.10,26.16,57.87
36.53,36.53,32.87,25.09,58.73
35.10,35.10,34.63,27.01,59.55
37.51,37.51,36.69,24.33,61.89
36.28,36.28,35.14,19.99,62.64
32.69,32.69,29.33,21.89,64.77
33.22,33.22,28.02,23.55,64.47
30.83,30.83,28.61,23.40,65.98
32.15,32.15,41.58,26.85,66.51
32.82,32.82,48.87,25.32,65.84
33.37,33.37,59.03,24.96,65.08
30.61,30.61,64.67,28.64,67.68
32.51,32.51,56.36,33.36,64.41
35.68,35.68,48.92,31.34,64.72
42.07,42.07,43.30,35.87,61.39
43.25,43.25,41.36,33.95,61.58
44.93,44.93,35.49,38.11,63.92
48.40,48.40,33.40,35.41,61.08
52.95,52.95,38.18,34.95,60.35
52.93,52.93,36.03,29.21,58.51
48.17,48.17,34.90,39.16,62.70
43.65,43.65,32.85,34.16,61.98
41.12,41.12,30.93,36.14,62.05
42.91,42.91,32.82,32.67,61.28
42.45,42.45,35.52,36.49,61.87
40.13,40.13,35.43,29.85,62.99
38.66,38.66,35.05,26.87,62.35
43.27,43.27,39.35,23.82,61.94
46.97,46.97,42.87,20.81,61.22
37.64,37.64,43.17,32.02,62.54
38.30,38.30,44.51,43.94,61.52
36.17,36.17,44.92,38.67,64.83
35.15,35.15,41.12,33.04,61.88
35.89,35.89,39.24,36.23,63.86
36.38,36.38,37.61,31.90,61.46
36.34,36.34,36.11,36.06,64.53
36.03,36.03,34.08,35.01,64.41
35.50,35.50,32.36,34.15,63.68
35.42,35.42,32.65,34.45,63.03
38.64,38.64,32.17,32.51,61.94
37.50,37.50,29.79,29.68,63.11
36.24,36.24,28.56,31.85,62.60
35.81,35.81,27.41,26.25,62.66
38.15,38.15,31.20,18.96,63.56
40.83,40.83,43.10,7.37,62.74
39.86,39.86,47.30,1.54,61.89
39.78,39.78,69.41,-0.00,58.04
42.71,42.71,89.03,2.87,57.87
37.57,37.57,84.58,11.83,57.24
34.64,34.64,83.15,14.79,58.62
37.43,37.43,81.74,13.28,61.25
35.90,35.90,78.78,4.51,63.39
32.80,32.80,76.10,6.20,63.56
31.57,31.57,78.06,9.33,62.74
30.72,30.72,76.27,8.67,63.09
33.40,33.40,73.97,9.63,61.20
32.37,32.37,74.93,15.20,62.26
33.50,33.50,70.96,13.83,59.48
34.99,34.99,73.36,23.05,61.43
36.46,36.46,67.69,21.76,58.05
40.54,40.54,70.47,23.29,59.22
41.32,41.32,65.40,24.19,59.51
46.15,46.15,68.27,16.29,56.09
42.65,42.65,63.02,19.98,59.78
40.31,40.31,64.02,11.76,56.31
34.00,34.00,67.53,1.34,56.53
26.87,26.87,89.61,-0.00,56.65
25.44,25.44,83.46,7.78,60.33
24.39,24.39,84.70,18.67,59.45
22.61,22.61,82.85,23.17,68.69
19.68,19.68,78.04,41.96,73.69
17.80,17.80,79.20,50.17,73.18
20.88,20.88,75.17,52.18,74.68
19.30,19.30,76.15,50.97,73.28
19.58,19.58,74.56,50.32,74.94
20.22,20.22,72.63,52.81,74.05
22.52,22.52,74.24,55.75,73.97
23.74,23.74,68.48,57.19,74.15
22.94,22.94,70.89,57.27,73.87
25.17,25.17,66.78,55.44,74.61
28.13,28.13,68.00,54.52,74.03
27.85,27.85,65.37,54.03,73.78
24.25,24.25,65.42,54.44,73.97
26.43,26.43,62.86,55.57,73.47
27.29,27.29,62.09,56.13,73.82
26.89,26.89,61.10,56.41,73.90
28.03,28.03,60.25,55.74,72.50
28.20,28.20,58.54,55.64,73.05
26.18,26.18,56.01,56.32,71.83
25.02,25.02,57.77,57.60,71.11
29.32,29.32,54.32,57.69,71.10
28.12,28.12,54.61,56.99,69.75
26.09,26.09,48.84,55.90,71.65
26.05,26.05,52.47,55.45,71.85
24.74,24.74,48.68,54.41,71.25
22.84,22.84,53.40,55.12,72.68
25.20,25.20,47.26,54.21,73.56
24.26,24.26,46.21,53.58,73.58
24.35,24.35,43.21,52.45,74.70
25.50,25.50,47.30,51.64,72.29
25.79,25.79,45.80,50.06,73.66
29.81,29.81,42.66,47.52,73.27
30.83,30.83,35.96,45.64,71.77
28.71,28.71,39.94,41.94,71.67
34.12,34.12,39.33,40.86,72.58
35.59,35.59,39.06,34.96,71.59
34.62,34.62,37.60,37.72,68.82
33.85,33.85,27.72,35.13,68.14
33.85,33.85,27.20,41.19,69.44
34.40,34.40,32.02,42.69,67.68
36.24,36.24,32.55,45.30,69.40
38.52,38.52,31.50,46.40,67.34
40.36,40.36,30.23,47.37,67.35
41.64,41.64,29.56,47.65,67.04
42.35,42.35,28.02,48.41,66.40
42.58,42.58,27.57,48.26,68.37
42.68,42.68,27.01,48.48,69.63
43.39,43.39,26.03,47.46,68.74
43.89,43.89,24.27,47.60,67.19
44.45,44.45,25.76,46.68,69.24
45.01,45.01,27.07,46.75,69.35
45.21,45.21,29.07,47.00,66.99
44.63,44.63,30.51,46.80,67.30
43.31,43.31,28.10,46.74,65.68
42.60,42.60,29.79,45.60,63.82
41.36,41.36,28.61,44.42,61.66
40.10,40.10,30.95,44.02,61.97
37.56,37.56,36.16,43.98,63.38
31.69,31.69,46.76,43.80,63.65
21.60,21.60,68.24,43.58,62.95
16.06,16.06,67.31,41.47,67.36
22.02,22.02,55.47,40.53,67.58
27.28,27.28,40.69,48.86,62.69
31.65,31.65,37.02,51.49,61.89
33.95,33.95,31.51,51.99,64.55
34.54,34.54,30.34,52.40,63.88
35.38,35.38,32.90,53.59,66.08
36.76,36.76,33.90,54.34,67.63
37.73,37.73,29.58,54.69,68.26
38.78,38.78,29.52,54.27,66.85
39.53,39.53,30.66,53.28,69.64
40.16,40.16,29.13,52.85,67.13
40.42,40.42,29.42,52.19,69.17
40.73,40.73,29.82,50.60,69.37
40.77,40.77,29.23,48.40,66.98
40.77,40.77,30.86,47.00,66.62
40.04,40.04,30.16,46.56,65.67
38.90,38.90,30.46,44.60,64.86
36.15,36.15,31.32,43.28,65.12
35.30,35.30,32.12,42.99,64.87
34.69,34.69,37.38,44.86,68.63
35.47,35.47,39.76,44.42,68.92
34.23,34.23,39.03,43.53,71.13
34.94,34.94,39.42,43.45,72.01
34.88,34.88,40.41,42.95,71.68
37.49,37.49,38.44,43.66,70.69
37.32,37.32,32.03,44.33,70.96
38.84,38.84,27.89,43.74,70.29
37.59,37.59,27.91,45.89,69.70
35.58,35.58,26.79,45.89,67.86
35.39,35.39,25.88,45.70,65.68
36.82,36.82,26.04,44.50,66.51
37.51,37.51,25.81,43.19,66.39
38.05,38.05,26.04,43.10,65.85
38.27,38.27,27.02,41.61,67.24
37.43,37.43,30.20,39.23,68.63
38.72,38.72,43.55,34.58,69.26
38.63,38.63,54.22,27.15,71.09
40.45,40.45,65.25,20.46,71.54
39.03,39.03,76.37,21.84,71.54
35.65,35.65,71.03,23.67,70.54
34.82,34.82,69.95,26.43,69.52
35.34,35.34,69.00,30.62,71.13
35.02,35.02,67.81,27.70,68.41
33.88,33.88,62.65,26.18,70.10
33.21,33.21,65.34,35.82,70.03
31.02,31.02,60.84,38.86,71.24
31.96,31.96,62.34,36.13,70.30
33.96,33.96,61.64,37.31,67.49
34.18,34.18,58.35,39.55,68.17
33.13,33.13,59.91,39.61,65.99
33.70,33.70,54.63,41.83,66.88
33.10,33.10,57.14,41.96,67.73
32.45,32.45,51.74,40.66,67.81
33.53,33.53,55.65,38.60,68.77
34.50,34.50,50.29,37.57,68.87
32.05,32.05,54.69,39.89,68.67
25.27,25.27,71.40,39.37,68.79
18.05,18.05,79.84,41.85,69.87
13.40,13.40,77.67,43.84,70.08
5.81,5.81,77.18,45.60,72.94
7.27,7.27,74.02,43.48,72.02
13.29,13.29,69.23,42.87,71.17
17.09,17.09,70.33,42.59,70.36
18.01,18.01,68.64,42.96,69.83
19.65,19.65,69.24,42.36,70.15
19.77,19.77,66.46,41.30,70.65
20.86,20.86,66.59,40.48,69.08
21.51,21.51,63.71,40.98,69.02
21.16,21.16,63.36,40.95,70.27
21.04,21.04,63.29,42.24,69.66
21.35,21.35,60.00,42.35,70.35
21.09,21.09,61.69,42.40,70.18
22.13,22.13,56.81,43.19,71.10
22.49,22.49,59.34,44.14,72.11
23.06,23.06,55.50,44.67,73.05
24.85,24.85,58.82,44.32,71.27
25.98,25.98,52.30,45.06,71.05
23.82,23.82,53.56,42.72,71.21
24.23,24.23,49.92,44.29,70.84
25.71,25.71,52.85,43.40,71.16
22.93,22.93,50.29,44.26,72.59
25.50,25.50,47.16,43.26,70.25
26.75,26.75,43.52,42.97,70.31
26.66,26.66,43.72,42.39,72.02
27.88,27.88,45.38,44.21,70.05
30.40,30.40,44.82,44.56,69.49
28.67,28.67,42.94,44.98,70.19
26.89,26.89,37.33,44.51,68.71
26.47,26.47,36.87,45.94,69.99
26.85,26.85,39.92,45.76,69.32
30.14,30.14,41.04,46.39,68.53
29.99,29.99,34.15,46.70,69.03
31.64,31.64,26.63,44.43,70.79
34.19,34.19,30.92,49.98,71.26
35.37,35.37,33.83,52.68,71.67
36.50,36.50,33.56,52.39,71.55
37.39,37.39,30.68,51.23,72.29
37.38,37.38,31.57,50.76,74.60
37.50,37.50,28.69,50.50,73.25
36.49,36.49,31.16,50.18,72.88
35.95,35.95,30.53,49.88,74.75
36.55,36.55,24.24,48.71,72.69
36.17,36.17,20.87,48.10,73.14
35.46,35.46,19.54,47.83,73.36
35.32,35.32,18.13,46.02,71.87
35.84,35.84,19.35,44.41,71.37
35.24,35.24,20.09,43.55,71.29
34.76,34.76,19.39,41.96,70.49
34.01,34.01,18.58,39.26,69.35
33.01,33.01,20.23,36.85,69.48
31.19,31.19,19.73,38.02,68.97
29.47,29.47,19.59,39.10,68.49
26.83,26.83,20.24,40.13,68.30
27.10,27.10,23.46,38.92,68.74
29.49,29.49,29.38,38.27,68.68
25.88,25.88,45.67,37.49,69.44
20.20,20.20,51.47,39.68,68.81
14.09,14.09,69.15,37.71,68.07
10.16,10.16,66.09,36.03,70.43
16.84,16.84,59.98,37.22,65.56
23.93,23.93,53.79,40.82,65.29
28.46,28.46,46.27,45.80,66.83
31.34,31.34,40.95,45.98,65.21
31.84,31.84,36.73,44.21,63.53
31.61,31.61,36.81,42.51,61.31
30.19,30.19,31.45,40.44,59.70
27.67,27.67,33.89,39.54,54.80
26.66,26.66,35.12,40.80,55.17
26.70,26.70,30.41,37.57,54.62
27.49,27.49,30.64,37.02,54.57
27.85,27.85,30.15,38.57,56.52
28.55,28.55,30.04,41.65,56.57
29.37,29.37,29.84,43.22,60.44
30.06,30.06,27.23,44.52,58.71
30.89,30.89,27.37,46.46,61.15
30.34,30.34,33.53,47.83,64.47
29.31,29.31,37.32,48.15,68.09
29.58,29.58,34.52,48.55,67.68
30.57,30.57,30.30,49.36,67.89
31.93,31.93,27.25,50.61,67.13
32.51,32.51,25.69,50.62,67.37
32.42,32.42,26.37,49.69,66.50
33.08,33.08,26.91,49.67,65.43
31.32,31.32,25.03,48.48,63.68
31.24,31.24,24.77,47.74,65.57
29.70,29.70,24.94,46.28,63.57
27.09,27.09,23.79,44.23,60.65
25.40,25.40,24.39,42.37,61.08
22.50,22.50,20.98,38.94,60.27
22.24,22.24,19.99,37.51,56.53
24.31,24.31,21.76,38.82,56.87
22.59,22.59,27.12,36.56,57.49
24.56,24.56,39.51,30.70,58.72
23.11,23.11,49.28,27.25,55.31
20.82,20.82,57.48,31.42,53.06
21.47,21.47,81.16,36.24,55.17
23.21,23.21,84.92,42.79,56.56
27.98,27.98,81.60,48.56,61.19
31.08,31.08,82.04,50.53,62.11
32.56,32.56,80.40,50.75,63.84
33.01,33.01,75.32,50.36,63.49
32.49,32.49,76.16,48.33,63.62
31.12,31.12,74.62,46.02,64.14
28.94,28.94,72.61,44.35,61.79
26.34,26.34,74.52,42.20,58.08
24.45,24.45,70.55,44.82,59.33
26.60,26.60,71.84,40.21,55.84
27.08,27.08,68.03,42.97,53.89
24.92,24.92,68.69,39.02,55.74
28.33,28.33,65.24,38.18,55.29
26.76,26.76,67.33,44.37,53.90
24.26,24.26,62.99,47.94,55.35
24.03,24.03,65.08,39.65,54.98
24.18,24.18,60.11,43.46,53.93
28.91,28.91,62.90,38.75,55.04
34.84,34.84,56.36,41.35,58.57
21.15,21.15,70.49,45.83,62.63
2.79,2.79,88.37,49.97,62.75
8.70,8.70,81.46,53.62,65.30
13.36,13.36,81.37,56.53,64.84
16.85,16.85,81.39,57.42,67.84
15.38,15.38,75.54,57.57,68.69
11.66,11.66,73.16,57.71,68.01
10.96,10.96,75.71,57.63,69.43
11.89,11.89,72.02,57.82,71.43
8.26,8.26,74.58,57.08,69.98
7.60,7.60,69.64,57.27,70.40
9.20,9.20,71.19,57.00,69.55
12.92,12.92,68.25,56.14,70.87
19.58,19.58,66.85,55.37,67.01
24.54,24.54,67.65,53.74,66.99
29.14,29.14,63.32,52.66,66.01
31.09,31.09,66.29,53.34,62.71
31.42,31.42,61.62,55.65,64.21
34.63,34.63,64.39,56.24,62.33
37.04,37.04,58.74,56.31,61.97
36.13,36.13,60.31,56.04,63.47
37.29,37.29,57.98,56.96,59.81
36.71,36.71,58.61,58.44,61.34
36.21,36.21,54.02,58.66,62.42
34.20,34.20,56.63,59.91,60.32
34.74,34.74,51.59,60.33,64.16
35.82,35.82,52.64,60.96,63.83
35.03,35.03,49.49,61.84,62.58
34.25,34.25,51.53,62.21,64.78
33.30,33.30,46.95,60.70,66.03
33.12,33.12,48.85,59.44,65.18
34.08,34.08,45.74,59.72,66.05
35.05,35.05,44.74,60.58,66.58
36.85,36.85,42.73,60.13,65.82
37.28,37.28,40.88,60.05,66.70
35.35,35.35,40.12,59.24,66.68
34.77,34.77,37.75,58.81,66.50
34.83,34.83,37.04,58.77,66.60
35.15,35.15,33.59,57.67,66.26
35.26,35.26,32.86,57.15,65.73
34.43,34.43,28.65,57.16,66.56
34.40,34.40,30.22,56.91,66.52
34.01,34.01,23.76,56.43,66.40
34.29,34.29,26.47,56.67,67.14
35.16,35.16,23.80,57.49,66.40
36.03,36.03,23.27,58.02,66.36
37.11,37.11,21.27,58.44,66.88
38.04,38.04,21.38,58.21,67.37
38.91,38.91,21.11,58.04,70.46
39.82,39.82,22.35,58.61,69.97
41.07,41.07,23.07,58.18,70.07
40.88,40.88,23.21,57.93,71.20
40.71,40.71,22.56,57.92,71.20
40.49,40.49,22.52,58.38,71.99
40.94,40.94,23.04,58.46,72.07
40.95,40.95,24.52,57.70,72.34
42.43,42.43,27.15,56.67,71.50
38.71,38.71,25.50,52.89,70.49
32.97,32.97,24.43,47.32,69.61
29.49,29.49,25.54,43.49,67.82
29.60,29.60,24.47,42.35,67.79
29.63,29.63,26.65,42.34,66.69
28.84,28.84,27.15,43.00,65.79
27.72,27.72,27.26,43.46,65.45
27.26,27.26,26.27,42.40,64.37
24.91,24.91,24.34,42.58,64.04
24.28,24.28,29.96,42.70,64.29
24.10,24.10,23.96,42.23,62.94
24.30,24.30,31.21,41.75,63.43
23.09,23.09,29.45,41.38,61.98
22.51,22.51,29.63,41.34,61.08
22.59,22.59,31.88,40.71,61.01
22.79,22.79,31.52,40.78,58.88
23.20,23.20,32.37,39.33,60.59
23.39,23.39,33.23,41.04,58.16
23.85,23.85,36.27,41.13,55.39
23.48,23.48,38.20,39.75,55.74
23.72,23.72,36.89,37.12,51.63
22.40,22.40,39.06,35.90,53.07
20.34,20.34,38.65,38.29,51.00
22.30,22.30,42.72,39.08,49.71
18.79,18.79,42.00,39.18,47.52
20.65,20.65,43.44,39.38,47.10
20.87,20.87,42.26,40.31,48.06
18.78,18.78,41.34,41.57,47.72
18.27,18.27,41.63,42.75,49.77
19.28,19.28,38.20,42.56,48.67
19.05,19.05,40.93,42.19,46.28
17.94,17.94,40.37,41.34,46.23
16.91,16.91,42.40,40.82,42.43
16.76,16.76,43.46,40.51,43.58
14.52,14.52,40.25,40.76,41.15
16.83,16.83,42.46,41.38,42.71
16.64,16.64,39.89,41.34,40.89
16.10,16.10,37.07,40.66,39.34
16.11,16.11,38.58,39.85,36.95
15.67,15.67,38.28,38.79,36.00
16.15,16.15,41.79,38.35,33.20
15.35,15.35,37.94,38.03,33.57
12.70,12.70,39.93,37.11,32.69
12.83,12.83,37.57,35.93,31.36
13.36,13.36,33.52,36.14,33.18
12.85,12.85,37.16,35.63,33.29
12.94,12.94,34.08,34.47,31.59
12.44,12.44,37.53,32.49,30.69
11.97,11.97,35.29,30.87,30.55
12.09,12.09,35.14,32.86,29.98
12.29,12.29,35.13,32.11,31.04
12.39,12.39,33.09,32.23,30.96
12.95,12.95,34.52,31.52,31.08
15.09,15.09,32.77,31.30,34.61
17.99,17.99,33.57,30.90,34.03
23.06,23.06,32.23,27.97,35.00
27.68,27.68,33.15,25.10,35.33
26.50,26.50,40.45,15.89,33.24
38.31,38.31,51.53,5.88,34.56
46.95,46.95,80.43,1.12,43.75
60.24,60.24,92.96,1.60,51.67
65.09,65.09,86.85,5.09,64.26
63.66,63.66,81.01,5.55,74.25
64.28,64.28,81.73,3.54,71.28
67.21,67.21,76.58,10.86,70.86
64.92,64.92,77.76,17.15,69.17
65.88,65.88,74.34,24.29,71.35
62.92,62.92,69.72,20.29,73.94
65.75,65.75,66.10,16.09,75.74
65.50,65.50,68.32,16.84,74.51
65.67,65.67,68.69,15.48,72.81
68.97,68.97,64.45,18.06,71.28
70.31,70.31,66.00,22.07,71.87
69.72,69.72,61.93,20.40,71.23
68.26,68.26,63.04,20.23,70.93
67.21,67.21,56.74,16.29,70.74
66.89,66.89,63.07,14.48,68.28
65.24,65.24,58.23,5.23,68.88
65.82,65.82,60.22,2.99,68.54
68.63,68.63,88.53,0.31,66.75
66.59,66.59,89.50,0.01,63.78
69.32,69.32,84.88,2.08,61.90
65.92,65.92,78.86,5.97,60.65
64.35,64.35,79.39,12.75,59.69
66.98,66.98,76.39,20.00,58.41
69.96,69.96,77.42,21.79,58.55
69.88,69.88,71.50,23.36,59.63
70.29,70.29,70.62,28.17,61.08
70.86,70.86,65.97,21.76,64.79
72.88,72.88,69.39,24.00,64.31
66.76,66.76,66.27,24.99,61.42
71.59,71.59,66.72,28.74,59.04
72.17,72.17,65.86,28.00,61.34
70.52,70.52,62.06,27.49,63.69
67.04,67.04,62.92,23.92,61.56
70.15,70.15,55.59,29.00,61.92
71.95,71.95,61.54,24.95,63.54
71.55,71.55,57.52,22.69,62.97
71.28,71.28,58.29,8.20,60.39
73.81,73.81,81.09,0.09,64.79
74.43,74.43,91.54,2.70,65.69
73.51,73.51,85.34,4.31,64.81
77.06,77.06,80.00,13.35,61.58
75.68,75.68,80.47,12.97,60.91
73.79,73.79,76.08,26.44,60.02
75.20,75.20,76.93,25.91,60.34
74.83,74.83,73.18,23.61,58.32
70.44,70.44,68.56,30.86,55.30
72.91,72.91,63.73,27.87,54.75
68.80,68.80,67.46,32.23,53.88
63.01,63.01,67.13,28.72,52.99
61.88,61.88,63.18,27.74,52.70
63.14,63.14,65.27,28.04,52.25
63.22,63.22,60.20,38.45,49.87
61.68,61.68,61.49,35.82,48.09
59.51,59.51,54.42,40.19,47.53
59.17,59.17,61.15,38.52,50.76
60.45,60.45,56.76,25.37,51.61
71.01,71.01,60.21,5.28,53.47
68.96,68.96,76.03,0.00,55.06
71.74,71.74,93.74,-0.00,55.79
77.36,77.36,90.59,1.88,55.08
73.49,73.49,86.63,4.66,54.52
75.62,75.62,83.29,9.01,54.60
76.09,76.09,83.15,18.22,53.43
76.23,76.23,81.52,16.96,53.68
74.45,74.45,77.33,17.04,50.70
69.86,69.86,73.80,24.23,52.78
64.30,64.30,66.95,20.93,56.23
67.40,67.40,73.31,27.37,59.77
66.95,66.95,71.45,27.99,62.50
66.01,66.01,69.24,29.61,65.50
64.41,64.41,70.67,27.65,66.23
62.75,62.75,65.44,20.82,65.04
65.77,65.77,67.09,19.18,64.60
68.18,68.18,58.41,17.02,64.87
71.07,71.07,67.14,8.16,61.70
73.43,73.43,71.47,2.56,59.57
69.00,69.00,94.34,-0.00,56.29
73.25,73.25,90.97,1.01,64.27
74.10,74.10,83.14,10.83,63.54
71.85,71.85,85.62,18.55,64.77
70.09,70.09,80.06,21.49,65.32
69.75,69.75,80.42,30.24,68.40
68.73,68.73,80.27,29.87,72.94
72.22,72.22,76.44,25.50,71.81
73.30,73.30,64.71,28.90,69.99
69.90,69.90,73.66,24.93,74.11
69.49,69.49,69.94,27.64,75.54
68.69,68.69,72.85,24.79,73.38
66.60,66.60,66.84,25.43,71.91
62.95,62.95,68.83,26.96,71.76
65.97,65.97,62.95,27.86,74.26
69.18,69.18,67.24,23.59,72.52
69.46,69.46,61.35,17.79,68.15
74.70,74.70,64.74,14.24,70.04
74.87,74.87,76.89,5.65,70.67
65.18,65.18,92.79,2.08,70.68
67.64,67.64,91.75,8.32,70.95
72.05,72.05,86.82,24.17,70.45
71.98,71.98,84.87,23.44,71.91
70.26,70.26,83.60,28.16,72.38
71.53,71.53,81.83,32.79,72.22
73.31,73.31,79.61,29.29,73.43
73.81,73.81,75.54,27.32,72.78
73.00,73.00,65.90,26.75,75.09
74.76,74.76,74.98,28.92,74.73
73.23,73.23,71.71,32.26,76.88
74.27,74.27,71.00,23.41,75.74
72.39,72.39,70.21,26.06,72.72
73.17,73.17,67.18,45.07,74.69
75.22,75.22,66.91,41.99,72.37
73.99,73.99,63.90,64.54,68.71
69.39,69.39,69.47,72.03,70.65
68.85,68.85,69.18,63.43,73.48
71.20,71.20,84.23,62.69,75.06
77.48,77.48,87.45,68.43,75.53
70.90,70.90,87.26,72.15,75.68
66.51,66.51,88.25,72.29,77.44
69.02,69.02,87.88,72.88,78.71
64.46,64.46,92.84,71.09,77.44
68.24,68.24,87.72,71.72,78.20
73.19,73.19,81.80,69.49,79.93
72.21,72.21,73.26,75.34,80.34
74.37,74.37,77.53,73.86,80.16
72.46,72.46,79.75,73.14,80.47
70.88,70.88,78.02,73.80,79.74
70.08,70.08,78.72,74.13,79.76
71.10,71.10,76.68,74.48,80.66
70.09,70.09,70.37,74.70,80.37
71.47,71.47,68.69,75.06,79.38
72.12,72.12,70.94,72.10,78.57
70.86,70.86,60.45,74.67,79.17
70.53,70.53,64.35,70.80,77.03
70.10,70.10,59.34,74.05,77.90
68.96,68.96,56.10,73.12,78.02
72.77,72.77,58.84,73.99,78.89
73.28,73.28,58.74,75.94,78.04
69.70,69.70,64.62,73.32,77.25
72.34,72.34,59.39,74.32,77.92
72.84,72.84,53.14,73.53,77.09
78.04,78.04,52.14,76.28,77.67
75.64,75.64,52.32,72.39,77.49
75.16,75.16,52.79,76.09,76.41
74.88,74.88,55.77,73.06,77.56
73.71,73.71,57.23,75.39,76.67
71.45,71.45,67.20,74.19,76.26
75.10,75.10,67.00,75.33,76.17
72.76,72.76,61.50,76.26,76.13
72.33,72.33,68.70,75.21,78.13
74.21,74.21,69.82,76.42,77.64
74.47,74.47,69.09,74.53,76.61
75.71,75.71,77.08,75.56,77.29
75.44,75.44,76.18,71.86,76.13
75.19,75.19,75.91,71.06,76.36
73.57,73.57,84.72,70.19,74.13
73.86,73.86,88.31,70.20,73.51
70.14,70.14,92.62,66.73,72.55
70.93,70.93,88.93,68.63,73.93
70.39,70.39,88.20,73.88,74.39
70.44,70.44,89.60,71.52,74.19
72.66,72.66,87.61,72.56,74.45
73.05,73.05,80.08,70.29,77.13
74.63,74.63,78.97,73.31,76.48
74.95,74.95,70.91,71.20,76.87
74.61,74.61,81.56,75.52,74.50
73.09,73.09,80.82,72.54,75.31
74.11,74.11,74.60,75.49,74.51
75.40,75.40,71.78,74.32,75.22
73.24,73.24,56.93,74.43,75.24
71.88,71.88,69.47,76.46,75.77
72.42,72.42,55.04,74.03,75.35
74.32,74.32,64.32,75.96,76.75
75.13,75.13,65.74,73.51,75.61
75.42,75.42,73.55,74.41,75.98
71.22,71.22,82.62,73.63,75.09
67.34,67.34,84.13,76.30,72.34
69.41,69.41,83.51,71.55,73.17
73.20,73.20,79.07,75.14,75.94
74.40,74.40,69.60,72.79,76.10
72.97,72.97,71.49,74.70,74.39
72.35,72.35,68.82,75.87,73.70
76.83,76.83,67.98,73.14,75.85
73.45,73.45,62.65,75.04,74.77
71.76,71.76,60.93,73.40,75.95
74.73,74.73,60.08,76.28,76.93
72.46,72.46,63.33,73.53,77.06
71.37,71.37,64.59,76.54,76.57
72.06,72.06,63.47,72.60,76.63
70.31,70.31,63.50,76.23,76.24
70.36,70.36,63.56,74.20,76.12
72.68,72.68,62.15,74.87,76.00
72.36,72.36,58.91,76.15,76.27
72.75,72.75,58.07,74.12,77.30
72.13,72.13,60.75,76.36,74.87
71.82,71.82,75.28,73.45,75.39
67.73,67.73,86.20,73.84,75.19
66.91,66.91,92.38,71.97,75.20
67.44,67.44,91.84,74.81,75.32
71.25,71.25,88.09,72.49,77.25
71.39,71.39,83.94,76.53,76.64
72.00,72.00,81.55,74.39,76.03
70.23,70.23,71.82,75.32,75.93
71.47,71.47,76.96,75.62,75.12
70.52,70.52,76.95,74.59,76.68
71.17,71.17,71.92,75.85,75.95
72.29,72.29,65.75,73.28,76.89
73.94,73.94,60.71,75.70,76.64
72.53,72.53,62.05,73.23,77.22
70.73,70.73,58.89,76.88,77.87
68.16,68.16,58.55,73.11,77.04
70.17,70.17,67.42,73.23,76.31
70.29,70.29,84.62,70.29,77.07
66.37,66.37,89.68,68.82,74.79
69.95,69.95,92.27,71.05,73.89
68.81,68.81,90.08,68.86,75.28
69.22,69.22,88.93,70.02,76.33
71.18,71.18,86.71,70.19,77.36
67.85,67.85,87.36,74.84,76.18
69.67,69.67,83.13,74.93,79.08
65.31,65.31,86.94,75.59,77.36
66.99,66.99,79.93,74.82,78.29
68.68,68.68,79.32,75.14,78.06
67.66,67.66,77.65,74.64,77.87
72.83,72.83,69.11,74.78,77.25
74.02,74.02,69.66,75.58,77.83
77.76,77.76,70.19,73.83,76.30
77.20,77.20,67.56,76.17,76.02
77.90,77.90,68.38,75.86,75.37
77.43,77.43,72.16,75.17,75.77
77.76,77.76,64.40,70.72,75.37
74.02,74.02,76.23,71.32,76.14
70.75,70.75,88.23,70.08,75.02
76.33,76.33,90.49,71.15,74.30
76.77,76.77,89.06,68.28,73.02
77.39,77.39,89.12,68.46,74.11
73.78,73.78,90.10,68.92,74.82
73.91,73.91,91.70,73.22,75.08
77.61,77.61,87.70,73.80,75.68
80.06,80.06,82.61,75.55,77.58
80.67,80.67,74.09,75.20,75.76
80.48,80.48,76.13,76.04,76.04
77.08,77.08,78.25,73.80,74.91
79.38,79.38,80.34,75.60,74.30
79.80,79.80,74.53,72.96,74.61
78.65,78.65,69.97,76.08,74.98
75.82,75.82,59.05,73.62,75.70
77.42,77.42,68.55,75.74,75.27
77.45,77.45,67.43,75.88,74.12
77.92,77.92,64.91,74.99,74.83
76.31,76.31,56.95,76.90,75.71
74.09,74.09,57.73,74.44,76.35
76.95,76.95,63.93,76.51,76.18
75.02,75.02,66.49,74.05,74.75
74.44,74.44,65.17,76.41,75.00
73.83,73.83,65.20,74.92,75.44
73.94,73.94,67.07,76.90,76.65
73.89,73.89,61.11,75.33,76.26
71.08,71.08,61.35,77.10,76.03
73.91,73.91,66.35,75.51,76.00
74.30,74.30,71.53,75.24,76.75
71.78,71.78,70.88,75.99,74.31
75.34,75.34,70.05,73.23,73.30
77.85,77.85,69.67,75.18,73.17
77.76,77.76,64.11,72.05,71.98
76.93,76.93,66.35,73.74,72.29
77.04,77.04,61.29,72.53,71.38
75.24,75.24,59.25,73.44,70.57
73.59,73.59,73.54,68.77,71.65
69.44,69.44,88.00,70.33,71.93
66.25,66.25,92.17,70.90,72.65
70.26,70.26,89.97,69.72,74.00
70.17,70.17,93.35,74.50,72.47
77.27,77.27,79.96,74.91,75.39
80.69,80.69,88.85,77.03,75.47
78.61,78.61,86.69,76.01,74.19
80.08,80.08,80.07,76.55,74.84
77.32,77.32,69.58,74.29,73.99
75.33,75.33,81.57,75.71,74.13
74.78,74.78,78.14,75.98,74.56
77.55,77.55,77.66,80.72,74.29
77.32,77.32,74.72,79.46,75.25
73.54,73.54,67.66,78.38,75.14
76.93,76.93,66.25,76.55,75.01
73.54,73.54,68.78,73.38,74.43
78.11,78.11,54.24,78.43,75.49
75.41,75.41,70.78,75.69,74.62
72.51,72.51,68.87,75.04,74.58
73.93,73.93,80.49,72.91,74.91
68.88,68.88,82.89,75.14,73.27
72.28,72.28,79.65,71.30,74.55
71.62,71.62,86.04,75.28,74.43
74.46,74.46,79.95,72.41,72.66
74.72,74.72,80.98,75.84,76.12
76.83,76.83,77.80,74.82,76.68
76.60,76.60,74.38,73.20,77.04
71.27,71.27,75.41,75.85,75.49
67.68,67.68,74.59,73.73,74.35
68.15,68.15,77.36,75.14,74.52
68.90,68.90,76.98,73.30,74.93
68.40,68.40,73.76,75.58,74.49
69.03,69.03,72.05,72.21,73.36
69.45,69.45,76.14,76.24,72.72
70.49,70.49,72.89,73.60,74.00
70.18,70.18,72.58,75.59,73.57
71.23,71.23,73.42,74.44,72.61
72.05,72.05,73.68,75.28,71.00
71.08,71.08,76.99,75.15,72.24
69.20,69.20,88.73,73.61,70.79
69.10,69.10,91.96,70.51,70.95
70.83,70.83,89.97,69.58,70.93
75.52,75.52,89.62,72.22,71.86
75.68,75.68,89.71,72.04,71.45
80.70,80.70,88.97,73.15,70.52
80.53,80.53,85.14,70.01,71.94
78.71,78.71,63.73,67.32,71.94
77.52,77.52,82.97,63.45,71.59
78.55,78.55,84.01,60.65,71.50
79.30,79.30,76.36,66.74,72.44
80.59,80.59,80.30,68.52,72.98
78.49,78.49,80.57,59.25,73.27
77.96,77.96,72.59,71.67,74.04
77.67,77.67,73.08,71.87,73.99
76.99,76.99,73.26,69.87,72.93
76.61,76.61,84.06,71.88,74.13
77.59,77.59,83.37,71.87,73.36
76.75,76.75,78.45,65.33,74.62
75.82,75.82,82.69,63.12,75.52
73.12,73.12,88.99,66.52,74.45
70.75,70.75,92.58,69.36,73.34
72.27,72.27,93.00,61.71,73.25
71.02,71.02,87.54,64.06,73.61
73.41,73.41,87.80,72.21,73.26
73.74,73.74,86.89,73.69,73.37
72.01,72.01,83.64,71.67,72.76
71.98,71.98,75.91,67.38,73.37
73.95,73.95,85.30,65.69,72.82
74.52,74.52,80.27,68.03,72.86
72.31,72.31,83.07,68.14,73.33
67.74,67.74,74.31,71.71,72.64
66.13,66.13,72.20,69.89,72.46
60.92,60.92,73.12,67.76,73.42
60.70,60.70,72.97,63.33,72.29
66.20,66.20,79.34,65.13,72.83
72.23,72.23,87.61,61.89,74.11
72.88,72.88,88.62,63.18,73.39
76.70,76.70,88.50,59.35,74.41
75.10,75.10,87.48,72.61,73.72
74.48,74.48,90.04,71.95,73.43
79.41,79.41,87.39,71.78,72.42
77.55,77.55,87.20,72.31,73.80
78.90,78.90,85.20,75.24,74.49
79.73,79.73,80.77,75.45,76.25
79.71,79.71,83.28,75.82,76.10
79.45,79.45,82.58,75.48,75.86
79.39,79.39,80.95,74.39,75.77
80.30,80.30,76.56,75.00,75.39
80.45,80.45,69.59,71.96,74.86
79.82,79.82,66.34,74.55,75.19
80.18,80.18,72.05,71.89,75.97
81.03,81.03,68.38,75.35,76.57
80.40,80.40,68.89,73.15,75.42
80.25,80.25,65.28,75.40,75.21
81.06,81.06,64.11,73.67,75.17
80.57,80.57,62.52,75.72,74.72
80.46,80.46,61.51,72.73,76.41
81.15,81.15,60.50,75.27,75.09
80.44,80.44,62.63,73.79,75.31
80.21,80.21,60.93,74.23,75.22
81.23,81.23,57.63,75.89,74.83
80.07,80.07,54.52,73.94,74.82
80.51,80.51,57.45,76.82,73.92
77.18,77.18,57.29,75.42,75.23
77.72,77.72,56.47,76.87,75.19
79.72,79.72,57.90,75.83,74.22
81.11,81.11,59.27,77.93,74.59
79.91,79.91,55.21,74.42,73.95
78.42,78.42,56.11,77.51,73.44
79.25,79.25,55.83,75.64,73.50
79.55,79.55,52.70,76.48,74.88
80.01,80.01,50.99,76.48,75.04
79.52,79.52,52.53,75.05,73.97
80.21,80.21,52.80,77.31,72.81
76.51,76.51,56.95,75.24,73.27
78.57,78.57,61.83,76.05,72.00
77.60,77.60,60.11,74.24,74.65
80.06,80.06,55.94,77.30,74.08
76.78,76.78,54.50,74.08,73.03
78.89,78.89,55.06,77.76,73.27
78.88,78.88,57.78,74.99,73.03
78.05,78.05,54.18,77.03,73.59
77.31,77.31,53.76,76.04,72.73
76.51,76.51,54.38,76.28,73.21
77.04,77.04,49.40,77.46,73.56
79.17,79.17,51.68,76.77,73.41
77.93,77.93,51.00,77.73,74.35
78.74,78.74,48.66,77.15,74.61
78.03,78.03,49.35,79.00,74.61
78.38,78.38,47.39,76.19,72.72
79.65,79.65,51.48,78.75,73.42
77.59,77.59,55.05,76.98,74.56
78.61,78.61,64.05,77.30,73.48
78.44,78.44,74.71,75.18,72.02
78.16,78.16,83.00,75.38,71.83
81.50,81.50,81.86,74.03,70.89
79.53,79.53,86.39,74.57,71.62
80.34,80.34,85.05,75.19,71.40
82.76,82.76,72.22,73.85,73.16
81.30,81.30,75.84,77.17,74.06
81.43,81.43,68.02,74.80,73.14
81.77,81.77,68.10,77.71,73.56
80.25,80.25,62.01,75.45,74.48
79.91,79.91,61.51,76.68,75.09
80.91,80.91,65.25,76.64,74.13
81.53,81.53,67.13,76.19,73.81
81.91,81.91,66.78,77.92,74.37
82.48,82.48,62.97,75.73,74.82
81.71,81.71,62.92,77.03,73.59
82.05,82.05,64.48,75.38,75.45
81.43,81.43,64.58,77.67,75.53
80.06,80.06,64.24,74.29,75.98
78.27,78.27,63.79,77.63,75.49
76.78,76.78,62.77,75.01,75.59
78.94,78.94,62.43,76.45,75.14
79.79,79.79,61.72,76.24,75.85
80.06,80.06,63.94,75.08,76.86
76.07,76.07,61.04,76.84,77.74
82.78,82.78,63.28,74.80,77.17
77.04,77.04,61.67,76.06,76.24
76.49,76.49,63.77,74.70,74.03
75.42,75.42,70.10,76.55,75.15
75.90,75.90,70.02,74.79,75.35
74.83,74.83,74.11,77.59,74.34
75.00,75.00,75.59,74.12,75.26
73.79,73.79,72.44,76.35,73.42
78.76,78.76,67.90,75.45,74.45
75.61,75.61,60.79,74.98,73.25
77.90,77.90,63.96,77.11,73.25
79.56,79.56,63.65,74.69,74.07
78.54,78.54,61.49,76.32,73.52
77.55,77.55,66.72,73.24,73.19
76.04,76.04,69.91,69.14,73.47
76.37,76.37,86.25,68.04,73.88
78.64,78.64,92.64,66.67,70.81
75.65,75.65,89.91,68.57,72.44
77.89,77.89,90.33,71.39,73.51
77.59,77.59,90.65,71.44,72.86
77.69,77.69,91.01,74.76,71.18
77.68,77.68,89.94,75.08,72.62
75.83,75.83,81.93,77.26,74.61
78.26,78.26,79.22,77.08,74.71
78.56,78.56,75.39,77.16,73.49
78.39,78.39,76.34,75.77,73.56
77.98,77.98,74.08,76.01,74.16
78.99,78.99,64.02,73.77,74.12
80.23,80.23,70.96,77.35,74.88
75.00,75.00,66.80,74.93,74.55
75.36,75.36,70.35,76.25,74.23
74.96,74.96,73.51,76.53,73.79
74.50,74.50,69.83,72.79,73.24
75.81,75.81,78.29,71.12,72.79
77.16,77.16,90.02,64.66,70.77
79.06,79.06,88.31,66.51,72.64
75.29,75.29,91.64,68.82,72.02
72.75,72.75,91.04,72.69,73.65
80.81,80.81,89.12,74.51,71.88
76.55,76.55,89.82,75.13,74.14
81.25,81.25,88.41,74.38,73.95
80.67,80.67,84.90,77.73,75.61
76.32,76.32,70.82,76.46,75.15
82.91,82.91,80.62,77.23,76.08
76.85,76.85,72.73,75.16,73.44
79.15,79.15,79.23,74.93,73.34
82.11,82.11,74.38,76.60,73.39
80.62,80.62,63.37,75.16,73.82
78.91,78.91,64.79,77.65,73.44
76.80,76.80,57.89,75.49,72.69
77.93,77.93,63.27,76.39,73.73
77.43,77.43,68.91,75.31,74.45
79.73,79.73,64.64,77.46,73.48
80.93,80.93,63.93,74.32,74.62
76.41,76.41,61.59,77.63,72.83
79.50,79.50,64.03,74.48,73.02
76.28,76.28,59.17,75.49,75.48
78.02,78.02,55.79,75.66,75.81
77.60,77.60,56.32,74.37,74.09
78.30,78.30,60.76,76.47,73.76
77.61,77.61,62.10,73.57,73.71
80.02,80.02,67.81,75.42,74.56
79.45,79.45,67.21,73.73,74.12
79.52,79.52,71.35,76.09,72.19
80.65,80.65,71.66,73.19,71.74
80.25,80.25,67.43,76.45,72.63
80.07,80.07,65.49,74.35,72.45
81.51,81.51,67.61,75.62,72.87
81.66,81.66,58.84,75.13,70.36
81.41,81.41,61.14,74.60,71.72
81.91,81.91,68.88,75.91,74.57
81.43,81.43,78.59,71.60,73.80
79.21,79.21,89.12,75.22,71.42
76.84,76.84,90.15,73.77,70.25
77.49,77.49,89.30,76.58,72.06
76.81,76.81,90.81,73.81,72.38
79.93,79.93,86.95,77.19,72.95
81.30,81.30,89.51,74.40,72.53
80.20,80.20,87.56,73.29,72.06
78.07,78.07,81.89,73.98,72.70
75.06,75.06,76.97,73.07,73.14
77.17,77.17,80.73,75.62,72.70
77.48,77.48,78.65,72.98,73.55
78.73,78.73,78.15,76.02,75.44
78.66,78.66,69.95,74.64,75.05
76.19,76.19,68.35,76.62,77.39
76.32,76.32,65.45,74.93,77.74
75.55,75.55,58.96,77.64,74.18
76.56,76.56,65.58,73.34,72.76
75.35,75.35,67.71,76.48,73.11
79.03,79.03,82.86,74.69,72.84
72.68,72.68,82.51,74.34,70.54
75.48,75.48,84.24,75.90,71.49
73.51,73.51,78.42,73.24,71.93
79.56,79.56,74.26,76.30,71.47
77.96,77.96,71.00,74.79,72.50
77.77,77.77,68.52,76.76,74.73
76.68,76.68,60.47,73.61,74.46
75.95,75.95,63.84,76.81,75.05
72.10,72.10,61.92,74.90,72.69
73.48,73.48,64.04,78.00,72.45
73.89,73.89,62.99,75.82,73.69
75.87,75.87,57.33,75.78,71.83
74.48,74.48,60.61,76.27,71.35
75.08,75.08,58.31,73.95,71.15
76.03,76.03,61.09,76.27,73.31
75.87,75.87,55.82,73.98,74.55
76.00,76.00,61.86,75.39,73.31
74.91,74.91,70.75,73.13,70.88
74.59,74.59,81.10,73.27,68.76
74.20,74.20,84.29,73.59,67.78
74.37,74.37,85.22,73.69,68.78
73.86,73.86,87.63,74.51,68.93
76.32,76.32,86.84,72.34,68.91
78.65,78.65,83.27,68.08,71.05
79.04,79.04,86.44,72.72,72.04
79.95,79.95,84.20,71.35,73.94
78.90,78.90,77.28,67.07,74.64
80.61,80.61,78.76,63.17,73.24
79.49,79.49,69.39,62.29,73.07
80.22,80.22,68.23,61.57,71.91
78.54,78.54,74.89,56.91,72.16
77.07,77.07,85.49,63.11,73.34
77.95,77.95,79.78,60.90,73.37
77.19,77.19,77.22,59.54,72.05
79.93,79.93,72.73,59.98,72.16
80.37,80.37,72.10,62.83,72.89
79.70,79.70,72.26,57.09,71.50
78.74,78.74,83.37,63.32,69.97
77.09,77.09,84.99,57.34,70.76
76.25,76.25,80.65,60.27,71.42
76.92,76.92,75.24,60.38,74.34
76.80,76.80,68.60,60.38,73.42
75.13,75.13,70.54,60.96,73.16
76.13,76.13,80.36,65.97,70.53
74.13,74.13,84.28,68.36,68.85
70.53,70.53,81.23,67.84,71.49
70.90,70.90,75.55,67.17,71.13
72.96,72.96,72.51,68.86,71.74
69.37,69.37,75.13,70.83,70.77
72.57,72.57,82.51,71.26,72.47
68.73,68.73,82.02,70.13,70.87
67.53,67.53,79.40,66.15,69.46
71.41,71.41,75.40,63.04,68.64
69.82,69.82,71.76,65.76,70.69
71.76,71.76,68.11,66.37,71.95
74.49,74.49,71.75,66.64,72.07
73.87,73.87,79.56,66.46,71.19
75.19,75.19,84.82,70.09,74.02
70.64,70.64,87.43,72.06,73.66
75.02,75.02,91.80,76.06,73.23
74.11,74.11,86.76,78.19,74.58
74.17,74.17,88.48,77.63,75.02
72.32,72.32,90.85,77.49,71.65
71.47,71.47,86.65,77.77,72.20
72.48,72.48,88.25,77.31,73.41
74.64,74.64,80.11,77.47,72.46
75.15,75.15,82.62,77.00,73.63
70.45,70.45,83.84,76.64,74.98
76.49,76.49,82.60,75.38,73.42
74.91,74.91,78.53,73.78,75.40
69.43,69.43,72.90,73.90,74.10
71.28,71.28,65.54,75.37,75.28
78.53,78.53,61.99,76.36,76.81
77.59,77.59,67.14,76.57,77.25
73.85,73.85,70.49,76.07,77.51
69.43,69.43,71.29,75.52,76.66
72.62,72.62,69.75,74.90,77.87
73.16,73.16,65.67,75.18,78.68
75.41,75.41,63.71,74.81,78.50
74.27,74.27,61.26,75.76,78.03
71.40,71.40,57.43,75.69,76.81
74.16,74.16,51.47,75.67,76.86
75.73,75.73,55.97,75.08,76.27
69.83,69.83,52.38,74.46,76.71
74.22,74.22,51.31,74.66,77.37
76.20,76.20,50.51,75.60,77.80
73.65,73.65,50.48,76.04,77.06
70.12,70.12,47.20,75.32,74.65
71.40,71.40,46.76,74.60,75.80
72.76,72.76,47.77,74.46,76.74
73.47,73.47,48.76,74.32,76.63
74.04,74.04,46.04,74.63,76.36
69.99,69.99,43.32,75.59,76.05
68.95,68.95,44.36,73.66,77.68
73.91,73.91,49.12,74.86,76.02
75.60,75.60,55.02,72.79,74.70
77.04,77.04,58.89,70.33,73.44
77.86,77.86,56.28,69.45,73.37
75.25,75.25,54.21,70.69,74.03
74.77,74.77,51.78,69.81,74.60
77.31,77.31,49.17,70.33,73.95
77.41,77.41,47.61,70.92,73.52
74.13,74.13,47.88,70.98,73.23
73.31,73.31,48.51,73.87,73.05
71.31,71.31,46.35,72.45,73.46
71.25,71.25,51.76,73.67,75.14
73.94,73.94,49.23,73.42,73.85
70.00,70.00,44.34,73.13,74.13
69.27,69.27,47.64,74.05,73.70
72.37,72.37,46.27,73.78,74.18
77.20,77.20,48.37,73.91,73.89
74.65,74.65,42.61,74.48,72.17
67.90,67.90,47.62,74.26,73.09
73.97,73.97,50.54,73.54,74.35
70.43,70.43,61.84,72.29,74.01
70.26,70.26,71.02,68.67,72.34
75.77,75.77,84.25,65.53,72.74
76.17,76.17,81.61,67.35,72.63
73.24,73.24,85.17,69.40,72.96
71.35,71.35,84.54,71.67,72.75
74.91,74.91,75.64,71.70,71.96
73.33,73.33,69.21,72.22,72.20
70.31,70.31,63.58,71.84,73.44
72.72,72.72,61.91,71.69,74.09
68.78,68.78,57.30,71.86,73.31
75.17,75.17,56.63,71.75,72.75
74.52,74.52,54.49,72.07,72.41
71.37,71.37,52.85,73.44,72.23
70.86,70.86,55.16,73.32,74.40
76.39,76.39,54.21,73.20,73.97
70.58,70.58,55.39,73.43,72.97
69.47,69.47,52.44,74.00,72.28
72.01,72.01,48.27,73.84,73.33
68.47,68.47,47.89,73.72,73.91
71.99,71.99,48.34,73.30,73.86
68.47,68.47,50.95,73.52,71.84
71.03,71.03,58.95,73.88,73.48
71.32,71.32,56.85,74.21,73.17
71.79,71.79,60.77,74.23,75.36
73.15,73.15,57.46,74.44,75.10
69.80,69.80,55.18,75.74,74.06
73.61,73.61,56.50,74.83,73.97
67.97,67.97,46.22,74.94,74.21
71.81,71.81,52.04,74.93,74.36
72.05,72.05,59.21,75.01,72.69
69.64,69.64,57.86,75.78,72.24
70.92,70.92,60.00,75.06,74.01
73.29,73.29,49.81,74.86,75.06
72.35,72.35,61.70,75.13,74.57
74.69,74.69,64.47,74.72,73.89
74.11,74.11,58.84,74.89,73.12
72.71,72.71,52.26,74.29,71.71
67.74,67.74,60.16,71.15,72.52
68.18,68.18,67.01,65.49,72.99
73.86,73.86,75.53,71.99,74.22
68.26,68.26,89.46,72.67,72.58
66.63,66.63,90.43,70.44,73.19
69.23,69.23,88.40,73.05,71.63
73.33,73.33,89.71,73.20,69.59
69.84,69.84,87.60,74.33,70.50
74.08,74.08,90.57,74.66,70.74
73.76,73.76,88.14,75.36,71.04
72.58,72.58,78.64,76.18,72.10
73.71,73.71,76.00,74.73,72.40
66.11,66.11,81.99,74.81,72.86
73.00,73.00,81.07,75.70,73.52
76.48,76.48,75.03,74.10,73.49
79.53,79.53,72.52,74.77,73.59
79.07,79.07,70.05,76.05,73.16
79.28,79.28,65.75,75.53,72.70
79.99,79.99,60.47,75.97,72.82
78.89,78.89,65.19,75.85,72.79
77.50,77.50,59.30,75.36,73.65
68.40,68.40,64.82,71.31,72.86
64.95,64.95,73.89,66.79,72.99
62.84,62.84,86.27,68.80,74.09
64.76,64.76,88.89,65.48,73.37
63.84,63.84,92.62,66.36,71.67
73.11,73.11,90.08,70.88,72.43
73.60,73.60,89.80,71.72,72.90
75.23,75.23,88.10,73.36,72.99
75.50,75.50,87.50,74.34,72.33
77.18,77.18,82.73,75.36,71.81
77.25,77.25,77.22,74.99,71.11
78.95,78.95,76.01,74.73,71.49
78.42,78.42,76.84,74.36,69.82
77.29,77.29,79.48,73.84,69.80
75.52,75.52,70.84,73.73,71.60
74.60,74.60,61.71,74.27,70.76
76.48,76.48,59.64,71.76,71.02
74.20,74.20,62.55,69.49,70.85
75.05,75.05,64.15,67.85,70.74
76.69,76.69,60.12,67.74,69.01
75.35,75.35,63.32,65.00,69.97
76.31,76.31,67.74,61.31,72.07
76.45,76.45,67.16,59.65,70.61
74.46,74.46,67.93,53.74,70.71
74.79,74.79,61.35,58.48,72.11
75.07,75.07,50.71,52.90,72.52
74.28,74.28,52.32,57.50,73.16
73.68,73.68,55.63,55.55,72.32
74.12,74.12,57.70,53.98,73.96
74.64,74.64,64.39,45.69,72.97
74.75,74.75,65.18,51.31,73.14
73.70,73.70,62.25,57.63,72.18
72.93,72.93,62.82,57.28,71.52
73.65,73.65,67.17,55.45,71.44
73.54,73.54,68.13,50.52,69.25
74.51,74.51,58.96,46.81,68.73
76.03,76.03,54.71,38.35,69.17
73.85,73.85,59.30,35.66,67.40
73.65,73.65,63.60,27.00,67.80
73.72,73.72,63.26,21.14,67.77
74.97,74.97,87.97,28.81,70.17
67.61,67.61,92.17,34.44,70.84
61.98,61.98,90.54,37.60,71.59
61.90,61.90,89.64,41.86,70.74
65.99,65.99,89.33,43.08,70.37
76.72,76.72,90.90,40.37,71.21
82.30,82.30,87.76,42.99,74.40
81.89,81.89,82.16,50.21,72.86
81.76,81.76,71.91,55.85,72.29
79.41,79.41,80.69,57.80,74.39
77.92,77.92,76.10,57.39,75.87
75.95,75.95,79.35,55.35,75.83
73.90,73.90,66.65,47.43,74.24
75.26,75.26,69.92,42.74,73.48
73.60,73.60,55.34,50.13,73.25
75.01,75.01,67.19,52.75,73.13
74.38,74.38,59.06,54.00,73.88
74.89,74.89,66.94,51.27,74.75
77.32,77.32,70.78,54.74,76.40
75.84,75.84,82.36,61.05,73.63
72.84,72.84,83.40,60.96,70.94
73.42,73.42,83.73,61.58,70.76
72.62,72.62,80.12,57.29,69.64
72.65,72.65,71.77,48.73,69.76
76.52,76.52,67.19,54.72,70.56
76.45,76.45,64.60,50.60,72.33
74.68,74.68,62.60,44.20,72.82
76.43,76.43,61.44,39.60,73.03
74.16,74.16,66.74,43.65,73.05
67.36,67.36,67.35,47.57,71.34
68.30,68.30,61.90,48.84,70.81
69.53,69.53,65.07,47.82,71.68
69.33,69.33,64.38,44.73,68.21
70.43,70.43,72.94,38.42,70.28
70.87,70.87,72.83,32.58,70.08
70.94,70.94,69.40,37.75,70.18
70.38,70.38,65.92,45.84,67.77
71.88,71.88,59.83,54.83,65.68
73.51,73.51,80.71,68.74,66.21
72.92,72.92,89.90,72.63,65.27
70.53,70.53,93.20,73.79,65.77
70.62,70.62,87.95,71.66,66.11
77.83,77.83,89.01,75.35,67.73
78.72,78.72,89.43,73.91,71.72
76.64,76.64,86.52,70.16,70.49
77.68,77.68,84.27,73.29,72.07
78.49,78.49,82.74,76.84,68.81
77.89,77.89,77.37,72.81,69.05
75.96,75.96,74.41,70.98,68.86
77.33,77.33,75.46,75.20,68.49
78.80,78.80,76.47,75.97,68.18
81.08,81.08,76.40,70.16,67.91
78.43,78.43,76.30,70.63,69.19
78.51,78.51,73.88,76.62,69.87
79.10,79.10,73.35,67.64,69.85
78.89,78.89,70.62,63.26,69.12
76.34,76.34,84.07,69.06,69.37
74.62,74.62,90.70,69.13,69.35
73.41,73.41,91.90,71.52,68.14
74.25,74.25,88.39,70.84,66.85
75.38,75.38,91.31,73.51,70.76
75.08,75.08,90.17,74.54,70.39
76.37,76.37,87.51,74.77,69.79
78.11,78.11,74.57,74.04,70.35
80.09,80.09,79.37,76.18,71.21
81.17,81.17,77.17,77.60,71.87
82.59,82.59,77.60,75.35,69.57
82.56,82.56,75.84,74.90,69.75
81.36,81.36,71.16,73.76,69.85
82.00,82.00,75.91,73.83,69.95
81.82,81.82,76.78,73.41,67.94
78.28,78.28,76.81,75.30,68.69
75.80,75.80,71.23,75.68,69.23
76.78,76.78,63.15,72.86,68.79
78.52,78.52,62.05,69.94,68.90
78.74,78.74,68.74,63.01,70.13
74.70,74.70,88.57,69.48,70.98
76.24,76.24,91.48,71.40,71.28
75.51,75.51,90.35,75.85,70.16
78.39,78.39,90.85,76.49,70.53
78.53,78.53,89.46,72.82,72.21
77.62,77.62,84.52,74.20,72.25
81.08,81.08,84.12,72.99,72.13
82.66,82.66,81.37,73.91,72.84
79.57,79.57,84.90,74.31,74.18
79.75,79.75,78.69,76.98,72.71
82.58,82.58,69.68,75.76,71.69
83.40,83.40,80.27,75.35,73.28
80.88,80.88,73.16,74.87,72.74
80.57,80.57,70.44,72.34,71.01
81.77,81.77,62.28,70.48,72.45
80.31,80.31,59.98,70.24,72.58
78.22,78.22,66.23,72.38,71.50
78.37,78.37,71.48,71.83,73.18
75.84,75.84,71.97,74.62,73.68
74.41,74.41,65.33,76.08,74.61
78.03,78.03,62.86,75.80,76.02
79.52,79.52,56.51,74.56,76.12
80.84,80.84,55.16,71.78,75.77
79.27,79.27,59.19,72.54,75.55
78.35,78.35,66.89,73.80,75.63
77.29,77.29,65.21,74.71,75.35
76.46,76.46,63.95,75.16,74.28
73.62,73.62,58.32,76.01,73.34
73.58,73.58,58.14,75.97,72.81
74.27,74.27,65.70,75.73,73.04
76.78,76.78,66.10,75.09,75.46
79.93,79.93,65.44,75.73,75.24
80.57,80.57,71.35,75.60,74.66
80.06,80.06,73.34,75.80,73.97
78.87,78.87,72.63,76.00,74.39
78.08,78.08,64.74,76.30,75.25
81.41,81.41,62.76,76.89,73.85
83.63,83.63,62.77,74.67,74.45
82.39,82.39,69.24,72.74,74.96
80.23,80.23,80.06,70.82,73.88
77.02,77.02,87.80,70.53,73.06
75.66,75.66,92.53,69.68,71.41
76.55,76.55,90.11,72.85,70.82
77.08,77.08,89.31,73.38,73.20
74.97,74.97,88.90,71.66,72.70
74.99,74.99,87.73,71.67,71.47
75.55,75.55,87.78,72.18,72.95
78.85,78.85,80.45,72.25,72.92
79.45,79.45,75.53,72.61,72.30
79.67,79.67,78.06,72.94,73.51
82.51,82.51,79.56,72.14,72.93
75.21,75.21,75.38,72.38,74.32
78.87,78.87,67.21,71.70,73.96
78.56,78.56,71.77,70.96,72.48
76.27,76.27,59.71,71.82,73.25
76.07,76.07,65.16,72.71,73.68
78.46,78.46,64.11,71.83,73.87
77.48,77.48,69.11,73.34,70.94
79.03,79.03,79.27,74.05,72.31
75.87,75.87,84.55,68.90,72.00
73.11,73.11,82.33,69.12,72.80
76.65,76.65,76.06,71.18,71.37
72.24,72.24,74.34,69.74,73.24
72.96,72.96,69.91,69.93,73.03
70.03,70.03,63.94,70.45,73.04
70.16,70.16,62.29,71.40,73.99
67.66,67.66,56.22,71.83,73.70
67.97,67.97,52.37,71.14,72.59
71.16,71.16,50.43,71.71,73.08
72.42,72.42,57.43,72.07,73.59
71.73,71.73,57.77,72.21,73.32
68.79,68.79,57.27,72.56,74.35
70.59,70.59,49.70,72.97,74.02
70.95,70.95,44.77,71.78,71.48
69.39,69.39,41.75,71.81,72.98
66.18,66.18,42.96,72.34,72.54
69.07,69.07,44.42,72.25,72.85
67.66,67.66,49.47,72.65,73.51
69.48,69.48,59.01,72.17,74.43
67.67,67.67,60.01,73.25,75.16
68.77,68.77,59.99,73.43,74.14
68.61,68.61,72.11,72.98,75.11
66.88,66.88,75.94,73.40,75.06
69.39,69.39,72.24,73.18,74.48
66.26,66.26,69.71,74.21,74.88
67.35,67.35,62.87,74.26,73.79
70.24,70.24,73.52,74.49,74.90
66.35,66.35,71.58,73.77,74.55
62.33,62.33,69.60,74.03,74.81
64.02,64.02,72.41,73.60,76.11
63.98,63.98,73.17,74.43,75.00
65.49,65.49,67.43,74.73,74.57
64.73,64.73,65.87,71.92,74.16
61.26,61.26,65.53,68.22,74.33
68.18,68.18,63.38,62.61,73.70
70.81,70.81,65.14,72.29,73.72
68.14,68.14,67.70,72.45,74.82
67.75,67.75,71.85,73.54,74.50
68.42,68.42,90.01,74.67,72.42
68.69,68.69,89.62,73.52,73.87
69.16,69.16,89.06,70.13,73.38
69.14,69.14,89.26,69.53,73.97
73.64,73.64,88.60,65.63,71.80
75.37,75.37,88.35,72.15,72.14
77.68,77.68,86.83,73.19,71.22
77.74,77.74,83.29,70.74,72.97
79.21,79.21,72.55,70.85,72.91
73.29,73.29,78.28,72.36,74.35
67.87,67.87,64.34,74.62,74.67
67.55,67.55,72.11,74.36,73.91
71.12,71.12,72.74,72.64,73.14
68.34,68.34,64.26,68.02,74.15
64.97,64.97,66.11,70.62,73.18
69.01,69.01,66.99,70.98,74.03
65.57,65.57,70.53,71.96,72.97
66.51,66.51,68.93,70.31,75.08
71.30,71.30,82.51,72.38,71.48
76.53,76.53,86.68,69.06,70.56
76.93,76.93,92.46,72.22,71.05
76.27,76.27,91.01,73.51,75.67
73.56,73.56,89.29,72.77,76.16
74.98,74.98,87.39,71.66,76.55
75.51,75.51,86.81,73.53,75.12
72.58,72.58,83.56,73.43,74.85
73.92,73.92,77.74,73.50,75.81
75.00,75.00,75.94,73.62,76.82
75.13,75.13,80.51,74.00,75.07
74.88,74.88,82.20,73.62,75.59
77.47,77.47,74.46,73.53,76.00
77.21,77.21,69.69,73.81,77.67
75.64,75.64,65.03,73.23,76.89
75.73,75.73,65.00,73.31,76.52
76.78,76.78,63.87,72.99,75.15
76.92,76.92,54.65,70.58,74.22
75.04,75.04,62.99,70.50,77.28
76.32,76.32,63.25,69.54,79.40
74.70,74.70,73.42,71.03,75.66
75.40,75.40,88.34,72.22,72.61
74.19,74.19,91.70,70.71,75.02
75.06,75.06,87.92,71.84,78.22
75.65,75.65,82.44,74.10,74.57
74.49,74.49,74.72,75.09,72.98
73.56,73.56,69.92,74.62,74.19
73.73,73.73,73.88,74.85,74.92
73.59,73.59,78.05,75.80,75.54
71.95,71.95,77.75,76.00,75.24
72.21,72.21,70.87,75.92,73.25
70.57,70.57,68.52,74.91,74.24
70.65,70.65,66.07,75.60,75.03
73.60,73.60,65.28,75.50,74.08
74.74,74.74,66.51,74.53,70.88
75.61,75.61,61.73,74.20,72.24
75.31,75.31,62.49,72.56,74.85
75.30,75.30,68.09,71.30,70.07
73.96,73.96,82.83,71.85,71.55
72.83,72.83,88.69,70.83,73.36
72.03,72.03,92.50,72.47,73.31
70.76,70.76,90.35,74.05,71.28
71.98,71.98,89.01,74.28,71.59
68.56,68.56,87.54,74.84,73.44
66.01,66.01,87.30,75.68,72.66
63.92,63.92,83.65,75.36,73.20
60.22,60.22,76.37,75.01,73.51
54.71,54.71,77.09,74.00,73.66
57.38,57.38,78.58,74.47,73.97
58.50,58.50,80.16,74.78,73.29
64.18,64.18,75.30,74.46,73.87
69.09,69.09,65.45,75.23,73.95
73.67,73.67,58.87,74.59,72.92
75.76,75.76,59.70,74.21,72.62
73.95,73.95,57.02,73.23,70.69
74.01,74.01,59.36,72.07,72.64
78.85,78.85,70.10,69.49,71.11
78.96,78.96,76.73,70.88,70.49
80.56,80.56,74.70,64.90,69.76
76.94,76.94,81.82,75.89,69.56
77.00,77.00,77.48,73.32,70.24
80.52,80.52,71.11,69.78,69.69
77.50,77.50,69.15,70.02,70.01
77.91,77.91,66.43,73.98,70.69
79.54,79.54,64.22,75.62,70.80
79.71,79.71,56.73,75.44,72.24
78.50,78.50,58.08,76.22,71.26
77.72,77.72,56.44,76.53,72.12
79.32,79.32,60.48,76.10,71.81
79.16,79.16,54.07,76.69,70.60
79.20,79.20,59.15,76.26,70.81
77.17,77.17,65.28,75.17,70.12
77.02,77.02,62.91,76.30,71.82
77.25,77.25,65.52,76.57,70.31
78.48,78.48,63.90,74.99,70.06
78.86,78.86,80.58,73.15,68.69
78.75,78.75,87.33,74.21,69.95
76.55,76.55,90.22,71.72,69.37
79.80,79.80,85.92,70.89,71.84
83.50,83.50,84.74,75.22,73.12
79.34,79.34,76.24,76.49,71.32
75.80,75.80,73.91,74.49,70.81
80.42,80.42,74.11,73.95,70.65
80.06,80.06,77.76,73.91,71.47
78.62,78.62,81.59,71.51,72.00
76.16,76.16,83.58,73.80,70.74
77.16,77.16,81.20,73.96,68.86
72.88,72.88,90.15,71.60,68.71
73.17,73.17,91.45,71.01,70.78
70.86,70.86,87.70,74.60,72.90
67.77,67.77,84.75,75.49,73.02
65.99,65.99,86.61,75.58,72.85
72.21,72.21,78.10,74.32,71.76
72.72,72.72,63.70,75.00,71.55
69.15,69.15,69.38,70.77,68.31
67.36,67.36,74.23,69.28,69.53
68.28,68.28,82.51,68.37,69.60
66.95,66.95,78.86,70.55,70.60
68.59,68.59,77.05,72.63,71.80
70.84,70.84,77.03,73.33,72.81
71.48,71.48,77.16,75.06,73.05
71.75,71.75,73.33,74.14,70.04
74.63,74.63,82.06,77.25,71.54
70.60,70.60,74.18,75.57,72.04
72.67,72.67,81.18,74.90,69.48
72.19,72.19,80.37,73.94,71.50
72.21,72.21,75.43,74.35,71.70
72.60,72.60,68.05,74.57,72.34
71.58,71.58,78.19,75.20,72.55
69.95,69.95,80.98,75.57,71.68
69.99,69.99,76.89,73.82,73.09
69.89,69.89,79.07,68.45,74.09
70.44,70.44,81.43,67.03,71.95
73.61,73.61,84.65,73.05,70.26
75.09,75.09,89.23,69.17,70.92
79.88,79.88,87.12,72.94,73.72
80.95,80.95,86.74,75.41,75.98
79.31,79.31,89.05,73.24,76.14
78.40,78.40,87.39,70.93,75.80
77.95,77.95,84.91,74.98,76.10
75.88,75.88,66.03,75.23,75.88
80.10,80.10,76.41,76.72,77.35
78.46,78.46,76.83,74.13,77.47
79.73,79.73,80.45,77.10,76.56
81.20,81.20,81.68,78.73,75.65
80.45,80.45,77.50,73.62,76.13
80.65,80.65,73.10,76.51,77.11
81.54,81.54,70.65,75.19,76.45
78.56,78.56,69.36,75.74,77.45
80.66,80.66,64.01,74.05,77.10
78.22,78.22,61.42,76.62,76.71
80.64,80.64,61.53,74.12,75.63
80.72,80.72,57.51,76.78,77.24
76.24,76.24,54.73,73.47,77.13
77.45,77.45,62.14,75.30,76.29
80.99,80.99,61.87,74.23,76.53
82.48,82.48,56.07,73.97,75.52
83.82,83.82,45.12,74.39,75.69
82.10,82.10,45.44,72.60,76.53
79.25,79.25,46.37,73.19,76.06
76.25,76.25,45.44,70.90,76.67
79.85,79.85,51.21,73.91,76.27
80.81,80.81,57.24,69.52,76.08
80.79,80.79,65.26,73.57,75.01
78.70,78.70,65.79,70.79,75.18
80.79,80.79,68.94,72.50,77.34
80.52,80.52,70.43,71.50,75.56
83.44,83.44,69.20,71.03,76.70
78.83,78.83,62.39,70.84,76.95
76.01,76.01,76.18,72.43,76.43
75.92,75.92,78.76,74.16,75.61
78.71,78.71,76.85,73.00,75.33
82.37,82.37,79.83,76.67,72.19
79.35,79.35,89.98,73.86,72.37
73.06,73.06,89.48,77.11,72.56
74.34,74.34,89.73,75.76,71.92
76.92,76.92,89.45,74.29,74.05
79.01,79.01,88.78,71.59,73.79
79.35,79.35,88.60,73.73,73.62
78.95,78.95,85.83,75.68,75.20
78.20,78.20,82.96,74.52,76.17
73.51,73.51,72.11,77.72,75.57
73.85,73.85,79.56,75.82,75.66
76.52,76.52,79.24,76.97,75.55
76.93,76.93,76.84,76.20,74.69
77.34,77.34,72.83,77.80,75.72
79.76,79.76,64.00,76.38,76.58
78.24,78.24,64.56,78.24,76.29
74.69,74.69,62.94,77.92,75.05
78.32,78.32,60.67,76.92,75.44
80.52,80.52,67.75,75.67,77.39
81.57,81.57,68.34,73.64,76.14
77.42,77.42,79.42,77.06,74.03
81.25,81.25,83.36,71.24,72.96
79.34,79.34,81.10,72.66,70.86
74.81,74.81,79.16,74.09,72.60
73.75,73.75,72.99,77.06,74.14
75.10,75.10,69.97,73.57,73.88
79.75,79.75,69.83,76.33,74.02
80.26,80.26,71.86,73.85,75.09
78.72,78.72,69.50,74.86,76.24
76.74,76.74,67.78,76.14,75.79
79.27,79.27,59.19,73.79,76.87
80.46,80.46,65.13,75.96,75.77
78.36,78.36,64.91,74.66,75.45
73.63,73.63,64.17,76.06,74.19
75.41,75.41,62.16,74.36,74.61
73.52,73.52,64.75,76.99,75.93
72.02,72.02,65.11,73.50,74.78
73.90,73.90,62.88,76.90,74.73
74.85,74.85,59.34,74.94,75.78
78.60,78.60,60.06,74.86,74.17
78.75,78.75,64.26,75.72,74.14
79.46,79.46,80.68,74.47,73.48
78.40,78.40,92.61,74.48,71.43
76.76,76.76,89.72,72.01,72.88
75.85,75.85,89.21,74.83,74.44
78.55,78.55,85.11,74.45,75.15
79.03,79.03,83.37,77.40,73.81
79.59,79.59,77.43,74.13,75.18
79.40,79.40,74.60,77.53,75.37
76.04,76.04,75.85,75.23,73.55
78.61,78.61,73.67,76.36,74.16
79.40,79.40,67.20,76.84,74.33
74.68,74.68,65.15,75.60,74.66
67.76,67.76,59.65,77.63,75.18
66.17,66.17,63.56,75.19,74.71
69.38,69.38,56.07,74.81,74.25
76.99,76.99,59.53,70.55,75.52
79.24,79.24,72.81,71.63,74.76
73.60,73.60,90.96,66.20,72.83
74.84,74.84,90.26,70.76,72.70
78.56,78.56,88.65,70.63,71.84
80.11,80.11,89.73,72.05,72.16
80.76,80.76,86.99,73.83,74.26
78.35,78.35,89.69,73.93,74.37
79.03,79.03,88.48,72.39,74.86
82.64,82.64,81.51,75.34,74.71
81.40,81.40,79.14,72.11,75.20
79.10,79.10,82.35,76.15,76.59
79.32,79.32,81.40,73.57,75.17
76.85,76.85,73.17,75.37,75.47
78.48,78.48,69.24,74.45,76.17
78.05,78.05,70.46,77.81,76.06
73.93,73.93,69.76,76.24,77.32
74.85,74.85,68.11,78.26,76.51
74.52,74.52,70.81,75.15,73.87
75.30,75.30,70.60,72.73,73.56
77.16,77.16,69.30,73.32,73.48
78.95,78.95,87.14,71.70,74.28
76.03,76.03,89.26,68.92,71.36
75.98,75.98,92.70,72.02,72.23
76.85,76.85,88.67,72.58,72.07
78.13,78.13,88.63,74.25,72.97
77.86,77.86,90.60,72.76,71.11
80.42,80.42,88.52,74.17,71.47
78.19,78.19,83.14,72.83,72.79
78.07,78.07,79.01,75.66,74.05
79.29,79.29,71.76,75.77,74.57
76.95,76.95,81.00,75.97,75.42
77.14,77.14,80.30,76.11,75.58
76.14,76.14,74.76,73.99,74.26
77.39,77.39,70.08,76.85,74.43
79.73,79.73,60.29,74.99,75.43
77.34,77.34,65.75,75.93,74.37
77.68,77.68,68.14,74.62,74.55
77.13,77.13,67.36,76.63,72.70
78.61,78.61,59.01,72.49,74.15
79.26,79.26,61.23,77.20,75.76
78.59,78.59,65.23,74.78,75.39
78.39,78.39,65.95,75.56,73.01
78.52,78.52,66.56,75.77,73.53
76.41,76.41,66.41,74.52,73.32
77.10,77.10,66.12,75.80,74.35
76.54,76.54,59.63,75.01,74.37
77.26,77.26,62.19,75.92,73.82
78.39,78.39,66.33,72.70,74.65
74.93,74.93,71.18,74.59,74.69
76.72,76.72,69.87,71.45,72.71
78.06,78.06,67.80,73.83,73.16
78.19,78.19,64.51,70.47,70.45
78.13,78.13,63.62,71.97,70.76
77.26,77.26,67.41,72.24,69.99
77.93,77.93,65.67,70.45,70.36
75.14,75.14,61.83,74.13,71.54
72.72,72.72,70.07,73.40,72.74
71.67,71.67,84.40,73.05,71.92
71.97,71.97,89.33,70.50,73.03
72.46,72.46,92.97,71.87,69.28
74.46,74.46,92.18,72.98,70.93
77.54,77.54,88.89,74.94,73.98
79.80,79.80,79.37,74.10,73.03
78.73,78.73,87.65,74.54,73.36
75.80,75.80,82.79,74.39,72.33
75.04,75.04,73.28,73.27,72.92
75.06,75.06,76.58,74.68,72.26
75.78,75.78,80.16,73.89,73.35
74.74,74.74,82.08,74.89,73.26
73.38,73.38,76.16,73.13,74.70
73.92,73.92,71.81,74.83,75.21
75.06,75.06,63.41,73.07,74.11
72.91,72.91,69.40,76.31,74.26
76.05,76.05,59.41,72.27,73.48
75.85,75.85,65.08,75.66,72.77
83.66,83.66,72.01,75.06,71.43
84.46,84.46,75.31,73.50,71.19
80.32,80.32,81.02,74.43,72.77
74.55,74.55,81.38,75.36,73.36
75.46,75.46,83.80,76.41,74.41
82.10,82.10,76.94,73.35,74.80
81.30,81.30,73.32,76.09,73.58
81.03,81.03,73.20,75.18,74.66
80.78,80.78,63.12,78.40,73.58
80.73,80.73,72.92,76.94,73.66
77.77,77.77,78.05,77.73,75.39
78.30,78.30,73.47,76.94,74.10
82.22,82.22,71.64,75.15,72.65
78.96,78.96,66.56,76.55,72.84
76.15,76.15,60.69,74.04,71.87
80.02,80.02,58.93,76.56,72.03
77.62,77.62,54.53,73.69,70.92
74.75,74.75,55.24,74.81,68.69
74.70,74.70,55.72,72.55,70.98
78.38,78.38,66.38,75.03,69.93
78.29,78.29,68.33,69.17,72.02
74.12,74.12,83.57,72.88,69.25
77.06,77.06,91.31,72.56,69.95
75.06,75.06,93.08,73.19,69.04
77.04,77.04,89.29,73.91,68.86
78.45,78.45,90.05,74.43,70.02
78.96,78.96,90.16,75.06,70.25
77.05,77.05,86.28,74.96,73.65
79.41,79.41,71.02,77.02,72.75
79.82,79.82,81.10,76.65,72.82
80.74,80.74,83.01,78.06,73.91
78.83,78.83,79.11,78.65,74.44
78.72,78.72,83.47,80.01,74.42
78.71,78.71,80.20,78.85,72.67
79.52,79.52,77.00,78.03,73.11
79.51,79.51,72.80,77.59,74.42
78.50,78.50,72.06,78.59,73.48
77.44,77.44,74.35,79.55,73.15
79.22,79.22,81.83,80.08,74.13
78.34,78.34,80.86,78.14,72.13
77.47,77.47,79.53,75.96,73.76
74.77,74.77,85.76,74.90,73.47
72.29,72.29,92.11,74.26,70.98
72.42,72.42,91.47,74.01,69.35
77.62,77.62,87.00,74.93,70.39
73.86,73.86,88.89,79.10,71.63
76.40,76.40,85.82,79.07,70.64
75.79,75.79,81.31,78.37,72.01
76.58,76.58,78.63,78.17,73.49
78.89,78.89,78.21,80.90,71.36
77.46,77.46,82.73,81.86,70.84
75.14,75.14,82.51,79.42,69.42
75.05,75.05,80.71,78.74,69.87
74.61,74.61,72.18,79.18,68.32
72.97,72.97,70.60,79.15,68.54
73.06,73.06,70.19,78.32,68.08
71.21,71.21,74.09,77.34,68.18
74.08,74.08,86.24,75.06,70.48
77.08,77.08,90.57,70.81,69.98
78.41,78.41,87.93,70.88,73.02
77.23,77.23,89.75,72.68,74.29
75.07,75.07,90.26,74.00,73.74
73.54,73.54,91.11,74.99,73.64
76.21,76.21,86.90,72.46,72.20
77.19,77.19,83.71,74.99,73.54
79.00,79.00,82.68,72.64,74.00
79.29,79.29,80.91,75.85,74.35
78.24,78.24,83.32,72.50,75.33
76.21,76.21,82.70,75.38,75.17
74.83,74.83,79.97,74.20,73.61
76.97,76.97,72.09,75.84,73.40
74.13,74.13,63.27,74.44,73.66
74.01,74.01,69.44,75.82,75.10
69.65,69.65,71.15,73.11,75.93
74.50,74.50,64.05,75.00,75.30
75.88,75.88,66.16,74.06,74.81
76.85,76.85,62.07,74.02,75.05
75.79,75.79,58.68,74.81,74.78
75.27,75.27,56.15,72.78,74.54
76.93,76.93,57.98,75.41,74.00
79.51,79.51,58.93,73.46,75.23
81.22,81.22,58.26,74.27,74.62
78.90,78.90,57.33,72.76,74.16
78.92,78.92,56.53,74.13,73.60
78.91,78.91,52.43,72.73,74.03
77.26,77.26,52.64,75.21,74.68
75.97,75.97,50.57,72.79,74.10
75.45,75.45,54.71,74.12,74.76
73.21,73.21,53.08,74.41,74.02
73.39,73.39,47.37,72.16,73.68
74.18,74.18,46.53,74.78,72.79
76.81,76.81,48.50,72.40,73.53
75.62,75.62,48.33,74.38,72.97
79.16,79.16,43.83,73.12,72.81
80.04,80.04,50.12,75.65,74.55
80.89,80.89,49.44,73.47,73.93
80.45,80.45,47.73,76.54,73.12
78.68,78.68,59.43,76.12,72.62
75.70,75.70,59.33,77.17,73.05
75.44,75.44,53.86,75.80,73.93
73.44,73.44,49.23,76.73,73.75
72.24,72.24,49.65,75.75,73.55
75.01,75.01,52.06,75.98,73.04
74.11,74.11,54.15,75.49,72.78
72.97,72.97,49.60,74.12,72.25
71.41,71.41,41.28,76.03,73.66
75.68,75.68,38.71,71.32,74.48
76.10,76.10,37.21,76.21,73.78
75.78,75.78,39.89,72.53,73.41
76.03,76.03,39.68,77.70,73.75
76.84,76.84,42.54,74.79,73.83
77.04,77.04,42.38,76.69,72.76
77.32,77.32,44.44,76.47,72.64
79.79,79.79,49.53,75.04,73.76
80.17,80.17,59.99,76.75,72.43
79.68,79.68,66.53,73.83,71.89
80.62,80.62,83.28,74.16,68.77
78.51,78.51,83.53,71.68,68.25
78.71,78.71,85.31,73.63,69.79
75.38,75.38,86.53,71.64,70.46
72.29,72.29,79.59,75.91,72.21
71.10,71.10,71.38,74.96,73.01
71.89,71.89,74.79,76.42,72.97
74.30,74.30,66.74,77.31,73.24
77.41,77.41,62.62,75.82,72.40
79.46,79.46,62.82,78.20,73.93
77.90,77.90,60.71,74.91,75.65
77.49,77.49,67.76,77.27,74.36
76.11,76.11,68.07,75.87,74.37
75.47,75.47,65.15,78.69,75.00
76.73,76.73,62.10,76.06,73.76
78.45,78.45,58.81,78.04,73.28
79.51,79.51,62.84,75.26,74.90
79.86,79.86,61.73,75.92,79.11
77.66,77.66,61.05,76.13,74.31
76.26,76.26,58.54,73.66,68.68
76.36,76.36,57.33,76.17,71.01
77.43,77.43,54.98,75.36,76.12
77.46,77.46,58.42,75.84,80.74
74.67,74.67,58.55,74.81,80.79
79.55,79.55,57.48,76.77,81.95
82.22,82.22,58.72,73.29,80.26
78.03,78.03,59.19,75.85,75.93
78.38,78.38,67.92,75.00,75.47
79.97,79.97,69.38,74.04,74.53
76.58,76.58,74.48,77.48,74.13
75.90,75.90,75.06,75.61,73.56
76.17,76.17,71.80,77.23,71.92
75.62,75.62,69.86,75.10,73.57
72.33,72.33,63.87,76.20,73.60
71.51,71.51,61.25,74.82,73.51
72.66,72.66,55.13,76.28,72.86
77.28,77.28,61.61,68.93,73.29
78.22,78.22,69.14,68.40,73.32
79.82,79.82,68.40,70.42,73.02
75.72,75.72,80.50,65.21,73.40
70.05,70.05,89.62,66.13,71.56
70.49,70.49,93.77,70.02,69.91
71.14,71.14,88.03,73.52,72.49
72.47,72.47,88.77,73.20,72.42
73.76,73.76,89.93,74.82,70.90
74.19,74.19,89.86,73.70,71.64
73.22,73.22,85.02,74.89,74.03
74.98,74.98,85.39,73.73,74.38
74.98,74.98,67.63,76.01,73.46
74.10,74.10,77.67,73.59,73.25
67.79,67.79,77.32,76.52,73.55
64.75,64.75,67.40,71.94,72.55
65.46,65.46,66.05,75.89,72.20
72.26,72.26,69.36,75.19,73.10
75.92,75.92,71.58,73.83,73.73
76.35,76.35,74.69,74.30,73.13
75.58,75.58,69.39,68.91,71.04
77.63,77.63,74.02,63.75,71.32
83.34,83.34,85.81,70.92,71.22
80.51,80.51,91.82,71.50,71.18
75.09,75.09,90.06,70.69,71.46
74.47,74.47,89.87,68.57,71.64
76.61,76.61,91.72,75.92,70.43
78.41,78.41,89.65,74.56,69.04
77.79,77.79,89.09,74.12,70.18
78.76,78.76,83.62,74.39,71.74
80.81,80.81,75.92,76.26,71.58
81.43,81.43,76.15,73.89,74.44
76.82,76.82,75.05,77.68,73.85
77.57,77.57,81.49,74.18,73.37
77.14,77.14,76.03,76.19,72.99
80.08,80.08,67.77,76.63,72.32
83.16,83.16,66.24,75.55,73.80
82.56,82.56,61.18,76.83,71.72
84.93,84.93,57.00,74.83,73.52
84.59,84.59,68.21,76.33,72.68
82.40,82.40,62.82,73.56,72.37
80.10,80.10,66.13,76.53,72.50
82.62,82.62,61.08,73.55,74.00
80.61,80.61,63.91,78.13,72.31
81.91,81.91,62.50,74.49,73.27
81.09,81.09,56.63,77.50,74.10
82.85,82.85,59.15,76.57,72.42
82.69,82.69,63.78,75.95,71.29
81.25,81.25,56.96,77.69,69.98
79.69,79.69,66.20,75.52,72.73
77.19,77.19,63.86,77.13,72.20
76.99,76.99,72.23,75.27,73.19
76.10,76.10,74.77,76.77,74.40
78.41,78.41,71.17,75.02,73.25
81.83,81.83,66.52,77.60,71.90
77.25,77.25,70.55,73.76,70.43
79.96,79.96,65.11,77.38,69.95
77.43,77.43,65.74,75.87,71.14
79.58,79.58,65.20,74.79,72.22
79.91,79.91,71.88,76.24,71.31
79.88,79.88,85.37,72.97,71.01
78.45,78.45,91.34,74.25,67.08
75.39,75.39,91.69,72.24,67.84
78.06,78.06,89.49,74.46,66.54
81.48,81.48,89.56,73.80,68.37
82.56,82.56,86.20,76.19,69.18
81.47,81.47,87.98,74.27,69.80
81.07,81.07,82.47,76.26,70.24
79.60,79.60,77.84,74.91,68.61
77.15,77.15,76.80,75.37,69.58
76.16,76.16,77.89,76.73,71.43
78.00,78.00,80.45,75.09,73.22
78.87,78.87,72.98,77.21,74.96
79.05,79.05,67.99,75.41,73.55
81.47,81.47,66.74,76.93,73.67
82.66,82.66,64.80,74.45,72.39
82.23,82.23,55.67,76.47,72.10
81.85,81.85,67.79,75.04,72.30
81.79,81.79,80.16,77.17,72.58
79.84,79.84,82.79,74.40,71.12
79.64,79.64,81.60,72.79,71.75
80.60,80.60,81.92,74.00,71.64
78.75,78.75,74.72,72.24,72.47
80.33,80.33,72.64,76.45,72.56
77.14,77.14,68.44,75.61,74.54
78.10,78.10,63.10,76.67,75.54
80.21,80.21,64.29,75.33,75.00
79.59,79.59,61.64,77.37,75.08
77.01,77.01,64.60,74.57,75.20
77.63,77.63,60.58,78.02,74.92
78.06,78.06,58.08,76.10,75.06
77.81,77.81,58.33,76.69,76.32
76.25,76.25,56.76,77.17,76.28
77.94,77.94,55.99,75.68,74.99
78.03,78.03,60.13,77.80,75.22
78.33,78.33,60.36,76.14,75.12
79.53,79.53,66.95,75.57,74.06
79.32,79.32,74.16,70.56,71.60
76.11,76.11,87.89,70.14,70.89
78.62,78.62,81.25,73.35,73.82
80.82,80.82,81.94,76.87,73.98
79.50,79.50,86.68,76.63,72.79
80.82,80.82,84.53,78.34,71.24
80.40,80.40,82.17,80.65,69.81
76.24,76.24,86.24,82.48,69.34
78.49,78.49,77.78,81.18,72.34
79.20,79.20,80.37,80.77,73.20
82.43,82.43,74.93,78.76,73.05
83.06,83.06,68.53,78.50,71.78
77.49,77.49,71.68,78.06,70.57
79.46,79.46,83.69,78.40,70.52
82.96,82.96,81.45,77.35,71.05
78.89,78.89,79.98,77.62,70.56
77.78,77.78,74.50,77.76,71.62
76.79,76.79,73.64,77.21,72.70
78.44,78.44,73.41,77.26,72.08
82.95,82.95,76.55,79.45,68.23
80.33,80.33,84.57,81.29,69.35
80.19,80.19,82.34,79.17,70.98
78.34,78.34,77.75,79.90,73.59
83.22,83.22,71.37,79.69,73.73
78.30,78.30,68.90,77.84,73.24
78.67,78.67,74.93,72.98,72.31
78.32,78.32,83.75,66.78,70.54
77.41,77.41,80.12,69.90,73.02
76.16,76.16,75.97,75.06,73.29
78.82,78.82,74.83,76.21,73.36
77.54,77.54,72.61,76.65,71.95
77.60,77.60,75.94,77.11,71.29
75.03,75.03,83.12,79.55,70.92
70.67,70.67,78.13,79.70,70.88
68.19,68.19,76.86,80.02,68.80
69.45,69.45,74.14,79.46,68.47
71.36,71.36,68.12,79.05,68.56
73.87,73.87,65.47,78.89,68.30
75.25,75.25,77.25,76.60,67.58
74.45,74.45,82.55,72.68,68.22
78.48,78.48,88.31,73.10,70.90
76.38,76.38,88.41,75.21,71.10
74.00,74.00,88.22,77.40,71.52
76.99,76.99,88.47,76.22,72.35
76.24,76.24,89.67,76.21,71.18
75.11,75.11,87.98,76.84,70.18
71.56,71.56,89.13,77.35,72.77
70.89,70.89,85.03,77.57,73.24
74.32,74.32,79.27,76.99,72.38
72.84,72.84,84.81,74.91,73.53
68.32,68.32,81.11,73.10,73.45
73.87,73.87,81.43,75.32,73.34
72.73,72.73,73.60,76.65,74.63
73.72,73.72,69.17,76.73,74.06
76.41,76.41,63.92,76.58,72.47
76.82,76.82,65.64,76.06,72.64
76.57,76.57,69.46,75.91,73.30
77.00,77.00,71.22,76.14,72.38
76.77,76.77,70.30,76.42,73.08
74.04,74.04,66.36,76.77,73.82
73.38,73.38,65.00,76.48,74.51
75.65,75.65,62.12,76.63,73.47
75.30,75.30,62.01,75.61,75.10
71.51,71.51,57.20,75.22,74.01
75.01,75.01,52.09,75.96,73.14
72.15,72.15,52.00,77.02,72.24
71.42,71.42,49.46,77.43,72.16
73.71,73.71,50.97,77.21,73.50
72.71,72.71,50.62,76.47,73.70
73.45,73.45,48.47,75.60,73.72
76.24,76.24,48.03,75.11,73.06
75.94,75.94,48.53,74.77,72.97
74.10,74.10,46.98,73.40,71.22
73.99,73.99,43.81,71.69,73.07
72.21,72.21,41.11,69.35,72.45
72.61,72.61,42.47,70.28,73.40
72.30,72.30,44.58,72.63,73.19
71.58,71.58,49.56,73.93,72.45
74.73,74.73,56.80,74.85,72.94
76.46,76.46,56.94,73.86,72.81
79.99,79.99,54.90,73.23,72.59
80.74,80.74,51.66,75.36,73.15
81.03,81.03,49.44,75.85,72.82
80.02,80.02,48.21,75.69,73.15
77.83,77.83,46.75,74.61,72.39
76.84,76.84,45.18,73.80,71.50
78.46,78.46,41.47,73.99,72.59
77.07,77.07,42.76,74.37,73.24
74.94,74.94,45.36,75.20,73.03
77.68,77.68,43.67,74.76,72.27
80.76,80.76,44.12,74.02,73.32
80.58,80.58,45.53,73.10,72.31
79.78,79.78,45.49,72.11,72.52
73.86,73.86,44.03,71.62,73.14
68.40,68.40,44.17,73.41,72.36
71.63,71.63,44.48,73.85,72.51
70.59,70.59,53.86,75.40,71.05
74.66,74.66,65.06,72.28,71.06
72.50,72.50,77.32,70.64,71.03
73.37,73.37,80.58,70.63,70.53
72.56,72.56,81.51,72.55,69.58
74.82,74.82,85.93,73.91,69.83
74.13,74.13,79.28,72.74,69.55
75.02,75.02,72.05,71.41,70.82
75.64,75.64,67.59,72.10,71.84
77.77,77.77,63.02,70.69,72.88
73.81,73.81,61.42,69.81,72.99
74.77,74.77,53.66,71.72,72.00
74.89,74.89,54.84,72.00,71.32
72.91,72.91,52.19,71.80,72.13
74.28,74.28,45.74,70.75,73.11
74.52,74.52,44.65,70.01,73.87
68.77,68.77,48.74,69.48,71.72
74.92,74.92,42.22,70.83,72.39
76.72,76.72,41.54,72.61,72.35
71.75,71.75,45.17,74.33,73.94
73.58,73.58,44.84,73.24,72.51
70.04,70.04,47.70,72.95,71.36
72.20,72.20,52.85,71.73,72.23
71.09,71.09,58.12,70.68,72.84
70.36,70.36,60.47,71.61,73.62
75.58,75.58,60.34,71.19,72.89
74.20,74.20,56.84,73.14,73.51
71.56,71.56,49.85,75.36,72.34
72.34,72.34,44.06,75.07,72.23
72.85,72.85,43.94,74.23,72.95
71.81,71.81,50.59,73.67,71.32
72.67,72.67,59.13,73.78,71.42
72.06,72.06,60.62,74.08,72.20
71.57,71.57,55.38,75.66,72.71
72.51,72.51,55.52,75.79,72.46
73.00,73.00,64.63,75.08,72.67
70.20,70.20,62.61,75.34,72.03
71.65,71.65,59.83,73.21,72.42
70.12,70.12,50.39,68.15,72.20
69.24,69.24,52.45,65.17,72.60
69.28,69.28,64.08,60.84,71.84
65.65,65.65,86.78,69.21,71.34
65.81,65.81,90.53,67.62,70.53
68.82,68.82,92.92,67.25,68.83
70.94,70.94,88.31,66.26,70.29
70.63,70.63,88.84,70.43,71.07
67.71,67.71,87.34,71.52,70.34
66.64,66.64,89.83,72.43,70.17
71.16,71.16,79.36,74.68,71.18
82.11,82.11,74.09,75.17,70.72
77.47,77.47,80.27,75.79,70.45
79.64,79.64,80.70,76.38,71.26
80.11,80.11,78.33,76.75,71.25
79.70,79.70,72.94,76.88,72.01
80.11,80.11,72.34,77.17,71.84
80.31,80.31,63.96,77.42,71.95
80.41,80.41,67.16,77.85,72.36
80.49,80.49,63.20,77.51,72.57
79.82,79.82,58.27,75.08,72.93
80.98,80.98,62.53,75.86,71.70
82.96,82.96,75.01,75.64,70.09
82.34,82.34,73.94,75.07,71.64
80.30,80.30,88.32,74.98,69.35
73.93,73.93,90.63,74.61,69.15
74.47,74.47,91.53,72.62,69.81
76.94,76.94,89.59,71.98,68.71
77.19,77.19,89.09,73.22,71.37
76.29,76.29,86.85,74.96,72.06
79.74,79.74,86.99,72.49,70.93
78.71,78.71,82.41,70.30,71.11
79.95,79.95,72.47,71.40,71.44
79.71,79.71,79.88,74.09,69.78
82.50,82.50,77.71,75.46,68.95
79.95,79.95,75.04,75.06,68.12
82.52,82.52,64.26,74.13,69.16
77.49,77.49,62.00,71.86,69.70
76.84,76.84,59.23,71.37,69.48
78.33,78.33,61.13,71.51,68.52
79.89,79.89,62.54,71.65,68.79
80.36,80.36,65.46,73.44,69.27
80.30,80.30,66.14,75.82,68.87
80.34,80.34,67.54,74.05,69.05
80.82,80.82,67.14,74.71,69.19
82.39,82.39,62.73,74.69,69.96
82.75,82.75,51.05,74.55,67.86
82.22,82.22,50.72,74.01,70.00
81.97,81.97,53.64,73.70,69.34
81.72,81.72,57.47,75.02,69.53
81.92,81.92,62.87,74.70,71.06
80.03,80.03,65.80,73.80,72.30
80.42,80.42,64.33,73.01,73.29
81.05,81.05,58.79,74.47,72.62
81.22,81.22,63.70,73.36,71.56
80.34,80.34,66.94,73.80,71.06
79.89,79.89,65.65,73.60,71.48
79.42,79.42,59.66,73.97,72.14
79.57,79.57,58.17,73.58,70.77
78.23,78.23,61.42,71.60,70.34
78.10,78.10,69.74,68.31,70.57
76.98,76.98,83.85,66.35,70.70
75.75,75.75,87.77,70.52,70.32
74.87,74.87,92.90,71.25,68.84
71.61,71.61,90.77,70.44,68.32
76.24,76.24,89.94,72.12,68.72
79.91,79.91,87.89,73.18,68.68
78.71,78.71,88.12,72.58,69.46
77.15,77.15,85.03,72.73,71.16
79.58,79.58,74.60,73.50,71.23
78.20,78.20,73.46,72.27,71.09
76.36,76.36,79.14,71.72,71.68
73.61,73.61,80.60,72.50,72.52
70.67,70.67,74.91,73.47,70.77
69.20,69.20,66.90,72.87,69.89
71.19,71.19,60.51,70.48,68.30
72.59,72.59,64.04,70.16,66.83
72.86,72.86,55.27,70.61,66.86
73.85,73.85,61.91,71.56,65.11
73.62,73.62,69.89,71.79,67.35
78.22,78.22,78.80,72.83,66.96
77.58,77.58,80.96,73.43,66.54
77.67,77.67,82.01,73.22,67.67
79.06,79.06,79.76,73.69,68.13
81.04,81.04,73.95,74.09,70.38
78.75,78.75,72.12,74.64,70.84
81.45,81.45,63.02,74.34,71.34
79.04,79.04,63.16,73.74,71.17
79.01,79.01,59.13,73.23,71.48
81.03,81.03,59.40,73.15,70.48
78.65,78.65,66.53,72.32,69.91
81.94,81.94,62.30,72.66,67.23
78.91,78.91,64.72,73.73,67.53
79.45,79.45,67.14,73.11,68.61
80.18,80.18,71.74,72.42,69.23
79.94,79.94,73.53,73.23,69.76
78.34,78.34,72.81,73.33,67.93
80.64,80.64,70.67,73.09,66.98
80.68,80.68,65.41,72.24,67.31
79.45,79.45,73.94,69.89,68.27
78.52,78.52,89.36,74.33,66.19
77.25,77.25,89.73,76.17,65.25
77.57,77.57,88.43,74.92,66.06
77.90,77.90,89.02,74.19,66.69
79.41,79.41,90.01,75.71,65.41
79.39,79.39,88.40,77.20,66.85
79.21,79.21,88.01,77.95,68.57
79.78,79.78,86.13,78.07,68.76
77.62,77.62,75.65,78.12,70.04
77.16,77.16,75.58,77.94,69.07
76.26,76.26,77.28,77.87,68.83
76.15,76.15,73.62,77.82,69.41
77.86,77.86,74.60,77.26,69.95
77.63,77.63,77.80,77.25,69.75
77.15,77.15,74.21,77.25,70.44
77.13,77.13,72.97,76.77,70.47
76.55,76.55,65.43,76.91,69.82
74.94,74.94,79.66,77.66,68.67
76.17,76.17,88.04,77.21,67.21
71.87,71.87,92.12,77.06,66.38
74.96,74.96,91.18,75.60,69.07
76.19,76.19,88.92,74.90,67.99
75.86,75.86,90.27,76.35,68.88
76.67,76.67,87.07,77.66,67.76
77.49,77.49,85.77,77.45,68.83
77.96,77.96,75.66,77.02,68.75
78.10,78.10,71.28,78.00,68.59
79.06,79.06,80.82,77.84,70.42
78.55,78.55,80.04,76.82,69.79
79.05,79.05,67.58,75.51,67.70
78.98,78.98,76.80,74.26,67.78
78.32,78.32,79.07,74.06,66.07
79.29,79.29,77.18,73.96,65.07
78.27,78.27,73.52,75.23,64.84
77.91,77.91,65.80,74.75,66.15
80.45,80.45,58.82,71.07,67.83
79.27,79.27,70.97,67.32,67.90
81.55,81.55,81.68,66.82,67.65
80.98,80.98,86.25,65.65,68.52
76.49,76.49,92.43,60.82,68.96
77.57,77.57,91.70,59.76,67.61
79.29,79.29,89.00,65.94,68.65
77.99,77.99,89.84,69.38,69.51
78.98,78.98,76.19,71.74,70.41
78.47,78.47,84.10,75.45,71.53
80.77,80.77,82.96,75.94,70.60
81.46,81.46,79.14,74.91,72.17
79.92,79.92,76.70,74.85,71.51
80.62,80.62,77.30,74.09,72.45
79.01,79.01,72.82,72.04,71.27
80.86,80.86,73.02,74.55,70.50
80.36,80.36,67.08,76.40,71.03
80.42,80.42,61.32,77.59,71.74
81.33,81.33,64.22,77.57,71.70
80.52,80.52,69.92,78.23,71.54
78.32,78.32,71.76,78.40,72.10
80.42,80.42,69.42,77.18,72.85
78.48,78.48,63.74,76.66,71.93
77.97,77.97,59.30,76.65,70.60
77.37,77.37,56.23,75.39,71.75
78.94,78.94,58.22,75.47,72.45
81.31,81.31,62.39,75.80,71.89
80.29,80.29,64.70,78.35,72.32
81.49,81.49,63.99,78.76,72.61
79.93,79.93,56.31,78.91,72.71
79.94,79.94,56.35,79.26,72.21
79.74,79.74,65.32,78.37,71.63
80.34,80.34,65.61,78.12,70.68
80.61,80.61,66.69,78.11,71.67
79.65,79.65,70.53,77.14,70.99
79.36,79.36,74.18,76.43,70.85
80.44,80.44,71.81,76.97,72.02
77.17,77.17,70.72,77.56,72.14
75.53,75.53,62.93,77.12,72.23
77.52,77.52,57.80,74.79,71.20
78.62,78.62,69.83,72.92,69.61
79.94,79.94,72.16,71.39,69.59
78.63,78.63,88.72,71.46,68.75
77.98,77.98,90.27,71.62,69.32
77.03,77.03,89.80,70.39,66.98
78.78,78.78,90.24,70.88,68.11
78.38,78.38,89.72,71.72,69.63
79.66,79.66,90.81,73.12,68.62
79.50,79.50,87.67,72.80,69.48
77.84,77.84,84.16,72.92,70.96
79.66,79.66,76.03,72.65,70.41
79.89,79.89,80.47,72.41,70.95
78.33,78.33,67.64,72.63,72.13
77.39,77.39,82.04,74.41,71.45
79.02,79.02,64.28,73.46,71.37
79.47,79.47,74.31,73.06,70.30
79.73,79.73,65.92,73.29,70.61
79.93,79.93,67.96,73.50,70.49
81.38,81.38,69.14,74.47,69.36
79.86,79.86,67.15,71.51,68.24
81.42,81.42,75.03,69.74,68.97
80.22,80.22,81.19,69.00,69.21
79.05,79.05,81.02,70.90,66.16
79.72,79.72,80.84,73.95,66.25
81.05,81.05,75.00,76.08,67.93
80.70,80.70,73.14,75.72,68.12
80.53,80.53,68.48,75.36,69.50
80.20,80.20,64.73,75.21,70.82
79.88,79.88,60.94,75.31,71.49
77.87,77.87,57.88,75.79,70.16
78.22,78.22,52.91,75.53,71.41
76.78,76.78,54.41,75.16,71.44
80.07,80.07,62.03,74.90,71.33
82.31,82.31,59.57,73.87,71.87
81.45,81.45,51.32,74.36,71.92
79.78,79.78,47.43,74.36,70.63
80.51,80.51,45.66,74.80,71.50
80.89,80.89,44.44,74.87,71.15
80.76,80.76,48.34,74.76,70.47
81.27,81.27,49.52,75.50,71.10
76.94,76.94,53.11,74.61,71.16
75.94,75.94,63.05,74.09,72.33
74.77,74.77,60.96,73.89,73.46
75.37,75.37,68.45,74.42,73.52
77.79,77.79,71.88,74.59,73.96
78.01,78.01,72.85,74.82,73.68
77.73,77.73,71.63,74.76,72.86
77.17,77.17,62.73,74.73,72.20
77.17,77.17,71.46,75.32,73.24
78.16,78.16,72.45,74.89,73.80
78.50,78.50,69.62,74.68,71.84
78.49,78.49,72.05,74.70,71.55
79.59,79.59,73.28,74.76,71.43
79.16,79.16,68.75,74.81,71.16
79.59,79.59,65.89,75.31,70.88
78.06,78.06,63.85,74.94,70.52
78.61,78.61,64.57,74.59,70.74
79.52,79.52,64.50,70.55,71.08
78.42,78.42,61.20,56.48,71.34
81.36,81.36,64.75,63.04,72.65
82.12,82.12,85.59,70.65,71.55
77.65,77.65,91.95,73.75,72.53
77.07,77.07,90.94,70.64,73.31
76.57,76.57,87.56,74.81,73.12
78.48,78.48,90.57,76.83,74.09
80.33,80.33,88.33,76.58,73.96
80.99,80.99,88.29,74.09,72.29
77.84,77.84,82.43,73.57,72.59
80.00,80.00,76.93,75.91,71.29
79.92,79.92,78.11,76.95,71.15
78.62,78.62,61.29,76.22,70.46
78.93,78.93,76.58,73.94,69.83
79.41,79.41,73.66,70.50,69.42
78.75,78.75,64.41,74.50,70.61
79.94,79.94,64.79,73.96,70.28
79.62,79.62,66.29,73.46,70.37
80.41,80.41,68.49,64.95,69.22
81.49,81.49,64.09,68.00,68.99
80.90,80.90,78.94,70.29,71.01
79.72,79.72,88.57,74.19,71.36
78.64,78.64,88.92,72.47,73.58
77.97,77.97,89.94,69.62,74.66
77.70,77.70,90.59,70.49,73.31
80.11,80.11,86.70,73.57,76.19
79.05,79.05,87.87,74.97,72.49
81.90,81.90,84.80,75.30,73.24
81.68,81.68,78.38,74.70,74.21
80.89,80.89,76.79,75.10,72.86
83.05,83.05,79.20,74.25,73.62
81.10,81.10,77.62,74.67,72.29
82.05,82.05,76.49,75.67,73.67
80.73,80.73,72.90,73.51,72.81
82.02,82.02,66.58,74.95,72.31
83.33,83.33,59.97,76.57,71.95
80.29,80.29,68.31,75.90,72.95
78.13,78.13,62.98,75.70,72.55
78.01,78.01,65.12,74.99,71.74
79.73,79.73,59.77,75.21,73.02
79.97,79.97,63.94,75.21,70.04
79.61,79.61,85.12,74.55,70.70
76.87,76.87,88.98,73.00,69.19
77.26,77.26,90.22,73.12,69.67
77.74,77.74,86.16,72.42,70.20
80.86,80.86,78.91,75.45,71.07
79.02,79.02,72.63,74.54,72.73
80.04,80.04,72.53,74.17,72.79
81.53,81.53,76.72,75.61,72.12
82.12,82.12,76.85,75.76,72.03
77.77,77.77,73.86,74.75,70.88
75.03,75.03,70.16,75.95,70.36
81.93,81.93,66.80,75.87,70.82
80.82,80.82,65.61,77.51,71.62
81.22,81.22,67.76,76.07,70.83
77.13,77.13,65.77,75.17,70.64
78.95,78.95,62.99,74.67,71.06
77.90,77.90,71.35,72.00,70.53
79.59,79.59,75.61,74.08,68.77
81.76,81.76,89.96,70.52,67.52
75.53,75.53,90.06,73.18,68.33
76.16,76.16,89.99,75.02,67.55
73.29,73.29,90.95,72.50,68.56
80.01,80.01,86.70,71.44,69.26
80.26,80.26,86.12,71.36,69.94
78.70,78.70,87.10,73.75,69.50
74.58,74.58,80.16,74.34,71.23
72.26,72.26,74.00,75.12,72.16
75.43,75.43,81.81,75.48,70.81
73.43,73.43,78.91,74.63,71.58
79.00,79.00,76.49,73.40,70.11
82.21,82.21,70.23,76.44,71.17
83.58,83.58,61.39,76.17,70.24
83.99,83.99,58.71,75.48,70.20
82.66,82.66,53.78,75.17,70.04
77.59,77.59,55.25,75.78,69.96
77.09,77.09,62.10,75.56,69.08
81.01,81.01,69.70,73.56,67.02
79.20,79.20,79.39,71.79,67.67
74.30,74.30,78.62,73.33,67.82
85.42,85.42,78.03,76.43,66.41
76.95,76.95,75.53,78.03,66.70
82.24,82.24,69.95,75.09,66.51
76.34,76.34,71.30,75.87,68.31
82.16,82.16,63.83,77.23,70.38
77.12,77.12,60.79,76.53,72.29
81.54,81.54,59.03,76.50,71.43
77.97,77.97,55.80,77.01,71.15
78.31,78.31,52.71,76.60,70.66
78.68,78.68,54.41,74.37,69.84
80.01,80.01,53.74,76.96,69.81
76.45,76.45,63.35,77.00,70.99
78.96,78.96,69.15,76.99,70.37
80.08,80.08,60.98,75.85,71.11
81.46,81.46,71.49,69.97,69.87
80.17,80.17,72.41,70.19,67.99
76.77,76.77,85.53,70.85,67.68
78.85,78.85,89.71,70.82,68.31
75.63,75.63,87.98,73.64,72.61
81.71,81.71,85.21,71.17,77.26
80.75,80.75,80.99,70.78,70.61
79.63,79.63,73.75,74.44,69.83
79.75,79.75,67.53,72.47,69.09
79.30,79.30,74.24,75.72,66.64
79.94,79.94,83.21,75.09,67.49
80.04,80.04,82.64,72.53,69.15
79.92,79.92,81.52,72.25,67.33
80.14,80.14,88.35,72.34,67.38
78.37,78.37,90.21,70.52,68.98
78.53,78.53,88.77,73.76,69.92
78.44,78.44,86.28,78.57,72.42
81.06,81.06,85.96,80.62,71.19
80.42,80.42,82.71,79.53,68.17
79.88,79.88,71.23,77.43,67.73
79.04,79.04,68.82,73.83,66.94
78.93,78.93,71.54,70.13,67.81
80.72,80.72,79.21,68.93,71.11
80.22,80.22,76.67,69.75,67.86
80.49,80.49,78.05,71.18,66.74
80.56,80.56,75.50,75.04,64.94
79.55,79.55,73.58,75.17,64.97
79.96,79.96,75.11,72.45,64.81
79.75,79.75,77.53,75.24,67.26
79.37,79.37,77.97,76.51,67.88
77.47,77.47,77.57,78.62,64.90
78.27,78.27,82.45,78.20,63.13
80.37,80.37,79.72,76.84,61.49
80.91,80.91,70.52,73.93,60.71
78.04,78.04,76.60,73.66,61.15
79.40,79.40,79.09,78.81,63.51
78.27,78.27,75.47,77.58,62.25
75.91,75.91,77.63,74.50,62.89
73.27,73.27,78.86,72.09,69.07
77.39,77.39,85.23,71.44,70.25
78.51,78.51,85.93,70.94,70.51
75.13,75.13,91.44,64.68,70.01
77.50,77.50,85.82,72.74,74.80
76.38,76.38,86.52,74.62,74.99
77.48,77.48,90.78,75.58,74.32
77.03,77.03,83.53,75.07,75.63
74.62,74.62,76.30,76.10,74.70
75.98,75.98,68.96,74.96,76.84
79.07,79.07,75.95,75.80,77.33
79.74,79.74,80.32,76.64,77.05
78.26,78.26,78.90,76.49,74.99
79.81,79.81,78.11,74.16,76.46
76.12,76.12,76.48,75.78,76.69
77.71,77.71,69.46,75.01,76.84
73.48,73.48,69.97,76.82,76.08
75.43,75.43,64.18,76.20,76.11
73.41,73.41,61.05,76.16,76.06
76.54,76.54,61.29,77.84,75.26
80.20,80.20,61.08,75.72,76.41
80.02,80.02,54.42,76.82,75.49
78.55,78.55,55.71,75.44,75.39
79.97,79.97,62.47,75.11,77.21
84.43,84.43,59.84,74.88,76.60
86.91,86.91,52.11,76.43,77.03
83.88,83.88,48.45,74.47,76.89
85.16,85.16,49.39,77.85,77.05
84.65,84.65,47.16,78.05,75.38
83.58,83.58,44.90,74.66,74.16
84.44,84.44,55.50,77.60,75.96
83.64,83.64,61.93,73.82,75.55
82.96,82.96,67.01,76.56,75.56
80.79,80.79,66.08,74.95,74.81
80.91,80.91,65.30,77.49,76.13
79.01,79.01,68.96,74.30,75.84
81.41,81.41,67.28,76.87,76.00
81.60,81.60,68.24,74.59,76.72
82.25,82.25,76.36,75.34,75.63
74.92,74.92,73.36,70.19,74.18
76.77,76.77,74.77,70.36,72.81
76.95,76.95,83.51,71.17,71.72
73.97,73.97,92.62,70.94,71.32
72.10,72.10,89.58,70.64,71.91
77.55,77.55,88.67,71.47,72.03
84.63,84.63,90.69,74.61,72.61
85.31,85.31,89.42,72.49,72.85
83.47,83.47,87.62,72.77,74.17
83.90,83.90,78.31,69.55,75.36
82.62,82.62,76.81,76.26,74.67
82.30,82.30,72.04,75.35,73.12
84.47,84.47,77.59,76.42,73.22
83.64,83.64,78.33,74.04,73.50
81.48,81.48,75.66,75.16,73.64
78.59,78.59,66.82,78.08,73.08
75.72,75.72,59.68,77.90,75.10
75.11,75.11,64.86,77.89,74.02
74.87,74.87,58.84,74.39,73.65
76.22,76.22,64.65,77.60,75.96
77.63,77.63,64.99,75.04,76.03
75.88,75.88,74.33,79.42,76.98
76.03,76.03,81.16,78.32,73.44
79.23,79.23,82.07,79.50,72.34
81.02,81.02,82.98,79.35,71.46
86.07,86.07,73.04,79.48,71.35
86.23,86.23,72.08,79.35,72.36
87.52,87.52,69.15,79.72,72.97
87.31,87.31,66.11,79.42,71.95
84.75,84.75,64.86,78.61,73.72
82.57,82.57,62.50,78.72,73.25
80.54,80.54,57.84,79.15,75.72
74.89,74.89,60.40,79.32,76.12
76.39,76.39,61.17,79.24,74.22
84.94,84.94,60.03,79.05,73.86
87.35,87.35,59.01,78.52,72.38
83.56,83.56,57.18,79.29,73.74
81.31,81.31,56.24,78.49,73.82
81.63,81.63,55.95,79.26,74.08
81.54,81.54,58.15,78.79,74.22
82.43,82.43,67.30,77.68,75.32
84.17,84.17,62.88,74.81,71.91
80.33,80.33,74.51,72.19,72.18
79.98,79.98,87.64,71.31,72.52
77.87,77.87,93.34,70.64,71.27
79.33,79.33,90.60,65.05,72.12
81.80,81.80,86.83,71.75,73.03
81.09,81.09,83.22,73.27,74.16
78.77,78.77,79.85,74.44,74.71
78.92,78.92,70.71,75.74,74.33
75.94,75.94,77.71,74.24,73.71
75.87,75.87,75.52,70.14,74.33
78.21,78.21,71.29,77.57,73.14
78.70,78.70,66.28,78.60,75.12
80.60,80.60,63.67,78.46,73.65
81.60,81.60,62.54,77.24,74.15
79.50,79.50,58.72,76.43,74.95
81.51,81.51,55.89,76.34,75.71
81.08,81.08,61.97,76.09,75.09
79.93,79.93,85.29,76.22,73.21
80.08,80.08,91.92,74.01,72.31
79.69,79.69,90.91,70.70,72.65
79.95,79.95,86.94,73.57,72.92
81.21,81.21,90.20,73.72,73.50
84.15,84.15,87.30,72.32,74.31
81.98,81.98,86.89,75.69,73.21
79.65,79.65,79.66,78.52,74.38
81.99,81.99,85.56,79.72,73.39
84.09,84.09,81.64,79.46,75.12
81.86,81.86,78.35,78.51,74.43
82.58,82.58,75.63,76.85,75.33
82.73,82.73,67.24,76.69,75.43
83.11,83.11,70.67,76.29,76.37
83.04,83.04,67.19,75.58,75.38
84.31,84.31,67.14,75.79,74.94
83.11,83.11,67.46,79.15,73.51
85.24,85.24,70.38,80.60,73.07
82.06,82.06,70.27,79.09,71.95
83.07,83.07,79.77,78.73,73.26
75.66,75.66,89.26,77.02,72.53
77.92,77.92,89.45,75.06,71.73
77.28,77.28,89.08,75.41,71.06
78.98,78.98,88.85,75.63,70.58
78.82,78.82,89.15,71.66,70.86
78.10,78.10,88.86,71.50,70.88
78.27,78.27,86.59,71.03,69.48
79.31,79.31,83.38,76.68,70.88
79.45,79.45,73.76,73.84,71.00
77.10,77.10,77.40,76.07,73.73
75.45,75.45,78.80,74.17,73.47
73.55,73.55,78.14,76.90,72.84
79.65,79.65,73.07,73.24,71.73
80.24,80.24,67.74,77.03,73.90
84.45,84.45,61.40,74.74,73.16
83.80,83.80,65.89,76.58,71.71
82.96,82.96,65.51,75.87,72.99
86.21,86.21,64.73,74.79,72.82
84.66,84.66,57.11,76.88,73.29
80.08,80.08,62.27,73.58,74.48
82.09,82.09,62.94,76.39,73.94
81.02,81.02,64.04,74.50,73.14
83.24,83.24,66.81,77.05,73.46
79.31,79.31,67.05,72.77,74.62
77.41,77.41,63.26,75.39,75.61
78.85,78.85,64.80,74.74,76.45
77.79,77.79,66.55,78.78,73.56
74.84,74.84,67.17,77.07,76.07
76.88,76.88,68.74,75.52,75.73
75.01,75.01,69.86,76.72,75.09
73.01,73.01,70.35,72.20,74.54
68.73,68.73,69.30,74.90,75.22
67.58,67.58,65.76,73.28,73.51
67.58,67.58,69.11,76.92,73.66
64.54,64.54,63.85,73.53,73.73
61.16,61.16,69.08,75.05,74.37
65.64,65.64,78.18,74.76,72.97
63.20,63.20,90.24,73.67,71.11
70.40,70.40,89.81,73.18,71.19
75.63,75.63,92.45,73.41,69.64
79.72,79.72,92.27,74.62,70.68
80.93,80.93,77.15,73.31,72.77
81.57,81.57,86.50,75.92,74.09
81.21,81.21,85.67,74.35,71.08
80.14,80.14,81.47,76.44,73.18
79.34,79.34,70.29,73.65,72.69
79.94,79.94,82.50,76.36,73.45
81.00,81.00,79.37,74.40,73.57
77.87,77.87,76.19,77.17,73.11
80.93,80.93,74.58,74.98,74.49
78.42,78.42,64.09,75.50,75.07
77.57,77.57,66.95,75.13,74.69
70.13,70.13,65.58,73.53,74.03
70.47,70.47,58.66,76.54,73.36
69.05,69.05,66.66,73.87,72.38
71.54,71.54,69.41,74.81,68.18
74.83,74.83,82.06,73.24,70.99
75.74,75.74,80.62,72.88,70.08
74.21,74.21,85.31,75.45,72.49
76.05,76.05,80.77,77.56,72.90
83.87,83.87,72.86,78.38,72.54
85.85,85.85,75.48,78.09,72.36
85.21,85.21,63.68,77.79,72.16
87.42,87.42,68.55,79.19,73.11
84.66,84.66,75.98,78.53,73.83
82.73,82.73,73.60,77.04,73.52
83.03,83.03,73.35,74.72,73.60
81.22,81.22,68.56,71.62,74.85
81.25,81.25,62.12,69.58,73.91
78.22,78.22,59.52,65.82,74.49
72.88,72.88,56.11,58.97,74.37
70.66,70.66,55.12,59.41,74.68
68.94,68.94,51.97,61.57,73.87
68.03,68.03,58.63,57.35,72.65
66.76,66.76,66.61,59.38,69.32
67.05,67.05,73.25,72.11,70.84
69.48,69.48,90.37,74.54,69.73
73.44,73.44,91.23,78.43,71.87
74.48,74.48,88.05,78.32,71.42
75.18,75.18,88.90,77.11,71.38
73.74,73.74,90.29,78.79,71.57
76.28,76.28,87.07,77.75,73.11
73.09,73.09,79.16,78.18,73.30
68.32,68.32,69.28,78.58,73.10
74.05,74.05,81.88,77.41,72.84
69.84,69.84,81.06,75.00,73.38
64.04,64.04,82.72,78.99,74.98
62.61,62.61,81.20,78.09,74.62
64.31,64.31,81.39,71.67,74.20
63.54,63.54,73.56,71.61,75.97
61.06,61.06,74.01,69.25,75.79
62.87,62.87,69.01,69.06,74.05
66.34,66.34,84.87,76.28,73.69
72.95,72.95,80.54,68.64,71.46
77.75,77.75,80.03,65.67,68.81
77.52,77.52,84.35,75.42,70.06
79.03,79.03,88.04,76.11,70.14
77.94,77.94,93.27,76.30,69.47
79.09,79.09,92.14,77.21,69.66
80.22,80.22,85.49,76.67,70.48
79.68,79.68,88.92,77.82,70.77
81.99,81.99,83.95,76.70,70.62
82.69,82.69,78.26,75.74,71.94
81.10,81.10,78.39,70.64,71.18
79.21,79.21,82.83,73.24,73.17
79.42,79.42,81.16,71.23,72.53
80.33,80.33,79.17,76.64,71.87
75.30,75.30,75.66,76.87,70.71
77.07,77.07,75.82,77.30,70.26
78.56,78.56,71.41,76.70,70.22
72.71,72.71,72.47,73.68,69.39
68.83,68.83,80.13,70.76,70.00
65.47,65.47,84.61,64.44,69.70
63.74,63.74,92.54,68.27,68.19
70.81,70.81,88.71,71.51,69.85
77.71,77.71,88.94,72.44,70.94
79.00,79.00,91.45,70.91,71.00
79.79,79.79,87.24,74.04,70.97
82.72,82.72,86.64,73.88,73.31
80.06,80.06,82.83,75.75,72.00
84.66,84.66,83.40,75.00,71.26
86.83,86.83,82.17,76.73,73.24
87.77,87.77,82.59,75.48,72.52
87.18,87.18,78.90,77.95,72.49
83.72,83.72,75.81,76.87,73.16
77.11,77.11,66.05,78.30,72.55
67.68,67.68,69.06,77.86,74.66
64.54,64.54,70.01,77.31,75.92
66.27,66.27,67.25,78.34,74.79
68.00,68.00,68.12,77.31,73.77
64.98,64.98,65.98,77.50,73.53
64.51,64.51,63.79,76.26,73.45
64.95,64.95,64.02,79.14,72.63
78.25,78.25,63.06,78.65,71.99
84.70,84.70,61.92,80.64,72.09
81.97,81.97,62.20,74.76,74.16
79.65,79.65,59.53,73.91,74.09
74.78,74.78,58.94,75.76,72.03
74.75,74.75,60.31,76.89,73.38
78.46,78.46,57.99,78.16,71.88
79.53,79.53,58.04,75.12,73.78
81.99,81.99,56.43,74.85,73.54
82.23,82.23,58.74,72.98,73.70
80.36,80.36,56.92,76.40,73.54
70.98,70.98,55.28,72.97,73.09
65.15,65.15,55.66,75.48,72.49
68.53,68.53,53.43,72.31,69.89
70.84,70.84,50.84,73.31,69.70
72.22,72.22,52.81,74.51,70.50
73.11,73.11,54.71,74.87,71.31
72.51,72.51,51.40,76.45,70.54
72.33,72.33,57.99,74.73,72.28
71.54,71.54,58.65,77.03,71.04
72.33,72.33,57.46,74.86,71.95
80.55,80.55,55.66,77.80,71.69
81.87,81.87,56.00,75.65,72.41
81.78,81.78,54.68,78.34,71.38
79.79,79.79,55.69,75.58,71.91
78.17,78.17,52.58,77.09,72.04
78.56,78.56,51.05,76.90,72.90
81.72,81.72,50.27,75.77,72.96
82.06,82.06,48.88,77.89,73.25
80.45,80.45,49.12,76.68,72.36
76.05,76.05,49.64,76.73,73.59
72.48,72.48,51.04,76.93,73.60
69.88,69.88,52.43,77.11,73.19
65.18,65.18,50.04,74.90,72.36
62.59,62.59,52.30,76.36,73.79
65.30,65.30,60.43,71.90,73.52
65.63,65.63,66.02,75.67,71.07
71.73,71.73,77.68,76.09,67.59
79.17,79.17,82.57,76.64,65.30
74.29,74.29,82.74,78.43,67.71
78.30,78.30,87.01,74.66,68.81
81.26,81.26,84.01,75.95,67.67
87.07,87.07,71.83,73.15,68.90
86.86,86.86,74.59,75.54,70.37
86.10,86.10,68.19,72.38,69.69
82.10,82.10,67.69,76.76,69.19
84.34,84.34,61.79,73.17,68.19
82.22,82.22,62.14,76.91,70.30
84.41,84.41,65.32,74.87,70.50
86.95,86.95,67.34,75.84,69.79
85.97,85.97,65.65,76.55,72.10
85.56,85.56,61.27,75.02,68.92
84.01,84.01,61.95,77.57,68.29
81.85,81.85,64.37,75.73,71.05
83.14,83.14,63.18,76.90,71.21
84.40,84.40,59.68,76.16,70.40
86.10,86.10,57.04,76.56,71.12
87.68,87.68,59.01,74.00,72.62
82.65,82.65,58.71,80.60,72.20
78.47,78.47,57.42,79.84,72.36
80.49,80.49,58.45,78.96,72.41
80.79,80.79,58.27,80.19,71.32
80.15,80.15,55.24,79.43,72.02
76.93,76.93,55.48,79.96,74.03
74.17,74.17,62.37,79.53,72.75
73.02,73.02,65.47,77.03,73.13
72.17,72.17,72.49,71.69,71.98
76.39,76.39,75.59,71.49,72.42
79.94,79.94,75.00,67.11,72.17
83.93,83.93,71.91,62.87,73.01
85.42,85.42,66.69,61.98,74.73
83.98,83.98,59.38,57.15,74.00
84.27,84.27,61.76,59.06,74.87
83.26,83.26,58.96,59.98,71.97
83.75,83.75,60.80,60.91,70.91
83.26,83.26,66.23,67.66,70.79
83.63,83.63,74.79,76.57,71.96
81.68,81.68,87.86,77.18,69.92
82.36,82.36,90.06,76.76,69.79
83.09,83.09,89.03,76.69,70.53
81.16,81.16,88.84,78.07,71.47
83.40,83.40,89.34,77.38,70.95
83.24,83.24,91.05,75.70,69.93
82.95,82.95,88.08,77.20,71.20
83.99,83.99,80.93,79.00,72.65
85.89,85.89,69.87,79.91,72.11
86.22,86.22,81.04,79.73,71.91
86.52,86.52,75.38,79.60,72.22
84.30,84.30,71.08,79.34,73.33
80.72,80.72,62.83,79.32,72.99
82.82,82.82,67.53,79.77,72.67
84.66,84.66,71.05,80.93,73.19
84.48,84.48,72.40,79.58,73.32
82.67,82.67,71.37,77.37,72.63
76.61,76.61,68.13,74.10,70.53
75.17,75.17,80.98,68.12,67.45
79.02,79.02,85.64,68.68,69.30
79.46,79.46,92.53,70.72,70.45
77.11,77.11,90.08,69.91,70.98
78.96,78.96,89.15,74.01,69.99
77.42,77.42,88.76,73.20,70.85
79.04,79.04,88.92,74.31,70.29
77.10,77.10,87.18,73.99,73.47
77.29,77.29,81.88,75.33,73.77
78.67,78.67,71.42,76.02,74.33
76.69,76.69,80.02,74.05,73.76
75.79,75.79,78.77,76.27,73.19
78.18,78.18,77.23,74.05,71.53
77.49,77.49,70.70,75.41,71.40
78.65,78.65,65.03,73.34,71.51
79.03,79.03,65.55,75.70,71.13
77.48,77.48,54.07,72.83,69.77
75.89,75.89,60.79,76.33,69.26
73.51,73.51,65.83,74.30,70.43
68.04,68.04,65.81,76.52,71.51
71.41,71.41,60.38,76.01,72.74
79.78,79.78,63.91,73.26,72.96
76.63,76.63,61.49,74.83,72.67
76.61,76.61,53.39,73.81,73.88
79.62,79.62,54.28,76.00,72.57
78.13,78.13,61.88,74.44,71.88
77.63,77.63,58.56,76.26,71.20
78.67,78.67,60.84,73.42,72.39
77.60,77.60,66.92,76.49,73.92
80.54,80.54,69.78,72.37,74.27
80.69,80.69,70.89,75.02,73.37
78.47,78.47,72.53,73.53,74.60
79.26,79.26,69.13,73.55,72.08
78.23,78.23,69.60,76.87,71.91
78.25,78.25,66.87,76.27,71.98
81.80,81.80,65.74,78.04,72.09
79.50,79.50,66.14,73.42,72.53
73.56,73.56,71.45,72.81,72.00
66.09,66.09,79.90,72.17,70.32
64.41,64.41,89.20,75.28,70.40
64.88,64.88,91.38,73.08,69.50
71.03,71.03,90.34,73.24,70.06
71.30,71.30,91.19,73.81,70.96
72.10,72.10,87.57,74.74,71.54
74.22,74.22,87.96,76.20,71.22
77.85,77.85,87.57,73.78,72.98
77.12,77.12,83.39,76.19,72.45
78.49,78.49,73.36,74.26,71.78
75.38,75.38,83.00,76.80,73.28
74.32,74.32,80.22,74.89,72.86
72.62,72.62,75.82,78.13,75.50
74.56,74.56,69.87,75.18,74.97
73.78,73.78,64.88,77.59,74.65
69.67,69.67,66.83,75.34,73.45
67.90,67.90,58.15,75.95,73.00
71.31,71.31,64.48,77.03,71.49
72.21,72.21,71.42,76.57,71.62
76.22,76.22,81.64,78.74,70.66
79.75,79.75,84.00,77.15,69.41
79.68,79.68,83.68,77.35,71.49
84.16,84.16,76.62,77.79,72.01
82.74,82.74,75.18,78.20,70.90
81.50,81.50,72.17,79.04,71.44
82.20,82.20,67.33,79.06,73.48
81.84,81.84,67.25,77.90,72.90
81.73,81.73,67.17,75.01,71.83
80.47,80.47,67.31,72.32,70.79
79.84,79.84,67.71,71.14,68.94
79.20,79.20,65.54,70.24,70.53
80.40,80.40,65.24,67.31,70.11
81.36,81.36,65.23,62.21,70.68
80.90,80.90,63.93,58.32,71.70
81.73,81.73,63.17,49.61,72.48
84.73,84.73,62.79,47.35,72.64
85.28,85.28,65.82,51.08,70.72
83.73,83.73,69.88,61.30,69.28
82.47,82.47,82.91,74.84,68.99
80.86,80.86,86.04,77.20,69.75
79.57,79.57,84.95,76.58,71.70
84.62,84.62,83.50,77.23,71.13
85.66,85.66,85.34,77.28,70.77
87.26,87.26,79.65,71.45,70.29
86.52,86.52,85.29,72.40,69.99
84.44,84.44,80.45,74.78,70.80
82.67,82.67,77.44,74.77,73.19
75.68,75.68,75.69,70.35,72.16
80.12,80.12,70.54,66.27,72.22
78.25,78.25,71.41,59.68,72.71
80.73,80.73,78.69,67.55,72.05
80.74,80.74,82.61,70.46,71.23
81.40,81.40,80.64,65.03,71.42
81.07,81.07,75.18,62.59,72.38
81.77,81.77,71.57,56.65,72.24
80.54,80.54,73.27,59.95,72.39
81.24,81.24,70.56,55.89,71.27
79.68,79.68,84.54,63.09,71.02
79.36,79.36,85.49,63.35,72.36
79.03,79.03,80.75,61.58,73.78
79.84,79.84,73.15,62.52,74.32
81.14,81.14,68.78,61.43,74.36
76.82,76.82,69.17,58.36,74.10
79.16,79.16,81.60,69.66,72.81
82.03,82.03,81.05,69.30,71.71
81.46,81.46,77.50,67.52,71.47
81.89,81.89,74.11,66.69,71.87
82.78,82.78,72.34,69.37,73.20
80.62,80.62,72.79,67.89,73.12
79.56,79.56,85.23,69.84,71.46
79.53,79.53,79.02,66.22,70.31
81.74,81.74,77.20,61.68,71.21
81.00,81.00,73.04,64.84,70.84
80.23,80.23,70.05,65.15,72.02
81.21,81.21,71.70,60.80,72.22
82.99,82.99,75.47,63.10,71.23
83.22,83.22,77.33,61.57,69.54
80.35,80.35,86.28,66.77,70.51
79.20,79.20,90.60,67.52,69.47
80.72,80.72,87.14,71.03,68.69
79.92,79.92,89.06,70.30,68.69
79.89,79.89,89.75,72.67,67.36
78.84,78.84,90.27,72.24,67.35
77.88,77.88,86.89,71.90,67.19
80.78,80.78,86.95,73.05,69.92
81.98,81.98,78.74,72.97,69.29
82.97,82.97,80.33,72.64,69.77
84.40,84.40,83.01,72.26,70.92
82.98,82.98,82.44,73.18,71.30
82.84,82.84,78.43,74.06,73.24
79.77,79.77,72.03,73.33,72.72
81.35,81.35,67.35,73.67,72.05
80.53,80.53,65.56,73.59,71.91
83.58,83.58,67.52,74.93,73.20
84.79,84.79,70.01,74.95,73.06
85.45,85.45,71.03,71.85,73.52
83.80,83.80,69.25,72.62,72.88
83.36,83.36,66.98,73.45,73.53
82.69,82.69,63.79,74.31,72.67
82.07,82.07,61.27,74.83,74.61
82.45,82.45,56.62,75.09,74.84
84.75,84.75,54.67,75.95,74.49
83.02,83.02,53.40,75.58,74.07
83.14,83.14,53.50,75.10,73.43
82.51,82.51,53.07,75.40,73.94
80.29,80.29,53.15,75.75,73.57
80.75,80.75,52.63,75.72,73.58
77.11,77.11,51.66,74.46,73.60
78.00,78.00,52.86,74.92,73.24
80.32,80.32,52.56,75.00,72.58
80.50,80.50,49.93,74.75,73.60
80.88,80.88,49.05,74.77,72.77
83.46,83.46,48.34,73.94,73.06
83.89,83.89,47.79,73.92,73.00
83.41,83.41,50.91,75.23,73.61
80.73,80.73,55.85,74.28,71.28
81.34,81.34,57.01,74.60,71.49
79.12,79.12,55.47,73.39,71.21
80.43,80.43,53.20,73.30,72.15
81.75,81.75,49.92,73.63,73.00
82.35,82.35,48.27,73.40,72.15
82.45,82.45,49.28,73.39,71.54
81.69,81.69,46.73,72.97,69.97
81.47,81.47,45.89,71.99,70.74
82.81,82.81,47.31,71.75,71.24
79.88,79.88,48.49,71.79,70.50
76.50,76.50,50.26,71.90,69.99
80.34,80.34,51.08,72.16,71.01
79.13,79.13,51.32,71.72,70.87
77.67,77.67,50.90,71.85,70.75
77.82,77.82,49.62,71.09,71.83
77.72,77.72,46.76,71.16,71.78
77.75,77.75,48.11,71.44,72.66
81.37,81.37,58.39,72.25,71.72
78.75,78.75,62.78,71.56,69.07
78.01,78.01,72.41,72.91,69.10
77.73,77.73,81.16,73.38,67.52
74.98,74.98,81.06,74.09,68.45
78.75,78.75,84.07,74.38,69.78
77.66,77.66,80.92,75.20,68.70
80.61,80.61,73.76,72.65,67.23
82.07,82.07,70.39,72.85,69.35
82.35,82.35,61.44,73.48,69.96
79.94,79.94,58.77,73.96,72.43
78.79,78.79,59.75,72.79,70.41
78.07,78.07,53.31,72.46,69.70
77.46,77.46,55.14,73.68,70.15
79.77,79.77,50.08,73.64,70.77
78.63,78.63,49.95,73.40,71.63
77.81,77.81,48.99,73.61,70.66
79.49,79.49,47.33,74.33,70.97
80.91,80.91,48.15,74.72,69.93
78.68,78.68,48.84,74.59,71.12
78.44,78.44,47.99,74.90,70.16
75.57,75.57,52.37,74.57,69.64
78.41,78.41,55.81,74.54,69.28
80.59,80.59,56.47,76.04,71.42
80.90,80.90,58.33,80.52,72.18
77.39,77.39,58.88,79.53,71.84
76.89,76.89,57.18,79.31,72.27
77.78,77.78,53.35,77.76,72.55
80.44,80.44,48.14,78.95,71.94
81.97,81.97,47.89,78.91,71.88
79.83,79.83,52.48,77.55,71.63
78.17,78.17,59.37,75.69,70.82
75.84,75.84,62.97,72.55,70.46
79.44,79.44,64.15,73.25,72.00
79.82,79.82,55.81,75.68,71.89
80.79,80.79,64.73,75.94,73.21
80.99,80.99,64.82,75.51,72.70
81.21,81.21,59.75,75.17,72.08
80.12,80.12,52.43,74.36,72.58
81.28,81.28,58.03,70.68,72.81
77.29,77.29,63.28,60.67,71.81
76.86,76.86,77.57,72.04,70.52
76.47,76.47,92.11,73.02,68.73
77.90,77.90,90.12,74.90,69.17
80.33,80.33,88.98,77.68,69.00
79.94,79.94,88.91,78.52,68.26
81.17,81.17,85.71,79.45,68.27
81.10,81.10,88.77,78.87,68.84
82.56,82.56,83.41,77.85,70.02
83.28,83.28,79.18,78.53,70.73
82.44,82.44,71.88,78.68,70.27
82.39,82.39,84.38,75.87,71.00
81.39,81.39,80.96,74.59,71.27
80.83,80.83,72.39,73.94,71.48
80.52,80.52,73.54,72.74,73.75
80.46,80.46,67.52,72.44,74.58
78.39,78.39,62.30,71.13,74.33
78.43,78.43,66.71,72.28,73.95
74.64,74.64,59.03,72.44,73.45
75.13,75.13,64.30,69.71,72.78
74.61,74.61,71.01,71.06,71.48
76.74,76.74,72.62,63.18,72.39
76.26,76.26,85.88,68.00,72.21
75.93,75.93,91.38,67.04,69.31
75.67,75.67,91.33,70.75,69.47
75.17,75.17,89.01,74.10,68.98
76.98,76.98,89.16,74.40,70.18
76.64,76.64,90.68,74.49,72.54
78.34,78.34,87.71,75.48,71.22
78.07,78.07,80.89,76.04,72.12
75.90,75.90,74.18,76.06,71.50
77.19,77.19,80.82,74.90,72.16
74.63,74.63,75.47,74.17,70.28
75.59,75.59,78.72,73.84,70.75
76.53,76.53,68.03,73.84,72.06
77.71,77.71,59.41,73.34,72.74
69.82,69.82,61.53,72.64,73.02
78.66,78.66,65.13,71.01,73.02
77.51,77.51,62.92,71.66,72.81
70.25,70.25,60.99,71.31,72.14
72.09,72.09,63.84,73.30,72.16
71.56,71.56,67.06,74.68,71.00
73.94,73.94,68.19,75.46,71.49
73.78,73.78,65.24,75.24,71.92
72.80,72.80,56.91,75.24,71.79
74.31,74.31,50.01,74.71,71.99
74.61,74.61,54.14,75.08,71.24
70.95,70.95,56.63,75.15,70.41
67.12,67.12,57.61,75.68,71.63
69.90,69.90,62.10,74.79,71.83
71.48,71.48,62.04,74.83,72.51
75.66,75.66,63.62,75.27,72.36
78.94,78.94,58.84,75.70,72.83
80.58,80.58,67.07,73.76,72.25
77.72,77.72,65.95,74.17,72.47
75.44,75.44,61.05,73.93,72.30
72.85,72.85,59.26,73.47,72.21
71.18,71.18,60.90,73.19,72.84
73.57,73.57,67.10,72.44,71.34
71.66,71.66,73.00,71.26,71.71
73.49,73.49,90.11,69.35,71.23
74.86,74.86,89.17,67.43,70.54
70.85,70.85,90.79,68.98,70.02
73.18,73.18,91.39,69.83,69.74
70.22,70.22,88.38,71.96,71.12
70.80,70.80,88.45,72.13,71.88
69.88,69.88,87.96,71.27,71.51
70.09,70.09,82.78,72.63,72.44
70.31,70.31,68.73,72.09,72.85
65.28,65.28,80.80,71.94,72.26
66.95,66.95,77.76,70.09,73.03
69.32,69.32,77.17,73.56,72.83
65.76,65.76,67.93,74.85,72.45
67.24,67.24,64.23,74.15,72.98
68.94,68.94,63.34,72.37,73.33
68.27,68.27,61.90,72.75,71.67
68.63,68.63,63.37,72.45,71.96
73.23,73.23,64.95,70.25,72.00
72.55,72.55,76.43,62.96,71.55
73.13,73.13,82.21,62.20,69.13
76.98,76.98,81.85,65.96,70.11
75.90,75.90,83.22,71.20,70.19
74.95,74.95,77.08,73.08,69.83
76.71,76.71,71.50,73.60,69.21
77.99,77.99,61.53,73.35,70.59
78.94,78.94,59.89,73.25,70.31
79.47,79.47,58.98,73.50,68.88
77.26,77.26,61.30,75.05,68.42
76.68,76.68,62.37,76.34,69.71
79.25,79.25,61.63,75.31,69.74
79.36,79.36,64.43,74.57,69.45
78.87,78.87,66.70,74.39,69.52
77.95,77.95,71.62,74.33,69.27
77.54,77.54,75.02,74.33,70.67
78.97,78.97,73.31,74.78,69.59
80.29,80.29,72.33,74.62,69.15
80.22,80.22,60.00,73.67,68.21
79.29,79.29,71.31,72.77,67.40
77.42,77.42,84.80,73.83,66.81
76.26,76.26,92.13,72.34,65.91
77.75,77.75,91.49,74.67,67.73
78.57,78.57,87.78,77.12,66.25
77.47,77.47,90.91,75.80,67.22
73.86,73.86,90.13,76.19,68.65
70.39,70.39,88.04,75.69,69.00
72.50,72.50,83.89,76.52,69.84
77.14,77.14,80.82,75.83,68.09
76.03,76.03,78.47,76.10,66.81
71.16,71.16,74.36,76.02,67.50
71.67,71.67,76.55,74.84,67.53
76.97,76.97,76.12,75.14,68.39
76.82,76.82,74.36,73.77,70.49
76.92,76.92,75.78,73.86,70.10
72.05,72.05,72.34,73.73,69.77
70.73,70.73,69.91,73.13,68.88
67.66,67.66,72.84,73.47,68.53
66.15,66.15,89.80,72.83,69.01
66.41,66.41,92.15,72.68,67.35
66.82,66.82,89.28,75.36,67.82
69.14,69.14,90.22,77.20,67.66
70.27,70.27,90.04,75.73,66.81
71.31,71.31,91.13,72.81,66.12
76.97,76.97,86.03,73.66,67.66
78.24,78.24,75.40,76.15,67.45
79.12,79.12,76.43,75.90,68.71
77.81,77.81,81.71,75.59,69.89
80.98,80.98,77.19,75.31,70.40
80.77,80.77,74.95,74.55,69.66
79.80,79.80,71.32,74.95,70.11
79.33,79.33,76.64,71.80,70.06
76.91,76.91,78.03,72.14,69.27
75.76,75.76,75.65,71.74,68.28
76.21,76.21,68.80,71.45,68.23
73.20,73.20,61.91,70.66,69.79
75.55,75.55,68.81,66.71,68.36
76.26,76.26,77.12,68.60,68.86
77.85,77.85,89.56,68.46,67.69
75.05,75.05,88.63,71.96,67.24
74.85,74.85,91.44,78.47,66.61
79.63,79.63,90.22,78.86,67.24
80.05,80.05,89.68,77.92,68.57
76.42,76.42,80.07,77.20,69.29
81.95,81.95,85.20,76.99,70.56
82.66,82.66,84.28,75.26,71.74
79.63,79.63,81.11,72.53,69.71
80.52,80.52,78.19,73.88,69.40
83.79,83.79,72.41,75.78,69.87
80.03,80.03,78.31,77.05,71.40
83.46,83.46,70.01,75.35,70.01
83.27,83.27,69.63,73.87,69.98
82.37,82.37,63.00,73.98,70.70
85.47,85.47,65.06,72.94,69.65
85.90,85.90,66.98,73.26,70.79
83.41,83.41,71.94,74.69,71.12
80.20,80.20,70.11,75.32,72.41
76.79,76.79,65.69,74.81,72.34
76.71,76.71,63.28,74.40,71.87
78.38,78.38,58.51,74.86,71.94
79.17,79.17,58.36,74.76,71.54
78.21,78.21,62.17,74.40,71.19
77.54,77.54,65.38,74.67,71.59
77.06,77.06,63.98,74.50,71.37
78.78,78.78,61.48,74.14,71.08
80.14,80.14,54.94,72.38,70.40
76.83,76.83,60.94,73.81,70.01
76.71,76.71,64.95,72.44,70.10
78.17,78.17,66.00,73.66,70.23
76.22,76.22,65.91,73.81,69.46
74.22,74.22,72.88,73.53,70.29
74.71,74.71,73.38,73.16,71.55
77.20,77.20,71.75,73.05,72.08
76.38,76.38,63.95,73.05,72.19
74.66,74.66,58.33,73.28,71.76
74.69,74.69,62.28,71.50,70.07
75.04,75.04,69.72,70.78,70.20
71.71,71.71,83.68,70.76,69.42
67.29,67.29,88.45,68.07,69.44
67.88,67.88,92.71,70.86,67.01
65.24,65.24,89.64,73.13,68.34
66.36,66.36,90.07,73.53,69.48
65.72,65.72,88.75,74.44,70.86
71.39,71.39,89.13,74.02,69.79
72.47,72.47,85.59,74.88,72.14
72.06,72.06,79.70,74.90,71.83
73.47,73.47,74.68,75.21,69.81
73.97,73.97,74.01,75.39,72.02
74.81,74.81,80.58,75.89,71.55
74.32,74.32,72.95,75.66,72.06
73.97,73.97,66.18,76.15,70.94
67.77,67.77,69.07,76.30,70.40
66.17,66.17,55.61,76.16,71.37
70.31,70.31,65.30,75.84,72.79
72.27,72.27,61.19,75.25,73.00
74.15,74.15,70.06,72.95,73.62
77.04,77.04,81.07,71.88,72.26
77.35,77.35,82.96,70.14,71.43
81.01,81.01,78.57,71.63,70.69
81.99,81.99,75.96,74.56,68.86
83.45,83.45,73.13,74.56,67.29
83.45,83.45,69.61,74.17,71.02
83.72,83.72,63.69,74.73,70.30
83.33,83.33,62.76,74.43,71.84
83.52,83.52,58.45,74.53,70.91
81.86,81.86,54.25,74.58,71.32
82.15,82.15,53.41,74.74,70.47
82.76,82.76,60.14,74.23,70.11
83.20,83.20,58.48,73.83,70.79
80.76,80.76,56.68,74.78,72.49
82.22,82.22,54.72,74.60,72.07
82.42,82.42,51.84,74.86,70.50
81.54,81.54,47.09,74.62,71.19
81.65,81.65,47.29,75.01,71.92
81.62,81.62,47.84,75.09,70.67
82.32,82.32,52.30,75.12,71.37
72.04,72.04,56.05,77.05,71.58
80.34,80.34,59.72,77.22,71.73
85.89,85.89,64.81,76.70,70.70
82.22,82.22,72.00,76.36,72.67
85.37,85.37,74.65,75.74,71.64
84.71,84.71,72.09,75.97,71.89
78.10,78.10,67.77,75.17,70.94
76.17,76.17,66.56,75.90,71.10
74.59,74.59,70.76,75.27,71.91
75.97,75.97,73.25,75.70,71.51
77.82,77.82,70.02,75.66,71.34
81.53,81.53,72.61,75.05,71.48
81.46,81.46,71.21,74.48,68.97
76.05,76.05,67.73,73.77,68.96
74.57,74.57,64.92,74.25,68.46
73.66,73.66,64.55,74.54,68.38
73.73,73.73,62.83,74.95,70.08
72.64,72.64,64.20,74.58,71.60
73.40,73.40,69.19,73.59,71.06
75.36,75.36,80.49,72.69,69.64
78.43,78.43,89.77,69.92,69.96
75.94,75.94,91.52,69.66,70.97
78.06,78.06,89.00,74.74,71.75
77.06,77.06,89.14,77.17,72.35
79.16,79.16,87.80,75.00,71.31
77.66,77.66,87.56,73.43,72.79
76.48,76.48,86.72,74.78,74.09
75.78,75.78,81.23,78.01,74.63
77.18,77.18,73.88,77.64,73.71
79.03,79.03,74.37,76.03,70.84
78.39,78.39,66.14,75.78,71.61
71.45,71.45,72.41,76.71,71.34
72.36,72.36,71.29,77.68,69.80
72.50,72.50,67.53,73.18,69.59
71.18,71.18,64.45,69.13,70.23
72.96,72.96,66.31,67.85,69.24
72.44,72.44,66.77,69.77,70.65
73.32,73.32,74.40,72.45,74.31
69.41,69.41,84.61,73.60,73.61
68.92,68.92,89.94,71.51,72.48
68.89,68.89,92.52,72.36,73.57
69.29,69.29,89.20,72.50,73.86
79.36,79.36,90.65,73.03,72.96
82.95,82.95,87.68,73.71,72.54
82.38,82.38,86.85,73.94,72.77
81.12,81.12,80.24,74.17,74.37
83.17,83.17,77.68,73.55,72.80
76.95,76.95,78.65,73.79,72.14
68.53,68.53,78.47,73.81,72.12
69.99,69.99,79.51,73.58,74.30
75.54,75.54,76.64,74.02,74.40
78.11,78.11,68.00,73.44,72.96
79.29,79.29,64.27,74.96,72.23
80.25,80.25,64.75,74.94,71.97
78.08,78.08,61.57,74.39,72.39
77.29,77.29,52.70,72.80,71.35
71.73,71.73,60.03,71.85,72.91
71.96,71.96,66.18,72.85,74.14
71.25,71.25,76.86,73.07,72.50
71.45,71.45,90.59,75.38,71.18
78.36,78.36,88.47,75.59,70.67
80.35,80.35,85.98,77.03,71.93
79.75,79.75,82.36,76.59,73.29
75.43,75.43,74.97,76.26,73.09
75.10,75.10,69.95,76.23,72.49
77.05,77.05,73.62,77.09,71.88
78.36,78.36,79.22,77.87,71.86
78.42,78.42,75.76,76.45,70.15
80.63,80.63,67.93,77.06,69.28
74.64,74.64,67.04,77.22,71.41
67.78,67.78,67.09,78.31,72.81
67.71,67.71,66.06,79.88,74.57
66.96,66.96,66.40,79.43,74.49
66.06,66.06,67.12,77.25,73.43
61.92,61.92,67.65,75.08,74.07
64.71,64.71,69.42,70.92,73.63
64.27,64.27,86.93,71.59,71.04
67.29,67.29,91.89,73.05,70.52
71.87,71.87,91.14,74.56,69.33
78.74,78.74,87.75,75.66,69.70
83.01,83.01,89.69,75.44,70.24
82.52,82.52,88.31,73.87,70.53
77.75,77.75,87.38,74.53,70.36
76.13,76.13,80.06,74.09,68.39
76.63,76.63,75.21,74.03,69.93
77.78,77.78,77.88,73.99,69.81
77.76,77.76,78.51,74.29,71.91
77.20,77.20,78.69,74.66,70.32
76.81,76.81,71.67,73.70,71.29
76.20,76.20,67.40,74.56,70.27
74.13,74.13,59.31,74.52,70.58
67.67,67.67,61.10,73.02,71.65
65.50,65.50,54.33,72.34,72.89
61.47,61.47,62.82,72.87,70.69
62.77,62.77,67.35,72.63,69.93
69.54,69.54,76.06,61.55,70.06
78.57,78.57,78.75,65.82,71.22
80.69,80.69,79.09,73.37,72.46
78.13,78.13,80.92,75.93,72.33
69.19,69.19,73.06,75.66,71.06
66.46,66.46,73.97,77.72,71.15
63.97,63.97,67.38,76.46,72.51
65.42,65.42,65.14,75.59,74.98
63.17,63.17,62.23,75.48,76.03
62.86,62.86,60.32,75.91,75.49
65.11,65.11,59.05,75.37,75.90
69.52,69.52,60.36,75.75,76.42
69.34,69.34,57.32,76.08,72.49
71.75,71.75,58.49,76.23,72.75
72.93,72.93,67.54,75.19,72.77
71.83,71.83,66.38,75.21,71.03
72.59,72.59,62.91,74.65,72.69
72.93,72.93,58.99,73.21,71.43
73.47,73.47,82.09,73.57,71.09
72.23,72.23,87.92,75.43,69.63
71.54,71.54,91.15,74.21,72.71
72.53,72.53,87.03,71.38,73.54
72.99,72.99,83.14,69.54,74.63
71.38,71.38,75.22,71.53,74.26
77.91,77.91,69.96,73.74,73.29
81.41,81.41,71.53,73.03,70.09
81.57,81.57,78.38,71.60,66.96
81.84,81.84,82.05,72.51,66.91
78.77,78.77,82.36,74.45,66.49
79.09,79.09,85.48,72.99,66.29
77.46,77.46,90.86,72.48,66.59
78.55,78.55,90.44,71.90,68.10
79.83,79.83,86.46,72.70,70.17
78.55,78.55,84.20,76.39,71.26
73.21,73.21,84.99,75.15,72.80
73.35,73.35,75.06,76.33,73.89
73.97,73.97,68.02,76.28,73.39
76.99,76.99,70.44,72.26,72.53
79.28,79.28,75.34,65.95,71.31
78.78,78.78,79.96,70.58,71.67
77.47,77.47,75.17,71.26,69.23
77.85,77.85,79.36,71.90,70.47
81.25,81.25,76.14,73.88,70.93
77.81,77.81,74.60,74.60,70.39
75.48,75.48,74.94,74.47,69.38
79.29,79.29,77.73,74.91,68.61
74.33,74.33,78.30,75.44,68.60
71.81,71.81,82.74,76.07,71.54
67.85,67.85,79.98,75.96,71.15
74.22,74.22,76.79,75.93,69.51
76.92,76.92,75.17,75.17,70.59
75.12,75.12,80.34,77.95,71.33
79.43,79.43,71.90,78.60,71.09
78.10,78.10,80.76,74.93,70.70
76.44,76.44,75.01,70.19,69.74
78.96,78.96,82.75,68.34,68.38
80.34,80.34,85.57,67.28,66.70
80.50,80.50,85.14,64.14,68.24
81.20,81.20,86.18,69.38,74.69
82.84,82.84,84.34,72.53,73.69
83.47,83.47,87.80,71.70,74.06
82.51,82.51,87.52,70.96,73.98
84.38,84.38,82.01,74.73,74.72
83.58,83.58,63.16,76.09,74.79
82.32,82.32,75.80,76.59,76.21
81.18,81.18,78.04,75.22,77.44
78.07,78.07,78.24,77.02,76.81
74.17,74.17,80.05,74.51,77.19
76.14,76.14,77.90,76.16,78.18
76.88,76.88,72.46,73.95,77.27
76.30,76.30,71.97,76.56,76.22
75.36,75.36,67.53,73.23,74.73
75.62,75.62,61.37,74.85,74.04
75.06,75.06,60.99,72.12,73.45
73.96,73.96,59.79,73.84,73.08
75.42,75.42,55.99,73.40,73.16
76.23,76.23,58.01,72.43,75.68
79.06,79.06,64.56,74.31,75.64
82.69,82.69,61.20,70.24,75.41
82.11,82.11,57.07,73.28,74.27
79.16,79.16,53.61,71.68,75.44
73.98,73.98,54.96,73.59,75.47
74.48,74.48,52.40,73.15,75.54
76.56,76.56,51.51,76.70,74.99
74.63,74.63,53.58,76.03,74.78
74.08,74.08,61.04,76.91,75.03
75.22,75.22,63.94,77.27,73.82
72.97,72.97,67.58,76.60,74.22
74.03,74.03,67.96,78.25,75.78
71.62,71.62,68.94,76.34,76.06
72.80,72.80,69.52,78.87,75.87
70.92,70.92,64.10,77.87,76.14
72.14,72.14,77.08,79.22,76.45
72.73,72.73,77.31,78.52,76.16
74.30,74.30,72.28,80.23,74.75
74.35,74.35,83.97,77.45,72.15
74.16,74.16,86.42,78.61,71.96
78.18,78.18,92.26,76.95,69.79
81.39,81.39,89.92,76.60,70.53
80.14,80.14,88.13,75.87,71.29
79.56,79.56,89.67,72.42,71.80
78.14,78.14,88.00,74.41,72.79
77.77,77.77,83.62,75.45,74.97
77.30,77.30,82.10,76.91,75.05
79.67,79.67,70.37,77.17,73.97
76.14,76.14,80.85,77.23,74.48
71.67,71.67,79.29,76.23,76.36
67.74,67.74,74.83,76.94,76.74
66.73,66.73,72.32,76.45,76.11
62.34,62.34,59.50,77.77,76.48
62.03,62.03,69.20,77.97,77.07
62.78,62.78,55.96,76.90,76.05
62.73,62.73,66.34,77.07,75.77
65.41,65.41,64.61,73.09,76.88
64.16,64.16,68.33,74.04,77.00
76.42,76.42,80.56,72.97,76.42
79.59,79.59,83.54,73.58,74.13
80.29,80.29,84.69,73.47,71.42
80.78,80.78,78.98,75.65,72.86
82.38,82.38,71.43,73.95,75.94
82.52,82.52,70.20,76.11,75.90
83.33,83.33,70.48,75.48,75.30
81.59,81.59,67.94,73.49,77.37
78.95,78.95,64.93,75.91,76.01
79.85,79.85,64.23,73.34,75.03
77.25,77.25,59.21,75.45,77.55
79.68,79.68,63.73,72.96,75.58
78.86,78.86,64.21,75.52,75.57
78.00,78.00,62.71,72.72,77.42
76.68,76.68,64.52,76.53,77.16
76.51,76.51,64.73,72.50,76.69
72.55,72.55,64.73,75.82,74.76
71.87,71.87,62.00,73.88,72.87
73.14,73.14,61.45,72.27,73.13
67.52,67.52,64.05,74.98,72.82
68.79,68.79,66.84,73.46,75.12
70.00,70.00,85.18,74.80,73.93
76.97,76.97,90.03,69.79,73.05
77.66,77.66,91.33,71.41,72.82
78.38,78.38,88.20,72.28,74.97
80.98,80.98,84.06,75.44,74.82
81.14,81.14,82.44,70.83,74.78
77.98,77.98,76.54,75.39,75.51
74.32,74.32,73.20,74.51,74.97
74.27,74.27,76.86,75.68,74.97
77.58,77.58,73.11,77.44,74.95
80.37,80.37,67.01,75.17,74.96
78.23,78.23,62.37,76.64,75.96
79.55,79.55,61.82,74.23,75.36
80.99,80.99,61.83,75.56,75.80
79.62,79.62,55.99,72.35,75.53
75.81,75.81,63.89,74.57,74.80
74.89,74.89,79.80,69.48,73.63
73.58,73.58,89.36,69.02,74.06
68.36,68.36,93.24,67.21,71.13
69.44,69.44,90.31,72.55,73.52
70.15,70.15,89.75,74.53,73.63
70.81,70.81,88.35,74.49,74.85
73.99,73.99,87.35,76.66,75.01
75.68,75.68,87.52,73.18,74.09
74.79,74.79,83.39,77.07,75.00
73.94,73.94,79.43,74.77,75.44
72.70,72.70,80.64,78.28,75.63
70.89,70.89,79.33,75.86,75.16
61.54,61.54,73.02,79.17,73.82
58.27,58.27,68.30,77.35,74.74
58.90,58.90,72.37,74.79,74.60
58.72,58.72,68.80,74.85,77.02
64.87,64.87,67.04,76.29,77.81
62.43,62.43,69.65,78.51,75.82
62.97,62.97,68.92,75.68,75.07
64.86,64.86,75.71,75.65,73.53
76.21,76.21,85.90,72.50,72.81
81.63,81.63,91.44,70.27,70.01
82.88,82.88,88.50,71.55,70.41
84.25,84.25,88.27,72.44,69.74
83.34,83.34,90.90,69.09,72.15
77.88,77.88,90.28,75.08,71.13
80.97,80.97,88.63,75.56,71.22
80.09,80.09,81.96,75.43,71.86
79.50,79.50,77.50,77.10,74.81
81.25,81.25,72.53,76.24,73.42
82.15,82.15,78.39,76.94,74.24
78.60,78.60,80.24,75.09,74.78
77.40,77.40,75.80,77.49,73.97
79.72,79.72,69.05,75.02,74.90
77.22,77.22,57.23,78.37,75.35
76.33,76.33,67.96,76.06,74.39
81.91,81.91,67.29,78.16,73.31
74.19,74.19,67.00,76.43,73.52
78.46,78.46,53.54,77.59,74.49
82.62,82.62,59.02,76.67,74.47
82.47,82.47,64.48,77.50,74.45
84.60,84.60,63.22,76.74,73.50
85.79,85.79,69.20,76.35,74.55
82.29,82.29,63.69,77.31,73.95
84.20,84.20,59.93,76.47,74.57
83.34,83.34,59.56,77.90,75.98
83.05,83.05,61.78,74.61,74.79
85.03,85.03,64.18,78.06,75.51
82.52,82.52,71.39,75.62,74.53
82.09,82.09,70.14,76.50,73.22
84.39,84.39,67.62,75.16,74.98
85.19,85.19,69.60,76.81,74.12
84.32,84.32,66.30,75.14,74.10
80.61,80.61,70.25,76.17,74.29
81.20,81.20,63.21,74.50,74.07
83.98,83.98,65.67,74.03,73.75
80.84,80.84,71.33,73.84,72.51
82.38,82.38,84.75,71.34,69.66
81.52,81.52,91.33,69.24,70.53
82.21,82.21,90.86,69.49,69.50
80.27,80.27,89.48,71.32,71.43
84.71,84.71,85.22,69.60,73.15
85.31,85.31,84.60,73.12,72.08
88.32,88.32,86.31,71.17,71.27
87.82,87.82,78.90,74.84,71.20
83.50,83.50,69.18,73.24,70.61
86.19,86.19,79.00,73.17,70.69
87.91,87.91,77.42,74.38,71.89
81.13,81.13,78.17,72.62,72.15
85.12,85.12,76.67,75.73,73.01
86.21,86.21,70.83,73.31,73.92
80.15,80.15,62.70,75.30,74.53
82.96,82.96,68.76,73.73,75.06
83.51,83.51,55.51,75.09,72.90
82.44,82.44,67.51,73.11,73.33
82.30,82.30,68.47,75.98,71.49
75.24,75.24,76.27,72.72,72.80
74.10,74.10,79.86,76.18,72.62
75.28,75.28,82.74,76.77,73.43
73.80,73.80,85.20,75.56,74.14
74.92,74.92,74.16,74.84,75.13
78.23,78.23,74.66,74.56,74.63
77.47,77.47,70.06,74.67,74.53
74.38,74.38,66.41,73.88,74.97
76.04,76.04,73.76,76.07,74.94
78.52,78.52,74.28,73.17,76.05
79.25,79.25,74.75,75.00,75.31
77.96,77.96,70.65,72.84,73.69
76.33,76.33,64.06,74.92,73.64
75.24,75.24,62.51,74.23,74.61
72.87,72.87,58.28,73.63,74.16
71.37,71.37,54.54,76.31,74.59
68.84,68.84,57.85,73.68,73.61
65.93,65.93,58.92,74.87,74.10
63.91,63.91,66.44,73.34,72.41
63.29,63.29,68.54,73.10,71.14
71.22,71.22,86.92,71.73,70.48
81.54,81.54,92.63,73.95,69.91
82.16,82.16,88.79,67.09,69.77
80.41,80.41,89.68,72.71,69.28
80.26,80.26,89.68,72.28,71.43
82.60,82.60,89.36,68.76,73.16
83.16,83.16,85.42,73.87,72.80
80.13,80.13,62.79,73.96,74.12
82.24,82.24,83.76,74.56,74.17
80.07,80.07,83.23,72.12,73.89
79.27,79.27,76.70,70.91,73.30
80.92,80.92,85.88,72.02,72.37
81.15,81.15,78.39,70.39,73.61
79.96,79.96,74.82,71.94,74.71
80.41,80.41,74.32,70.52,75.19
78.90,78.90,69.67,64.87,75.04
76.56,76.56,79.78,72.53,75.58
81.30,81.30,80.07,68.21,75.12
80.48,80.48,81.37,62.69,74.91
82.74,82.74,78.75,63.25,75.11
84.46,84.46,86.85,60.12,73.36
80.48,80.48,89.71,61.62,73.43
78.33,78.33,92.30,62.62,72.23
78.70,78.70,88.12,64.43,73.65
79.89,79.89,87.79,71.98,74.66
80.13,80.13,86.08,70.41,74.29
80.09,80.09,83.82,72.14,73.73
78.54,78.54,78.23,67.30,73.50
77.64,77.64,80.84,69.02,74.33
77.99,77.99,78.92,68.31,73.93
65.99,65.99,85.39,69.04,74.31
62.70,62.70,75.15,67.28,74.35
62.05,62.05,73.27,68.64,74.26
54.35,54.35,70.34,65.25,74.20
54.59,54.59,73.29,58.53,75.46
60.67,60.67,75.74,57.52,73.43
67.11,67.11,86.83,60.98,72.11
75.98,75.98,88.55,69.30,73.01
82.28,82.28,86.92,72.97,73.70
83.57,83.57,87.15,74.86,72.67
83.30,83.30,89.57,73.24,71.68
82.11,82.11,89.97,74.79,71.09
82.77,82.77,87.15,73.92,72.94
84.08,84.08,82.94,76.41,72.72
82.41,82.41,80.37,75.15,73.18
83.81,83.81,83.17,77.75,72.77
83.12,83.12,82.11,75.43,75.18
83.00,83.00,82.26,76.85,73.64
82.73,82.73,76.87,77.83,74.08
80.38,80.38,73.00,76.47,74.70
79.07,79.07,63.12,79.42,74.44
80.35,80.35,72.35,76.38,76.00
81.99,81.99,69.39,78.37,76.81
79.00,79.00,65.86,76.53,74.40
78.51,78.51,66.05,78.19,74.27
79.36,79.36,65.60,75.48,75.09
79.56,79.56,61.07,78.57,73.24
79.85,79.85,57.25,77.63,74.02
76.68,76.68,58.17,78.35,73.93
76.87,76.87,60.68,77.10,74.94
76.15,76.15,58.36,76.64,74.92
74.48,74.48,56.17,78.18,73.42
74.18,74.18,56.34,77.10,73.81
72.08,72.08,52.14,77.78,73.21
72.41,72.41,51.77,77.73,74.68
75.41,75.41,49.84,77.02,75.18
76.45,76.45,53.86,74.56,73.98
76.84,76.84,51.18,78.71,74.72
75.95,75.95,46.60,76.16,73.64
74.13,74.13,47.87,79.84,73.33
72.00,72.00,48.08,78.57,72.06
72.04,72.04,47.90,78.42,72.65
72.66,72.66,48.06,80.21,72.35
76.18,76.18,48.41,78.34,73.47
77.04,77.04,50.98,79.22,72.68
75.68,75.68,53.94,77.56,73.93
75.24,75.24,61.83,79.11,71.96
76.36,76.36,60.20,77.82,72.35
75.13,75.13,57.19,79.79,72.24
74.70,74.70,54.18,77.36,73.44
75.55,75.55,52.29,76.96,73.89
76.10,76.10,54.40,75.97,72.74
77.57,77.57,53.33,74.22,72.59
76.68,76.68,49.41,74.91,72.93
78.29,78.29,45.15,70.18,73.37
76.49,76.49,42.16,73.09,74.59
71.98,71.98,44.21,71.83,73.38
54.38,54.38,43.16,72.67,73.75
59.02,59.02,42.80,71.57,72.88
60.63,60.63,44.41,74.18,73.57
57.47,57.47,44.03,71.92,72.52
63.76,63.76,43.70,75.52,72.52
69.63,69.63,50.76,71.58,72.15
74.99,74.99,57.31,74.39,71.42
83.03,83.03,72.84,73.55,70.14
82.05,82.05,82.32,69.75,66.89
80.62,80.62,80.14,71.91,65.44
78.60,78.60,85.84,72.45,66.58
80.38,80.38,85.99,75.43,67.82
77.06,77.06,75.91,74.69,71.18
76.12,76.12,73.78,76.95,72.39
77.04,77.04,71.17,73.96,71.72
76.71,76.71,67.06,77.62,72.46
77.62,77.62,64.29,75.23,71.29
76.61,76.61,62.14,77.36,73.14
73.91,73.91,61.13,76.11,74.34
74.24,74.24,66.54,75.90,74.12
69.06,69.06,65.42,76.53,75.22
64.26,64.26,61.98,74.99,75.28
62.17,62.17,59.49,76.98,75.72
60.74,60.74,61.21,75.95,76.00
64.41,64.41,62.77,77.88,78.07
72.77,72.77,61.86,76.23,79.05
83.30,83.30,59.10,79.01,77.40
81.57,81.57,57.54,76.88,73.13
79.16,79.16,58.29,77.99,73.53
81.89,81.89,57.83,78.03,75.39
80.03,80.03,58.82,77.24,75.97
77.91,77.91,58.15,79.16,74.45
78.54,78.54,54.11,76.03,73.85
77.33,77.33,55.80,76.28,75.71
80.43,80.43,58.19,73.80,73.27
79.84,79.84,68.57,75.95,74.61
78.50,78.50,70.97,72.80,73.62
77.40,77.40,73.73,78.13,72.47
76.29,76.29,73.61,76.55,73.19
76.61,76.61,73.25,79.12,72.44
75.57,75.57,70.00,78.85,74.79
67.45,67.45,61.11,80.29,73.27
66.22,66.22,58.98,81.63,74.27
63.65,63.65,56.17,79.39,73.70
65.13,65.13,62.13,79.84,72.75
65.71,65.71,61.69,76.60,74.21
61.67,61.67,68.92,75.27,73.02
57.01,57.01,84.34,71.74,73.93
57.96,57.96,90.44,70.35,71.83
60.93,60.93,93.58,67.20,71.13
66.02,66.02,87.86,67.83,74.52
66.10,66.10,88.99,68.38,74.87
65.54,65.54,90.59,69.77,71.60
65.42,65.42,90.04,74.74,73.13
65.11,65.11,83.42,74.50,75.00
61.97,61.97,81.85,75.68,74.64
56.24,56.24,72.17,74.96,72.46
53.20,53.20,76.40,76.51,72.70
57.47,57.47,76.56,74.12,73.44
51.11,51.11,60.91,77.15,73.76
50.49,50.49,69.79,74.71,72.91
54.75,54.75,67.16,78.08,74.80
62.03,62.03,73.07,75.50,73.30
66.38,66.38,70.69,76.56,73.15
66.25,66.25,69.62,75.32,70.31
74.33,74.33,73.79,73.52,69.61
80.76,80.76,88.70,75.18,69.51
81.71,81.71,88.80,74.02,70.29
79.58,79.58,88.87,72.86,70.70
79.02,79.02,90.24,71.53,71.24
80.45,80.45,88.05,75.33,69.46
78.92,78.92,91.23,72.00,69.69
82.59,82.59,87.81,74.37,70.74
76.35,76.35,84.25,73.38,71.71
78.66,78.66,72.07,75.39,72.17
77.66,77.66,79.90,75.74,74.53
73.93,73.93,75.88,76.71,73.73
74.17,74.17,80.08,78.05,74.00
76.36,76.36,74.13,77.82,73.20
77.70,77.70,66.90,78.14,74.09
79.18,79.18,65.34,76.28,73.06
78.21,78.21,60.38,78.44,73.71
78.99,78.99,59.64,75.68,74.15
78.47,78.47,68.26,79.00,73.65
78.90,78.90,63.52,75.32,72.52
80.06,80.06,63.82,77.32,72.41
81.06,81.06,58.74,75.87,73.59
78.82,78.82,65.01,77.82,72.39
79.11,79.11,60.68,75.87,72.75
81.89,81.89,56.41,78.00,73.93
82.98,82.98,58.02,75.92,72.68
83.86,83.86,60.50,76.06,71.96
82.38,82.38,58.26,76.84,71.27
81.06,81.06,67.12,74.79,74.25
82.67,82.67,64.78,77.80,74.22
83.39,83.39,72.96,73.33,73.77
87.20,87.20,73.90,75.84,73.97
83.44,83.44,69.53,74.27,73.66
81.52,81.52,65.53,75.48,72.38
80.27,80.27,67.49,74.28,72.41
78.94,78.94,65.92,76.38,72.30
79.85,79.85,67.11,73.65,72.69
79.73,79.73,70.44,75.35,72.93
77.47,77.47,68.20,73.23,71.37
77.21,77.21,87.95,72.37,71.45
80.37,80.37,92.08,70.53,70.45
84.46,84.46,87.99,73.64,69.44
84.59,84.59,89.63,73.16,70.02
81.81,81.81,88.52,71.92,71.34
82.38,82.38,90.13,73.68,71.11
85.28,85.28,87.64,71.02,72.03
85.50,85.50,80.65,75.78,70.83
77.09,77.09,76.58,73.52,71.53
81.21,81.21,79.25,74.42,72.09
83.24,83.24,77.58,74.37,72.57
82.12,82.12,79.12,75.76,74.55
74.09,74.09,71.02,75.89,75.31
71.04,71.04,70.12,74.78,74.62
68.76,68.76,63.75,77.21,74.94
67.98,67.98,64.69,73.10,73.62
65.00,65.00,61.66,75.28,72.09
64.08,64.08,69.75,74.05,72.59
65.51,65.51,81.41,75.11,72.18
71.05,71.05,84.35,74.28,70.36
69.45,69.45,84.06,74.23,73.08
73.72,73.72,79.65,73.67,73.23
76.02,76.02,72.74,74.36,73.43
78.81,78.81,73.33,74.33,73.46
77.20,77.20,69.55,73.78,75.74
78.95,78.95,63.31,75.77,76.27
79.53,79.53,64.02,73.29,74.69
80.68,80.68,64.23,74.47,73.07
82.51,82.51,64.13,72.79,73.46
81.24,81.24,61.19,76.05,72.64
84.20,84.20,62.00,72.79,72.27
81.37,81.37,60.96,76.58,72.61
82.36,82.36,60.74,72.49,73.22
79.96,79.96,60.16,75.45,73.33
85.08,85.08,59.85,75.78,72.72
80.53,80.53,60.82,72.25,73.01
81.75,81.75,67.95,74.59,70.95
85.72,85.72,80.10,73.62,69.07
84.41,84.41,84.50,74.78,68.65
80.83,80.83,82.83,73.95,70.92
81.30,81.30,83.79,74.89,70.82
85.58,85.58,85.40,70.68,69.03
84.54,84.54,82.92,73.11,70.60
81.72,81.72,84.77,76.44,70.05
81.96,81.96,85.03,76.61,70.28
85.17,85.17,79.60,77.23,74.22
82.57,82.57,77.94,75.14,72.68
83.46,83.46,73.41,76.28,72.44
81.71,81.71,66.52,73.85,72.93
81.57,81.57,75.84,72.43,72.79
81.79,81.79,83.44,71.33,72.39
82.32,82.32,77.96,73.30,71.77
81.74,81.74,78.42,71.24,72.56
83.08,83.08,75.21,73.72,73.26
81.51,81.51,68.83,66.08,73.33
79.33,79.33,78.07,68.53,71.50
77.33,77.33,81.14,67.87,68.07
75.93,75.93,84.31,71.18,68.24
76.25,76.25,81.02,67.24,68.88
79.08,79.08,77.75,72.72,70.85
79.62,79.62,72.91,63.15,72.32
80.87,80.87,71.65,72.94,70.53
80.03,80.03,74.88,70.60,68.71
81.37,81.37,83.21,74.77,69.24
78.74,78.74,79.57,76.13,70.85
75.00,75.00,77.57,73.08,71.40
68.69,68.69,72.68,72.98,72.93
66.49,66.49,73.30,73.23,71.95
63.60,63.60,78.99,66.09,73.07
63.56,63.56,83.29,73.18,73.17
60.18,60.18,77.84,73.78,74.15
61.92,61.92,77.94,70.22,72.53
65.19,65.19,73.60,70.69,72.95
63.51,63.51,71.21,74.05,72.98
65.77,65.77,71.45,73.89,72.62
63.16,63.16,78.85,70.69,72.06
68.74,68.74,80.37,74.47,71.84
72.67,72.67,86.76,74.35,71.65
74.85,74.85,91.61,75.90,71.19
85.14,85.14,86.55,76.56,72.05
83.92,83.92,88.19,74.01,72.38
80.91,80.91,90.42,73.50,71.71
80.48,80.48,86.57,75.71,71.95
81.89,81.89,88.67,74.76,72.00
83.43,83.43,81.61,73.93,73.69
82.39,82.39,82.26,72.22,73.58
81.95,81.95,83.67,72.38,73.89
81.30,81.30,81.24,71.01,73.27
81.63,81.63,80.03,70.81,73.40
81.70,81.70,73.52,70.73,73.49
83.70,83.70,67.48,73.19,72.76
83.26,83.26,63.11,74.36,72.16
78.91,78.91,66.74,74.94,72.13
79.64,79.64,71.26,74.31,73.64
71.59,71.59,70.86,73.88,72.38
69.91,69.91,71.04,75.74,73.29
73.27,73.27,65.12,75.51,73.38
84.08,84.08,63.92,74.24,72.67
84.73,84.73,61.72,74.15,72.30
83.14,83.14,61.89,74.91,73.85
79.88,79.88,55.33,74.11,73.08
72.74,72.74,56.88,75.27,72.72
71.34,71.34,53.73,74.68,73.65
74.30,74.30,53.49,73.22,74.79
72.86,72.86,54.71,73.26,75.61
72.02,72.02,54.65,73.36,75.71
73.05,73.05,52.53,73.50,74.87
74.21,74.21,51.47,71.94,73.59
72.97,72.97,51.47,72.08,74.15
70.64,70.64,50.77,73.02,73.52
66.62,66.62,48.05,74.20,73.99
68.50,68.50,45.20,70.12,74.02
70.23,70.23,46.70,72.46,75.80
72.21,72.21,49.10,73.47,75.18
74.06,74.06,55.51,72.04,73.97
76.34,76.34,61.04,70.27,72.61
78.32,78.32,58.74,71.49,72.59
76.24,76.24,56.42,71.67,72.72
73.98,73.98,53.13,73.40,73.72
71.26,71.26,50.60,72.83,72.80
70.76,70.76,48.82,73.39,72.58
70.90,70.90,46.79,74.40,70.90
71.24,71.24,45.93,74.08,69.85
70.56,70.56,46.54,74.09,71.97
72.00,72.00,49.05,73.50,73.54
68.54,68.54,49.28,73.91,74.43
67.51,67.51,48.81,74.21,75.39
72.01,72.01,49.82,74.28,73.00
72.88,72.88,51.47,74.01,72.31
67.58,67.58,49.92,73.41,72.73
69.85,69.85,49.29,73.55,71.98
71.46,71.46,48.44,73.13,71.41
74.34,74.34,47.92,73.29,73.84
72.63,72.63,59.39,72.95,72.44
67.51,67.51,68.29,69.32,71.89
73.60,73.60,78.67,64.25,73.74
80.32,80.32,81.23,65.68,72.95
82.76,82.76,82.74,69.43,71.29
83.72,83.72,83.76,71.03,72.02
84.05,84.05,77.47,72.14,70.66
83.71,83.71,70.92,70.88,70.71
84.55,84.55,63.84,71.37,72.71
84.87,84.87,64.01,72.65,73.49
83.71,83.71,61.86,72.57,73.17
83.11,83.11,57.44,72.75,73.72
82.28,82.28,57.34,73.28,73.57
71.97,71.97,53.61,74.39,74.19
63.83,63.83,50.10,74.92,74.66
60.59,60.59,50.66,74.94,74.58
58.19,58.19,47.64,73.97,74.38
60.07,60.07,48.21,74.02,73.79
62.55,62.55,47.30,74.80,72.15
63.16,63.16,48.57,75.06,72.55
66.32,66.32,51.01,74.60,71.30
67.85,67.85,52.30,74.44,70.37
70.00,70.00,55.50,74.38,72.48
72.35,72.35,59.16,73.97,74.38
70.16,70.16,60.20,74.14,73.29
70.68,70.68,61.73,74.42,72.76
67.27,67.27,57.73,74.78,73.35
67.23,67.23,54.36,75.10,72.18
66.34,66.34,44.83,73.96,73.14
68.12,68.12,47.83,73.95,73.40
68.76,68.76,58.97,74.06,71.59
71.68,71.68,60.83,72.48,71.10
71.49,71.49,59.18,72.50,70.01
71.81,71.81,53.32,73.50,71.43
72.25,72.25,57.97,72.97,69.86
70.21,70.21,63.78,73.65,71.17
67.33,67.33,62.54,75.60,72.70
70.24,70.24,54.41,75.19,73.11
76.38,76.38,53.79,74.50,74.35
75.79,75.79,60.58,73.62,74.67
76.40,76.40,68.72,72.78,74.82
80.23,80.23,87.10,72.75,75.10
82.21,82.21,92.73,71.64,74.20
82.62,82.62,89.86,72.89,73.83
81.95,81.95,87.56,74.45,73.40
77.13,77.13,90.39,74.02,73.89
75.95,75.95,88.82,73.06,74.05
77.98,77.98,88.57,74.00,73.73
80.57,80.57,79.94,74.37,74.27
82.32,82.32,74.54,73.14,74.35
81.82,81.82,80.14,71.11,75.22
81.43,81.43,81.27,72.04,75.53
83.15,83.15,75.18,72.90,76.78
83.93,83.93,73.57,70.50,76.11
79.90,79.90,70.20,71.74,75.89
74.15,74.15,65.28,73.34,75.73
73.62,73.62,66.11,72.31,75.90
72.19,72.19,60.64,71.83,75.26
70.09,70.09,60.77,71.49,75.41
75.00,75.00,59.82,70.45,72.72
76.92,76.92,66.49,70.60,72.22
79.91,79.91,82.67,72.21,72.73
75.80,75.80,86.85,71.01,69.81
75.96,75.96,93.19,67.37,68.72
75.06,75.06,91.05,68.33,69.82
76.25,76.25,89.29,70.93,71.06
78.06,78.06,87.85,68.29,71.94
78.80,78.80,87.38,68.36,71.46
81.02,81.02,84.51,69.14,71.96
84.87,84.87,79.19,70.54,71.40
84.27,84.27,71.85,71.07,72.42
77.67,77.67,78.33,72.29,71.53
77.95,77.95,80.02,71.49,70.57
83.89,83.89,72.69,71.00,72.82
85.94,85.94,61.21,71.65,72.87
86.04,86.04,62.92,72.14,72.38
85.16,85.16,64.40,73.32,72.89
80.49,80.49,64.07,73.56,72.93
87.02,87.02,63.86,72.64,72.86
88.31,88.31,63.72,72.08,70.84
86.42,86.42,63.05,72.07,70.36
84.83,84.83,68.84,71.37,70.86
82.05,82.05,67.89,72.54,71.68
85.23,85.23,58.28,73.29,72.97
84.58,84.58,50.96,72.35,72.71
81.63,81.63,52.90,72.09,71.79
83.34,83.34,52.06,72.65,72.16
81.97,81.97,54.55,73.27,72.43
80.87,80.87,61.83,72.48,72.40
81.64,81.64,65.74,72.51,72.49
78.95,78.95,62.11,72.89,72.79
75.19,75.19,58.02,73.20,72.75
74.96,74.96,62.08,73.52,72.05
76.59,76.59,68.13,72.19,72.68
74.68,74.68,63.23,71.06,72.84
71.96,71.96,59.81,73.96,72.60
77.52,77.52,60.62,73.88,72.70
78.52,78.52,66.19,72.67,72.25
77.76,77.76,72.49,70.42,71.96
78.44,78.44,87.32,70.88,71.22
76.56,76.56,89.26,68.70,70.89
75.53,75.53,91.77,67.79,70.88
72.75,72.75,89.01,70.53,71.02
75.60,75.60,90.48,72.54,70.02
74.85,74.85,88.06,70.46,70.89
73.69,73.69,88.55,69.82,71.60
74.89,74.89,82.74,73.06,72.59
71.90,71.90,73.74,73.92,72.50
71.62,71.62,78.64,73.87,72.47
74.04,74.04,74.14,73.93,73.01
67.66,67.66,81.00,72.59,73.12
67.20,67.20,73.32,72.50,71.99
64.42,64.42,68.61,73.24,72.66
64.81,64.81,57.63,73.52,73.20
67.11,67.11,65.66,72.48,71.99
75.08,75.08,61.00,73.08,71.76
80.37,80.37,64.54,72.85,72.43
81.54,81.54,72.04,70.61,71.25
79.79,79.79,78.39,70.37,70.51
82.43,82.43,81.31,69.81,68.08
80.48,80.48,84.47,69.48,67.84
81.07,81.07,78.86,67.91,67.31
81.55,81.55,73.60,68.59,69.91
82.49,82.49,71.32,71.03,68.67
83.36,83.36,65.80,72.00,69.67
84.36,84.36,60.78,71.14,66.59
81.73,81.73,62.68,69.66,66.28
81.91,81.91,58.05,68.84,68.94
81.39,81.39,64.74,70.02,71.32
80.48,80.48,63.57,71.92,72.46
81.92,81.92,63.24,71.13,72.42
81.77,81.77,70.27,71.61,71.34
81.40,81.40,70.61,71.56,71.30
79.33,79.33,75.11,72.28,70.76
77.41,77.41,69.87,72.38,68.71
75.89,75.89,68.88,63.46,68.83
80.85,80.85,76.88,74.39,68.28
83.53,83.53,79.33,75.43,67.18
83.93,83.93,88.36,72.97,68.43
83.28,83.28,91.98,72.44,68.05
82.69,82.69,88.33,74.37,67.98
82.06,82.06,88.57,76.20,68.30
80.85,80.85,89.96,74.90,68.03
76.73,76.73,87.98,75.28,68.91
78.54,78.54,85.71,77.13,69.62
79.56,79.56,84.80,77.49,69.54
75.33,75.33,75.37,74.15,69.06
65.20,65.20,74.84,73.15,68.26
63.94,63.94,76.98,74.41,68.67
69.69,69.69,74.94,73.93,69.73
71.71,71.71,75.62,74.20,68.12
73.38,73.38,77.78,75.36,70.42
72.48,72.48,72.44,75.28,71.52
71.07,71.07,73.37,75.01,71.41
64.63,64.63,68.39,74.25,70.85
62.10,62.10,82.89,72.37,71.58
58.75,58.75,86.30,73.90,70.30
60.42,60.42,93.72,71.71,67.42
64.44,64.44,90.68,72.13,69.94
70.06,70.06,89.77,72.75,70.88
63.01,63.01,89.95,75.36,71.03
63.75,63.75,87.21,77.11,72.01
66.59,66.59,81.68,74.51,71.88
68.20,68.20,76.69,76.90,72.46
71.37,71.37,75.83,74.69,71.21
69.64,69.64,79.52,76.14,74.23
70.14,70.14,77.71,74.01,71.25
71.31,71.31,70.46,76.23,73.34
72.27,72.27,76.34,75.52,71.81
72.36,72.36,77.96,74.86,71.26
70.15,70.15,76.29,74.66,70.19
72.82,72.82,70.81,75.86,68.10
74.81,74.81,65.16,75.53,68.62
77.67,77.67,63.26,74.13,68.89
77.90,77.90,69.76,75.70,68.12
77.92,77.92,86.05,76.20,67.59
79.48,79.48,89.68,74.12,67.18
78.01,78.01,92.73,71.13,68.91
79.56,79.56,89.75,73.09,68.89
83.04,83.04,90.73,75.93,68.30
81.56,81.56,86.93,76.68,68.80
82.70,82.70,79.75,75.98,69.03
82.80,82.80,80.75,75.65,69.45
82.29,82.29,83.98,74.11,69.35
84.41,84.41,78.11,75.18,67.87
82.50,82.50,76.53,73.69,69.10
85.24,85.24,78.25,74.38,70.29
82.51,82.51,73.54,74.54,71.19
83.44,83.44,71.50,71.92,69.49
81.09,81.09,70.28,75.65,69.14
81.94,81.94,69.78,76.10,69.30
82.39,82.39,71.05,75.71,69.65
81.08,81.08,67.52,75.77,70.41
83.51,83.51,74.00,76.00,71.29
81.61,81.61,64.68,75.07,72.15
81.35,81.35,71.50,74.86,72.48
81.12,81.12,69.47,74.91,72.43
82.96,82.96,66.21,74.75,72.05
81.32,81.32,62.23,74.51,71.44
81.21,81.21,68.69,72.14,71.53
81.35,81.35,67.54,70.56,72.92
80.62,80.62,68.61,72.59,72.18
80.45,80.45,70.47,74.53,72.53
80.69,80.69,67.86,74.44,71.47
80.87,80.87,64.64,74.77,70.77
80.77,80.77,66.95,74.52,70.42
79.36,79.36,75.43,75.35,70.23
79.85,79.85,71.95,74.94,70.83
79.30,79.30,73.24,74.19,71.45
78.11,78.11,75.30,74.26,71.30
78.12,78.12,68.87,76.25,71.34
77.13,77.13,69.20,76.54,72.08
77.49,77.49,65.30,75.45,69.52
77.51,77.51,67.99,72.96,69.93
77.43,77.43,75.81,70.69,68.92
78.25,78.25,89.87,71.15,70.56
80.37,80.37,89.79,70.94,68.51
81.48,81.48,90.24,71.96,67.13
77.84,77.84,89.88,73.74,68.97
75.70,75.70,87.43,72.86,70.16
76.87,76.87,86.95,71.62,69.65
76.53,76.53,89.56,73.23,70.94
77.09,77.09,83.71,75.40,72.26
78.98,78.98,75.45,76.10,70.15
76.81,76.81,79.50,73.99,72.24
77.10,77.10,77.60,74.47,72.44
76.96,76.96,79.93,75.46,73.01
77.55,77.55,72.60,72.45,72.07
77.92,77.92,73.41,75.25,71.58
78.69,78.69,69.25,75.10,72.14
75.46,75.46,66.61,75.26,72.41
76.03,76.03,68.75,74.54,70.77
74.28,74.28,71.08,72.24,70.73
75.44,75.44,76.37,69.07,72.16
77.05,77.05,82.00,69.31,73.33
76.01,76.01,82.02,70.55,70.56
77.07,77.07,79.95,75.44,70.56
76.40,76.40,75.89,70.85,70.82
78.77,78.77,70.23,73.94,71.67
79.22,79.22,69.52,74.97,71.34
79.65,79.65,64.78,77.02,71.43
80.34,80.34,63.58,76.12,71.56
80.70,80.70,59.28,77.07,72.49
79.35,79.35,57.54,76.67,71.62
79.91,79.91,57.72,76.98,71.70
80.04,80.04,60.01,75.10,72.11
79.21,79.21,58.11,73.92,72.03
79.78,79.78,55.44,79.45,72.85
77.30,77.30,54.90,77.91,71.35
77.57,77.57,56.02,76.17,72.29
77.34,77.34,54.80,75.12,73.27
81.89,81.89,55.61,77.58,72.48
85.24,85.24,55.84,75.55,72.98
85.31,85.31,56.11,77.45,72.52
84.80,84.80,59.12,76.38,74.25
85.97,85.97,61.84,75.72,73.91
84.10,84.10,67.43,76.92,74.77
83.57,83.57,72.65,75.91,73.27
84.98,84.98,74.87,76.21,73.00
80.79,80.79,69.27,75.88,73.33
77.89,77.89,65.67,75.83,71.30
79.77,79.77,71.89,75.97,72.21
78.98,78.98,72.92,75.12,71.74
79.13,79.13,68.60,74.27,71.93
80.46,80.46,72.50,76.40,73.81
80.30,80.30,73.14,73.55,73.34
79.24,79.24,69.04,76.04,74.03
78.63,78.63,65.78,75.31,72.50
78.60,78.60,64.61,73.55,72.01
76.64,76.64,63.19,74.98,71.63
77.36,77.36,64.51,75.10,71.57
78.53,78.53,63.88,72.98,70.22
78.85,78.85,75.91,70.28,69.85
78.04,78.04,86.66,69.90,68.69
78.70,78.70,91.36,67.89,68.17
78.86,78.86,87.59,68.28,70.08
79.68,79.68,89.36,71.68,69.79
82.68,82.68,88.13,72.00,70.17
81.70,81.70,90.49,74.50,70.70
82.02,82.02,87.50,76.16,71.91
84.00,84.00,81.09,72.82,71.70
85.71,85.71,74.39,71.77,71.11
84.64,84.64,78.76,72.31,71.03
85.51,85.51,65.30,72.75,70.86
85.29,85.29,75.21,76.08,71.87
81.49,81.49,73.05,76.56,70.89
80.31,80.31,63.21,75.73,71.68
81.70,81.70,66.30,73.01,70.22
80.66,80.66,66.78,71.30,72.20
79.20,79.20,62.53,66.28,70.78
77.68,77.68,70.22,68.23,71.21
77.09,77.09,82.42,74.39,72.72
74.45,74.45,88.49,72.84,72.97
79.50,79.50,89.39,73.39,73.22
79.16,79.16,90.67,73.59,73.15
78.53,78.53,89.66,72.29,73.63
83.60,83.60,86.33,71.41,74.38
82.61,82.61,86.81,72.51,74.18
79.16,79.16,84.37,72.74,73.70
81.69,81.69,78.87,74.02,74.44
77.15,77.15,75.46,75.84,74.18
78.37,78.37,83.21,75.44,75.30
78.09,78.09,79.59,74.61,76.25
76.11,76.11,75.64,75.67,76.23
78.75,78.75,70.93,74.74,75.08
78.58,78.58,64.89,74.04,74.00
81.06,81.06,66.02,76.41,74.66
79.49,79.49,61.93,75.78,74.75
76.12,76.12,57.36,74.61,74.57
76.01,76.01,62.95,74.96,73.76
72.35,72.35,61.61,77.71,75.84
75.73,75.73,69.32,74.78,74.90
75.80,75.80,85.78,72.47,73.58
75.04,75.04,92.02,73.75,72.41
79.79,79.79,89.76,73.55,72.07
80.67,80.67,83.94,73.34,73.07
82.85,82.85,77.35,75.78,74.25
81.96,81.96,72.68,75.10,73.76
80.26,80.26,70.80,75.48,74.65
77.65,77.65,77.46,75.11,73.54
72.98,72.98,77.58,76.58,74.61
71.79,71.79,72.25,74.94,73.75
71.59,71.59,69.69,73.82,75.39
74.43,74.43,65.28,75.88,75.17
76.82,76.82,66.91,74.81,75.63
77.63,77.63,69.26,72.95,74.55
79.55,79.55,65.54,75.44,74.39
77.11,77.11,66.38,73.79,75.30
77.01,77.01,73.76,72.53,75.06
73.28,73.28,81.38,75.84,74.00
74.40,74.40,86.35,75.81,72.40
72.21,72.21,92.77,74.35,71.25
74.28,74.28,90.98,75.16,70.40
79.20,79.20,89.18,74.88,71.50
81.83,81.83,86.56,74.53,71.30
78.57,78.57,86.64,72.83,71.93
74.39,74.39,85.57,73.97,73.06
71.59,71.59,77.70,75.94,72.50
72.76,72.76,75.04,74.32,74.60
74.04,74.04,82.11,74.44,74.94
76.08,76.08,80.17,75.37,74.60
77.94,77.94,74.24,75.67,74.06
78.84,78.84,68.64,73.46,72.82
78.67,78.67,60.60,74.88,73.48
78.68,78.68,60.12,76.14,73.27
76.29,76.29,54.46,73.11,73.99
77.19,77.19,56.95,73.85,72.15
75.69,75.69,64.96,76.03,71.63
78.26,78.26,72.63,75.04,72.43
78.81,78.81,78.57,75.60,71.07
80.96,80.96,80.68,74.45,70.55
81.62,81.62,79.70,74.82,72.08
80.68,80.68,73.48,73.56,72.29
81.08,81.08,73.16,72.99,72.13
82.50,82.50,68.22,75.57,72.46
83.46,83.46,61.69,73.27,73.13
83.27,83.27,63.22,74.29,74.71
84.36,84.36,61.83,75.60,73.15
84.45,84.45,59.81,74.93,72.48
83.57,83.57,59.72,73.68,72.39
73.65,73.65,56.15,74.33,71.26
69.59,69.59,59.23,75.91,73.09
73.86,73.86,64.38,73.30,73.24
77.23,77.23,72.45,75.21,73.57
75.47,75.47,67.25,75.54,72.14
72.77,72.77,71.49,73.78,72.46
73.93,73.93,75.22,72.59,72.13
76.33,76.33,89.04,75.42,71.89
80.73,80.73,87.76,71.81,70.20
79.74,79.74,89.11,74.92,72.80
80.87,80.87,82.87,71.06,71.71
75.90,75.90,81.24,74.61,73.23
74.32,74.32,74.73,72.45,74.29
74.47,74.47,69.01,72.99,74.86
76.26,76.26,78.24,75.49,75.42
76.64,76.64,81.13,74.71,75.01
79.78,79.78,84.14,73.60,75.41
76.36,76.36,84.06,74.71,75.01
74.27,74.27,85.81,72.64,75.20
74.04,74.04,91.52,74.78,74.58
75.20,75.20,87.97,75.17,72.39
77.60,77.60,83.76,75.10,70.89
76.95,76.95,86.63,73.06,69.88
77.83,77.83,82.53,74.59,70.19
74.00,74.00,70.51,76.90,70.40
74.78,74.78,70.63,76.94,70.13
76.14,76.14,74.29,77.45,70.68
81.88,81.88,82.55,74.77,72.72
80.63,80.63,77.95,73.84,72.48
82.76,82.76,81.95,74.61,71.37
83.86,83.86,73.50,73.32,69.58
84.44,84.44,73.73,75.77,68.98
85.09,85.09,69.06,73.68,67.53
83.57,83.57,78.54,73.11,67.62
84.98,84.98,78.08,72.89,64.23
83.18,83.18,79.91,74.60,67.17
81.89,81.89,80.89,76.74,69.02
74.68,74.68,76.54,75.63,72.37
73.08,73.08,65.34,76.78,72.90
72.13,72.13,80.35,76.49,72.18
72.08,72.08,79.60,74.15,72.81
74.99,74.99,78.12,72.47,70.92
73.82,73.82,77.43,72.74,68.41
70.79,70.79,74.71,76.40,66.11
73.71,73.71,66.15,74.37,64.75
70.87,70.87,75.47,71.81,67.48
73.08,73.08,81.00,69.72,71.95
75.35,75.35,84.50,70.17,72.77
75.65,75.65,89.13,63.36,71.27
77.99,77.99,86.88,74.26,73.87
79.05,79.05,85.72,73.41,74.41
79.23,79.23,89.44,73.95,76.09
80.30,80.30,88.19,71.51,75.92
83.05,83.05,84.15,75.21,76.31
82.50,82.50,63.67,77.36,76.42
82.73,82.73,76.37,77.05,76.87
81.87,81.87,77.66,74.16,77.00
81.64,81.64,78.65,76.62,76.00
79.63,79.63,80.98,74.25,75.58
80.82,80.82,78.84,77.18,75.54
79.40,79.40,71.23,76.26,76.80
76.43,76.43,71.67,75.72,77.84
77.56,77.56,67.77,77.11,78.43
79.39,79.39,61.64,73.92,77.49
77.88,77.88,59.43,76.84,77.28
77.70,77.70,61.37,75.35,76.52
80.40,80.40,58.05,78.10,77.37
77.06,77.06,57.15,76.35,77.17
79.41,79.41,63.07,77.99,76.37
78.45,78.45,61.24,74.87,76.46
78.93,78.93,57.78,77.56,75.25
78.18,78.18,53.28,76.16,75.45
77.88,77.88,52.71,76.75,76.82
77.43,77.43,52.74,76.45,77.09
77.07,77.07,53.43,75.28,76.28
77.69,77.69,54.02,77.15,76.94
78.99,78.99,60.56,74.04,76.03
80.96,80.96,64.36,74.58,73.78
82.62,82.62,67.14,70.51,74.27
79.12,79.12,68.99,72.61,75.32
75.66,75.66,69.22,68.80,75.27
76.24,76.24,70.06,74.18,75.54
74.61,74.61,60.66,75.08,76.38
74.69,74.69,76.37,74.99,76.45
80.39,80.39,76.37,77.30,75.27
81.10,81.10,76.41,74.48,74.34
76.78,76.78,80.17,78.20,71.73
72.88,72.88,88.93,74.57,72.64
70.49,70.49,91.41,75.98,72.42
74.78,74.78,89.58,75.38,73.66
75.44,75.44,88.19,78.86,73.52
73.62,73.62,89.38,77.93,73.51
72.64,72.64,88.32,79.17,74.31
72.71,72.71,84.19,77.47,75.47
71.99,71.99,82.88,77.97,76.21
71.80,71.80,71.03,79.75,75.21
72.50,72.50,79.65,79.19,75.44
73.27,73.27,78.95,81.17,75.83
67.64,67.64,75.30,78.19,75.34
62.50,62.50,72.33,79.64,75.29
65.81,65.81,59.73,77.71,75.74
63.73,63.73,68.33,79.69,76.96
62.19,62.19,56.75,75.53,77.12
65.00,65.00,65.98,78.00,77.21
61.27,61.27,67.20,74.27,76.75
61.90,61.90,66.07,76.41,77.00
72.35,72.35,78.57,78.09,77.87
72.79,72.79,84.04,74.04,74.36
71.04,71.04,83.57,75.14,72.76
72.70,72.70,79.76,75.42,74.64
75.98,75.98,73.46,77.43,76.17
75.58,75.58,68.59,76.00,75.60
73.33,73.33,69.72,78.33,75.36
77.36,77.36,68.68,75.03,75.76
75.34,75.34,63.32,78.27,75.45
76.58,76.58,62.69,76.41,76.88
76.56,76.56,55.90,77.07,76.74
75.51,75.51,62.03,77.58,76.85
76.51,76.51,63.39,76.43,74.69
76.11,76.11,62.57,78.21,76.12
77.23,77.23,62.52,76.75,76.80
78.63,78.63,63.02,77.88,77.64
77.53,77.53,62.32,75.95,78.28
79.21,79.21,60.21,77.79,77.17
79.02,79.02,59.73,74.27,77.95
78.80,78.80,59.11,76.94,77.06
79.68,79.68,67.86,74.21,75.86
78.64,78.64,83.40,74.60,73.54
75.43,75.43,90.89,73.33,73.46
72.95,72.95,91.16,70.57,72.80
74.31,74.31,89.42,75.49,73.50
75.15,75.15,84.77,73.68,74.78
70.68,70.68,82.86,77.67,74.74
65.86,65.86,77.27,77.70,75.16
66.56,66.56,73.87,78.73,74.23
68.23,68.23,76.17,75.02,76.08
67.29,67.29,73.68,76.90,75.53
69.11,69.11,67.35,75.37,75.42
71.12,71.12,63.81,76.87,77.44
70.18,70.18,62.67,76.68,76.28
71.05,71.05,62.93,76.12,77.19
69.33,69.33,54.63,77.57,76.00
70.78,70.78,61.43,73.69,75.58
71.40,71.40,73.80,74.80,75.30
69.99,69.99,92.08,70.95,73.09
70.21,70.21,91.66,74.31,72.37
71.21,71.21,90.08,71.65,73.18
70.67,70.67,89.60,74.06,75.09
72.30,72.30,87.99,73.48,76.17
70.06,70.06,87.85,77.16,75.38
67.70,67.70,89.00,76.65,74.66
71.87,71.87,82.28,76.19,75.00
73.64,73.64,79.40,77.04,74.60
76.97,76.97,80.82,74.22,75.57
77.09,77.09,81.17,76.74,74.87
75.31,75.31,72.17,74.62,76.00
76.05,76.05,68.40,77.22,76.12
77.48,77.48,71.29,77.93,76.57
72.16,72.16,68.58,81.03,76.07
69.15,69.15,66.27,77.82,74.82
70.61,70.61,70.46,79.28,74.85
70.85,70.85,67.52,77.16,74.33
69.89,69.89,71.19,74.29,74.98
69.17,69.17,85.32,69.68,74.24
68.94,68.94,89.68,70.82,72.71
68.42,68.42,91.59,73.27,72.88
70.69,70.69,89.74,76.28,73.85
72.53,72.53,90.07,70.86,74.38
75.41,75.41,91.71,75.33,72.92
78.94,78.94,89.91,73.66,72.83
76.64,76.64,82.94,76.75,74.09
76.30,76.30,78.38,78.34,74.17
77.68,77.68,72.48,82.28,74.16
76.12,76.12,80.10,79.49,76.14
75.10,75.10,80.04,77.28,75.33
75.51,75.51,75.99,73.64,76.67
74.75,74.75,69.38,75.54,75.41
76.87,76.87,73.39,76.63,75.54
75.52,75.52,71.44,73.63,75.96
76.35,76.35,71.50,76.49,76.21
74.60,74.60,72.86,75.14,73.55
73.69,73.69,72.95,75.37,75.61
72.97,72.97,74.43,73.00,75.47
74.25,74.25,74.09,75.80,75.57
73.86,73.86,74.30,73.49,74.83
74.56,74.56,74.27,76.35,75.93
71.96,71.96,76.12,72.99,73.77
71.05,71.05,76.07,75.96,74.43
71.72,71.72,75.94,74.91,75.12
71.83,71.83,76.10,75.30,74.99
71.57,71.57,74.45,76.70,75.36
71.41,71.41,73.01,75.56,74.46
69.13,69.13,77.47,76.16,74.18
73.84,73.84,73.12,72.73,73.27
76.18,76.18,74.33,75.28,68.67
76.11,76.11,75.43,73.67,70.98
75.31,75.31,69.79,77.67,71.23
74.97,74.97,72.42,74.60,72.34
73.93,73.93,67.98,76.70,73.64
71.35,71.35,71.02,74.60,76.48
66.26,66.26,85.10,73.61,76.21
63.07,63.07,91.30,73.70,75.76
64.53,64.53,93.31,72.83,74.49
73.64,73.64,89.96,73.00,72.48
76.15,76.15,84.62,69.60,74.71
77.61,77.61,83.67,73.01,74.74
76.43,76.43,88.03,71.06,73.40
74.19,74.19,80.37,75.98,72.69
77.68,77.68,70.17,76.44,74.07
76.13,76.13,79.51,76.05,73.16
73.05,73.05,78.52,75.66,74.81
66.74,66.74,79.15,76.66,74.24
68.15,68.15,77.05,76.98,76.07
69.29,69.29,65.93,74.56,77.20
70.25,70.25,61.12,76.45,77.35
70.91,70.91,64.40,74.69,76.15
72.28,72.28,64.56,74.23,73.88
71.55,71.55,61.74,73.81,74.04
69.69,69.69,66.33,74.80,71.95
69.75,69.75,77.06,72.09,72.11
69.55,69.55,81.77,72.29,72.28
72.09,72.09,79.79,69.23,71.78
69.71,69.71,83.61,72.42,73.39
76.36,76.36,75.78,74.12,73.70
77.01,77.01,76.05,73.22,74.14
77.99,77.99,70.70,76.43,73.40
77.59,77.59,67.29,75.30,72.70
77.59,77.59,73.36,78.00,73.50
74.92,74.92,77.37,75.50,74.25
75.23,75.23,73.14,77.85,74.16
76.14,76.14,72.04,74.58,74.09
75.18,75.18,65.24,77.44,73.38
74.74,74.74,59.96,75.14,73.87
74.80,74.80,58.01,76.10,73.46
74.74,74.74,53.49,76.57,73.25
74.95,74.95,56.89,73.34,72.30
75.02,75.02,58.67,76.74,72.68
69.90,69.90,67.66,72.74,71.44
73.59,73.59,71.04,70.58,72.60
78.77,78.77,83.30,69.93,71.47
77.90,77.90,92.56,69.57,71.96
77.78,77.78,91.31,65.65,70.53
79.16,79.16,88.81,70.50,70.24
76.69,76.69,89.61,66.15,69.81
78.74,78.74,89.85,64.33,70.61
76.69,76.69,86.58,69.22,72.65
73.24,73.24,67.55,60.42,72.53
74.60,74.60,81.25,56.62,71.60
71.68,71.68,83.07,57.48,71.53
71.57,71.57,77.18,62.40,71.63
72.58,72.58,84.01,67.79,72.53
72.35,72.35,79.88,69.72,73.32
72.59,72.59,74.09,70.31,73.87
70.42,70.42,72.12,72.33,73.01
73.34,73.34,68.81,72.10,73.18
73.77,73.77,79.20,73.94,72.73
71.48,71.48,83.39,71.31,74.48
71.79,71.79,82.73,60.72,72.23
68.24,68.24,79.02,63.49,74.01
73.28,73.28,87.47,69.48,71.74
72.59,72.59,91.71,67.18,70.22
72.29,72.29,91.45,70.28,70.32
73.79,73.79,88.17,65.65,71.62
75.31,75.31,88.49,71.96,72.40
73.61,73.61,85.95,72.14,71.86
72.14,72.14,82.91,71.33,72.28
71.28,71.28,79.14,65.38,73.20
71.72,71.72,81.18,68.89,72.52
68.35,68.35,83.50,68.03,71.42
66.41,66.41,84.22,66.31,68.98
64.71,64.71,76.40,67.54,70.37
60.97,60.97,72.73,65.12,70.07
57.18,57.18,71.14,62.00,74.94
60.39,60.39,72.71,58.96,72.62
57.88,57.88,74.31,59.82,71.13
58.57,58.57,85.80,62.67,70.83
59.34,59.34,91.63,66.97,70.30
66.75,66.75,88.70,73.99,73.09
69.31,69.31,89.17,73.33,74.20
73.64,73.64,92.34,72.66,70.87
72.04,72.04,91.06,73.54,71.80
72.99,72.99,88.23,75.13,72.43
74.34,74.34,84.27,75.15,74.44
75.50,75.50,82.04,76.04,73.83
75.49,75.49,81.54,77.43,74.95
74.16,74.16,82.56,75.32,76.37
77.14,77.14,83.47,77.80,74.88
78.34,78.34,77.12,76.97,75.18
79.33,79.33,72.81,78.48,75.12
78.76,78.76,64.30,77.26,74.41
80.63,80.63,72.14,79.48,74.99
79.88,79.88,70.42,76.51,75.88
77.63,77.63,67.05,79.07,75.36
80.54,80.54,66.88,76.84,74.29
76.79,76.79,63.91,77.90,74.07
79.06,79.06,60.65,78.15,72.37
77.15,77.15,57.14,77.58,73.11
75.80,75.80,58.72,78.80,73.99
75.81,75.81,59.94,77.11,74.38
73.38,73.38,59.00,76.18,73.89
72.02,72.02,57.74,76.05,73.39
74.69,74.69,56.28,78.61,73.04
75.53,75.53,55.28,76.89,72.96
75.79,75.79,54.92,78.44,74.45
75.55,75.55,53.28,76.37,74.04
77.56,77.56,57.28,75.98,73.71
77.33,77.33,55.15,74.80,74.75
79.01,79.01,52.27,72.89,73.55
78.27,78.27,51.73,74.24,72.72
78.13,78.13,53.61,72.37,72.94
76.96,76.96,51.80,73.99,72.80
78.98,78.98,51.10,72.95,72.03
78.29,78.29,52.94,75.97,73.87
77.81,77.81,52.35,73.96,73.36
75.78,75.78,55.15,78.35,73.89
75.32,75.32,61.68,75.80,72.81
75.48,75.48,60.47,76.97,73.15
73.03,73.03,58.50,77.37,73.62
70.34,70.34,56.14,75.39,73.56
75.98,75.98,55.41,79.68,73.93
73.36,73.36,54.75,78.31,72.74
75.93,75.93,54.01,78.63,71.63
75.07,75.07,51.85,76.12,72.55
73.61,73.61,50.01,78.49,73.28
75.15,75.15,46.60,75.26,73.23
73.42,73.42,47.76,77.83,73.75
63.77,63.77,47.00,76.27,73.88
58.49,58.49,47.63,76.63,73.91
62.53,62.53,49.29,77.09,73.81
60.57,60.57,48.44,76.73,73.47
59.19,59.19,48.09,76.35,74.05
59.02,59.02,52.76,73.19,74.65
64.86,64.86,60.42,74.44,72.35
69.67,69.67,68.25,73.64,72.03
80.07,80.07,82.57,77.31,69.59
78.86,78.86,78.76,76.71,68.13
79.55,79.55,86.46,77.48,69.82
78.49,78.49,86.75,73.14,69.56
77.50,77.50,77.09,75.82,71.50
78.60,78.60,71.24,74.00,72.35
79.96,79.96,72.42,74.05,72.24
79.38,79.38,66.81,75.96,72.70
79.06,79.06,64.82,73.98,72.26
79.56,79.56,62.18,75.96,72.54
80.06,80.06,61.76,73.45,74.19
80.92,80.92,66.75,75.76,73.62
80.23,80.23,66.40,73.60,73.93
80.56,80.56,62.75,76.86,72.98
81.55,81.55,61.51,72.73,71.13
80.50,80.50,61.59,76.40,71.73
78.80,78.80,64.83,73.33,74.94
81.93,81.93,64.31,75.07,76.10
80.23,80.23,64.76,76.40,73.78
80.98,80.98,63.40,73.96,72.56
77.93,77.93,63.80,76.68,71.64
76.93,76.93,63.31,74.96,74.18
80.22,80.22,64.03,77.39,74.72
76.16,76.16,61.96,73.79,74.83
77.54,77.54,61.19,78.62,76.13
75.21,75.21,63.67,77.39,75.63
73.39,73.39,63.07,78.31,71.77
75.05,75.05,65.79,75.04,71.32
75.08,75.08,68.42,75.35,70.16
74.76,74.76,73.06,75.81,69.28
73.66,73.66,72.15,74.16,71.34
72.56,72.56,72.03,77.22,68.72
70.31,70.31,68.48,74.92,70.44
64.94,64.94,61.42,77.05,72.90
60.96,60.96,63.34,75.35,73.32
61.18,61.18,57.23,77.16,72.85
63.83,63.83,61.90,72.94,72.14
74.07,74.07,61.09,73.30,72.88
77.66,77.66,68.84,73.02,72.51
77.46,77.46,84.17,72.88,72.28
75.27,75.27,88.34,72.74,69.92
72.33,72.33,93.48,73.13,70.24
69.44,69.44,87.05,72.33,71.50
65.19,65.19,88.87,73.99,71.96
65.77,65.77,90.69,73.44,69.96
68.33,68.33,90.24,75.74,71.62
68.96,68.96,84.42,76.13,73.80
69.65,69.65,83.69,77.96,72.38
68.81,68.81,71.10,75.38,70.17
68.31,68.31,77.08,78.26,70.39
65.89,65.89,76.63,75.39,70.75
66.13,66.13,67.47,76.73,71.25
65.14,65.14,69.26,75.02,71.37
66.50,66.50,67.43,74.97,70.90
68.83,68.83,71.83,75.25,71.33
64.89,64.89,72.26,72.83,70.83
61.41,61.41,69.36,70.84,69.36
63.01,63.01,76.90,71.27,70.91
68.58,68.58,88.25,73.45,68.48
72.99,72.99,92.52,70.72,70.55
76.93,76.93,88.85,70.04,70.66
77.38,77.38,91.78,72.08,71.83
77.10,77.10,90.01,76.48,70.93
77.55,77.55,91.93,74.08,71.61
74.65,74.65,89.29,74.97,72.23
74.53,74.53,83.71,72.55,73.62
73.76,73.76,73.38,76.18,72.60
74.94,74.94,79.43,74.25,73.67
75.96,75.96,74.81,76.59,73.76
72.40,72.40,80.49,74.86,72.53
73.80,73.80,74.39,77.68,71.97
74.87,74.87,68.92,74.07,72.19
73.79,73.79,64.81,77.40,72.87
70.61,70.61,60.05,74.63,73.56
73.39,73.39,55.64,76.20,74.38
69.80,69.80,67.97,76.54,73.46
68.74,68.74,63.28,75.19,71.92
68.91,68.91,65.23,77.69,73.34
68.18,68.18,60.33,75.29,73.36
69.84,69.84,65.67,77.28,73.37
71.99,71.99,61.93,75.58,74.35
70.96,70.96,53.14,78.05,74.36
72.89,72.89,57.89,75.12,74.07
70.59,70.59,62.75,77.91,73.11
72.22,72.22,56.50,75.76,73.15
71.46,71.46,66.97,76.70,74.78
71.19,71.19,65.81,76.69,75.41
71.85,71.85,73.19,75.46,74.38
70.16,70.16,73.62,77.48,73.77
71.09,71.09,71.30,75.62,73.30
69.29,69.29,66.84,77.06,72.38
70.66,70.66,69.62,75.03,74.27
69.71,69.71,65.22,77.39,72.79
66.88,66.88,66.65,74.58,72.97
62.40,62.40,69.30,76.96,73.64
66.72,66.72,72.56,73.97,72.62
62.81,62.81,86.16,76.18,73.24
63.87,63.87,93.38,75.08,69.74
66.77,66.77,91.29,74.68,70.48
64.84,64.84,88.63,75.33,70.47
67.69,67.69,91.20,74.65,72.21
68.60,68.60,88.71,76.63,73.49
65.01,65.01,89.27,75.60,74.77
65.16,65.16,82.29,76.51,74.04
66.64,66.64,78.49,74.00,73.35
66.52,66.52,78.92,76.78,72.96
62.32,62.32,77.82,73.11,73.80
62.85,62.85,79.69,75.83,75.39
60.64,60.64,71.05,74.69,75.52
58.93,58.93,69.87,73.59,75.69
58.10,58.10,66.02,76.29,75.45
58.09,58.09,64.26,74.70,74.58
59.57,59.57,58.28,76.04,72.33
63.94,63.94,67.06,73.91,72.19
65.55,65.55,80.53,74.85,71.76
70.24,70.24,83.56,67.99,70.27
69.70,69.70,82.97,75.09,71.77
70.34,70.34,80.40,77.77,70.92
70.44,70.44,73.79,78.54,72.11
69.82,69.82,74.31,79.23,72.87
71.25,71.25,69.10,79.23,74.79
70.23,70.23,64.83,78.70,76.52
69.80,69.80,64.92,78.80,75.08
69.02,69.02,64.31,79.04,73.72
70.72,70.72,65.62,78.73,73.47
67.33,67.33,58.96,79.37,72.99
68.52,68.52,60.22,79.67,72.38
69.59,69.59,58.71,78.97,73.28
67.71,67.71,59.32,78.61,73.28
72.35,72.35,57.85,79.45,74.45
70.50,70.50,58.71,79.92,73.14
74.06,74.06,60.75,79.67,74.33
74.03,74.03,66.64,78.86,71.52
70.89,70.89,78.57,80.50,70.22
73.18,73.18,85.76,80.96,70.40
72.34,72.34,83.16,79.30,72.67
70.78,70.78,82.90,79.61,72.36
71.30,71.30,87.20,78.74,72.20
73.86,73.86,85.38,76.60,72.36
75.79,75.79,84.71,71.29,70.85
75.79,75.79,85.49,75.32,72.93
73.84,73.84,80.78,78.04,75.29
75.41,75.41,79.22,79.73,75.19
76.61,76.61,74.25,79.34,73.70
76.37,76.37,71.35,76.95,72.41
77.19,77.19,74.59,76.28,71.09
77.41,77.41,83.43,74.44,71.83
75.63,75.63,81.10,76.70,71.96
77.49,77.49,79.52,76.68,70.95
75.71,75.71,74.19,78.95,72.54
74.44,74.44,76.00,78.11,72.91
69.27,69.27,74.35,76.34,72.08
71.30,71.30,80.90,71.63,69.23
70.77,70.77,86.56,76.63,68.25
70.71,70.71,83.40,78.58,70.77
70.13,70.13,77.98,78.45,73.56
71.47,71.47,73.62,78.09,74.02
66.60,66.60,72.85,78.83,72.78
65.00,65.00,74.31,80.02,71.18
66.26,66.26,82.72,81.89,70.56
66.02,66.02,79.35,81.63,72.07
68.91,68.91,78.08,80.77,71.43
71.88,71.88,74.98,79.49,73.76
70.64,70.64,73.66,78.09,73.09
70.85,70.85,77.75,78.71,72.62
68.20,68.20,85.59,81.83,72.95
65.30,65.30,75.53,79.19,73.50
70.67,70.67,75.94,78.29,72.40
64.47,64.47,76.60,79.68,71.25
62.27,62.27,68.70,79.76,73.07
56.07,56.07,70.92,79.16,73.40
59.15,59.15,77.30,77.22,71.14
62.55,62.55,83.14,74.81,71.13
71.26,71.26,87.79,72.63,71.25
73.91,73.91,90.97,75.04,71.06
75.35,75.35,87.56,76.48,72.40
71.34,71.34,89.30,75.12,72.66
70.60,70.60,90.43,74.02,71.46
73.59,73.59,87.60,74.89,71.02
75.89,75.89,89.22,74.79,71.38
76.88,76.88,82.36,74.06,72.22
76.14,76.14,81.99,71.77,70.63
75.94,75.94,83.90,71.56,71.44
76.64,76.64,81.03,70.77,72.05
78.25,78.25,80.17,68.76,71.96
77.60,77.60,73.21,72.10,73.21
76.31,76.31,68.62,73.62,73.05
76.90,76.90,63.86,75.07,72.97
77.70,77.70,67.54,74.81,72.56
77.95,77.95,71.16,74.27,73.59
76.82,76.82,71.20,74.22,73.00
76.63,76.63,70.97,74.05,72.25
76.43,76.43,64.82,74.83,73.27
75.82,75.82,65.04,75.51,73.53
77.19,77.19,60.58,74.17,72.76
78.22,78.22,60.52,74.85,73.86
78.37,78.37,54.36,73.40,72.91
76.28,76.28,52.82,74.01,71.85
77.08,77.08,52.18,74.09,70.91
78.36,78.36,50.50,72.92,71.59
73.72,73.72,48.65,73.96,72.62
77.78,77.78,50.72,72.99,72.20
73.18,73.18,46.94,72.31,73.00
75.16,75.16,48.77,73.54,70.29
77.43,77.43,47.96,69.81,69.38
75.30,75.30,48.02,68.27,68.65
76.91,76.91,46.50,68.38,67.20
76.10,76.10,43.60,65.09,68.24
75.24,75.24,44.98,64.84,68.74
76.04,76.04,48.93,68.90,69.01
75.16,75.16,55.06,68.75,69.33
74.78,74.78,58.91,70.96,69.19
72.89,72.89,61.88,70.14,69.21
70.40,70.40,59.97,67.90,70.69
73.89,73.89,55.76,70.67,72.38
74.85,74.85,52.44,70.02,72.49
77.32,77.32,51.35,70.09,72.33
77.16,77.16,49.37,71.60,72.09
77.66,77.66,47.95,72.23,72.39
77.35,77.35,47.01,73.47,72.78
76.44,76.44,46.87,74.02,72.36
75.08,75.08,47.80,72.60,72.72
78.93,78.93,47.95,72.98,72.22
76.24,76.24,49.53,73.21,71.83
75.29,75.29,52.12,72.85,71.52
72.76,72.76,53.80,72.26,72.87
72.37,72.37,52.31,70.95,72.01
69.98,69.98,49.94,71.78,71.68
69.76,69.76,50.84,73.38,72.84
68.38,68.38,57.70,74.62,71.78
64.36,64.36,69.30,68.89,71.31
72.86,72.86,80.40,61.65,70.95
68.33,68.33,82.35,64.24,70.14
69.01,69.01,84.04,69.75,70.89
68.69,68.69,84.40,73.53,71.74
72.30,72.30,79.26,75.00,70.55
71.87,71.87,71.90,74.61,70.58
76.21,76.21,67.60,72.55,71.26
77.20,77.20,62.26,72.31,72.61
74.99,74.99,62.81,74.54,71.44
76.99,76.99,57.94,73.43,71.72
76.72,76.72,57.09,72.45,71.36
77.94,77.94,52.33,72.33,71.98
76.98,76.98,51.40,71.91,71.48
78.38,78.38,51.42,71.73,72.17
77.55,77.55,49.31,71.53,70.91
78.27,78.27,49.56,72.17,71.44
77.49,77.49,49.40,72.41,71.24
77.28,77.28,50.42,73.91,70.73
77.09,77.09,51.82,73.61,70.37
75.51,75.51,52.85,73.61,69.21
76.12,76.12,56.18,73.98,72.38
77.00,77.00,58.80,74.83,72.42
75.09,75.09,61.06,75.38,71.77
75.61,75.61,61.18,75.19,71.72
76.39,76.39,57.02,75.67,70.58
76.19,76.19,53.34,76.16,71.61
76.35,76.35,50.91,76.24,70.70
78.78,78.78,50.38,76.13,72.43
78.10,78.10,55.62,76.98,69.87
77.72,77.72,60.99,77.65,69.65
79.03,79.03,60.41,77.44,71.70
78.11,78.11,55.33,77.41,72.22
78.34,78.34,58.43,77.58,72.06
80.15,80.15,63.76,77.44,71.01
80.33,80.33,62.40,77.41,70.84
81.47,81.47,57.33,76.22,71.16
82.41,82.41,56.25,75.73,70.92
82.20,82.20,62.26,72.86,71.67
81.98,81.98,67.32,65.44,69.60
80.68,80.68,84.80,64.10,68.90
78.53,78.53,92.25,65.92,68.88
77.30,77.30,91.40,69.80,69.16
77.08,77.08,87.09,71.76,68.81
77.88,77.88,89.70,72.66,69.11
77.09,77.09,87.41,73.46,69.79
76.93,76.93,89.39,75.48,70.62
77.42,77.42,78.64,76.58,71.08
76.80,76.80,76.07,77.35,70.10
77.06,77.06,80.55,77.53,71.63
77.12,77.12,80.41,77.97,72.14
81.13,81.13,76.93,77.92,70.50
82.79,82.79,72.45,78.36,71.02
81.58,81.58,69.52,78.28,69.52
82.25,82.25,65.90,78.71,68.96
81.42,81.42,66.25,79.43,70.46
80.22,80.22,60.84,79.45,71.60
82.21,82.21,59.02,78.46,71.39
79.54,79.54,65.00,76.34,70.33
80.76,80.76,67.69,74.95,69.47
79.86,79.86,79.75,76.51,69.59
76.30,76.30,85.71,76.03,69.06
76.35,76.35,92.72,75.18,68.34
77.40,77.40,91.55,76.36,68.54
78.97,78.97,89.31,76.74,67.81
80.82,80.82,88.40,76.82,68.81
80.51,80.51,86.28,76.71,69.32
82.06,82.06,86.09,75.48,69.24
82.78,82.78,81.14,74.30,68.78
82.50,82.50,70.87,73.57,69.05
83.48,83.48,79.26,73.39,69.84
80.70,80.70,80.63,74.09,68.79
82.44,82.44,73.50,73.87,68.99
81.91,81.91,60.75,73.92,68.60
81.80,81.80,61.15,73.22,68.61
82.01,82.01,61.67,72.71,70.00
81.22,81.22,62.94,73.46,70.62
81.16,81.16,62.13,73.08,69.36
81.49,81.49,65.55,73.05,69.67
82.65,82.65,66.05,74.30,69.09
82.23,82.23,67.89,72.40,68.83
80.15,80.15,67.58,72.97,70.95
81.80,81.80,61.45,75.39,71.89
79.68,79.68,47.57,74.10,71.30
82.31,82.31,51.91,72.18,72.66
84.21,84.21,49.20,72.96,71.92
82.43,82.43,53.34,73.29,71.65
81.50,81.50,62.13,74.26,72.13
78.74,78.74,66.32,74.12,72.28
79.74,79.74,62.82,72.57,71.68
80.36,80.36,57.71,73.12,72.24
81.27,81.27,62.09,73.51,70.28
77.98,77.98,66.77,73.65,71.37
81.45,81.45,64.64,73.52,69.69
80.25,80.25,58.88,73.54,69.03
79.91,79.91,58.38,73.73,69.45
81.53,81.53,61.69,72.45,68.51
78.09,78.09,70.79,70.24,70.04
77.60,77.60,87.27,68.56,69.42
78.62,78.62,87.21,67.26,68.23
77.12,77.12,92.24,68.17,67.05
76.54,76.54,89.90,67.41,67.30
78.88,78.88,89.47,67.49,67.27
82.18,82.18,88.00,70.91,67.93
83.06,83.06,88.26,69.26,68.74
81.08,81.08,83.10,69.23,68.82
81.78,81.78,71.93,72.44,69.64
81.97,81.97,75.76,73.31,69.26
84.22,84.22,77.11,72.87,70.35
83.50,83.50,79.91,73.15,71.08
81.28,81.28,74.96,73.60,70.62
81.90,81.90,67.69,72.54,70.00
83.68,83.68,58.40,71.35,70.74
82.09,82.09,66.25,71.00,69.73
83.28,83.28,56.68,72.79,69.35
83.43,83.43,68.06,71.07,69.91
81.09,81.09,68.33,67.33,69.17
84.30,84.30,77.94,66.73,69.89
79.03,79.03,82.48,74.50,69.06
79.11,79.11,82.97,75.72,67.59
77.83,77.83,76.83,74.76,67.88
79.99,79.99,74.41,73.88,67.93
77.22,77.22,71.97,77.49,67.51
79.56,79.56,64.53,78.71,68.84
80.62,80.62,60.55,77.58,66.63
80.68,80.68,61.75,75.31,65.88
79.85,79.85,60.24,72.60,67.08
80.47,80.47,62.09,73.50,67.73
76.89,76.89,65.41,74.88,67.90
74.27,74.27,65.52,75.71,68.00
76.40,76.40,68.43,75.10,68.43
76.94,76.94,71.23,73.95,67.83
74.92,74.92,73.84,74.43,67.05
73.97,73.97,72.72,74.23,66.69
73.17,73.17,71.40,73.37,67.05
78.85,78.85,66.95,73.88,66.68
82.56,82.56,76.53,77.06,66.08
82.14,82.14,88.89,75.53,65.29
79.87,79.87,90.86,76.08,64.85
82.48,82.48,88.45,74.56,67.42
83.19,83.19,87.87,73.12,67.90
82.93,82.93,89.92,72.35,67.10
82.52,82.52,87.37,71.08,67.21
82.35,82.35,86.78,73.40,68.10
80.83,80.83,86.19,73.92,67.84
82.76,82.76,75.03,75.00,67.47
82.53,82.53,75.64,73.86,66.76
82.31,82.31,77.72,72.55,67.50
82.38,82.38,73.17,74.98,67.71
83.09,83.09,75.76,73.36,67.80
80.71,80.71,77.92,73.47,67.29
80.37,80.37,73.46,73.38,66.99
77.05,77.05,73.68,72.77,68.50
77.65,77.65,70.42,73.78,67.18
77.38,77.38,80.51,73.90,68.93
76.26,76.26,88.21,74.24,66.01
79.58,79.58,92.72,73.71,65.68
78.80,78.80,91.11,74.92,62.82
75.74,75.74,89.24,74.29,65.40
76.12,76.12,90.08,74.58,66.27
77.50,77.50,86.99,75.42,66.17
77.75,77.75,83.17,75.32,67.37
76.54,76.54,75.92,74.98,69.08
76.16,76.16,72.59,76.18,68.35
77.13,77.13,80.43,73.57,68.92
76.01,76.01,78.50,72.40,67.49
73.75,73.75,69.54,73.63,66.82
76.71,76.71,77.64,74.71,66.07
81.23,81.23,78.94,74.59,65.89
81.92,81.92,76.64,74.83,65.81
83.68,83.68,72.39,72.89,67.05
85.44,85.44,66.21,72.72,67.97
84.01,84.01,65.74,72.90,69.45
83.13,83.13,69.32,73.75,67.78
82.26,82.26,83.96,73.29,69.15
80.52,80.52,87.89,70.99,69.12
81.27,81.27,91.70,66.62,69.65
80.94,80.94,89.84,73.39,70.20
80.47,80.47,90.15,76.44,70.39
79.57,79.57,88.30,77.24,70.70
78.45,78.45,78.50,77.79,71.57
80.24,80.24,81.27,77.86,72.24
83.31,83.31,84.02,76.97,71.63
79.27,79.27,78.26,73.80,71.26
79.68,79.68,73.83,72.17,70.05
72.80,72.80,76.95,72.90,70.58
73.12,73.12,72.95,74.19,69.78
74.01,74.01,71.46,74.66,68.57
74.80,74.80,67.79,77.33,69.78
75.24,75.24,60.28,77.64,69.23
74.85,74.85,62.84,76.43,69.68
74.52,74.52,69.34,76.31,70.13
75.10,75.10,73.42,74.41,70.57
71.38,71.38,66.95,72.02,70.30
72.79,72.79,64.43,71.22,71.30
73.00,73.00,59.40,72.27,70.67
72.09,72.09,56.19,75.05,70.68
71.57,71.57,58.34,75.51,70.92
71.54,71.54,62.51,75.19,71.30
72.68,72.68,64.53,75.58,71.35
80.67,80.67,63.46,76.11,69.97
78.35,78.35,58.16,76.03,69.90
79.44,79.44,56.63,75.39,69.82
78.98,78.98,63.99,75.39,70.21
78.90,78.90,65.18,74.93,68.91
80.41,80.41,65.83,75.74,68.30
82.33,82.33,68.61,76.73,68.79
82.10,82.10,72.98,76.35,70.20
81.46,81.46,73.09,76.01,70.89
79.09,79.09,68.64,76.08,71.20
77.90,77.90,63.90,75.95,71.41
78.03,78.03,55.58,75.11,70.43
76.48,76.48,68.67,74.13,70.38
77.89,77.89,74.57,71.30,70.54
73.45,73.45,89.43,68.64,69.82
70.44,70.44,89.62,68.70,69.47
68.59,68.59,90.75,64.32,69.71
70.69,70.69,90.75,65.60,69.20
72.74,72.74,89.69,67.80,69.16
71.63,71.63,88.55,69.22,68.79
70.54,70.54,88.98,68.36,70.14
71.12,71.12,84.48,70.65,71.17
71.97,71.97,74.01,71.79,69.32
71.71,71.71,79.71,73.15,69.94
69.42,69.42,75.61,73.36,70.39
68.39,68.39,80.42,73.31,69.85
69.40,69.40,64.01,72.93,71.49
71.06,71.06,71.03,70.89,69.94
70.82,70.82,63.81,70.24,69.14
69.73,69.73,61.08,70.18,71.03
70.65,70.65,66.00,70.43,72.11
66.57,66.57,65.14,69.97,69.73
66.78,66.78,75.60,69.47,70.18
65.79,65.79,81.91,62.69,69.82
66.70,66.70,82.41,71.20,69.78
68.76,68.76,80.08,75.11,68.19
68.20,68.20,73.44,75.16,69.26
68.52,68.52,72.74,74.83,69.76
72.59,72.59,67.53,74.40,70.68
74.29,74.29,60.89,73.70,73.01
77.31,77.31,62.08,73.46,71.41
80.45,80.45,55.03,73.60,69.36
78.81,78.81,46.57,73.74,69.87
77.82,77.82,55.97,73.72,70.21
76.42,76.42,59.61,74.66,70.13
75.72,75.72,58.27,74.84,71.15
77.18,77.18,52.05,74.59,71.26
74.72,74.72,44.49,74.12,70.48
72.97,72.97,42.26,73.42,70.68
72.65,72.65,42.04,73.76,71.16
71.76,71.76,43.02,73.32,71.68
69.39,69.39,48.20,73.33,72.67
71.93,71.93,55.55,73.61,72.08
73.00,73.00,57.14,72.24,71.64
73.62,73.62,62.27,70.31,71.41
74.83,74.83,67.85,70.55,72.73
71.28,71.28,71.72,70.23,72.23
72.88,72.88,74.53,71.77,72.42
74.29,74.29,69.32,72.37,72.54
74.52,74.52,67.52,72.76,71.57
74.30,74.30,70.63,72.36,71.75
72.49,72.49,72.57,73.61,71.86
75.41,75.41,66.94,73.50,71.83
74.20,74.20,73.15,73.32,72.31
73.88,73.88,72.17,73.51,72.64
74.54,74.54,69.28,73.56,72.06
72.57,72.57,64.52,73.61,71.85
71.70,71.70,64.66,74.03,71.39
70.10,70.10,63.20,74.24,71.39
66.06,66.06,65.06,73.41,71.69
67.82,67.82,63.85,70.66,72.39
68.39,68.39,68.09,65.71,72.85
69.54,69.54,88.57,68.03,71.76
69.61,69.61,92.55,72.40,71.67
71.21,71.21,90.51,73.00,71.17
71.22,71.22,87.99,72.52,71.40
69.17,69.17,89.60,73.55,71.75
70.43,70.43,90.84,74.72,71.42
71.17,71.17,88.59,74.73,71.89
71.99,71.99,81.89,74.27,73.69
67.22,67.22,76.95,72.71,72.25
61.90,61.90,78.47,74.34,71.66
61.31,61.31,58.62,75.54,72.07
62.39,62.39,76.18,74.81,72.79
58.88,58.88,73.92,71.82,71.66
59.98,59.98,63.24,70.59,71.86
61.86,61.86,65.98,73.04,71.83
66.86,66.86,66.70,74.61,71.82
63.88,63.88,66.26,69.27,72.71
60.73,60.73,66.09,62.37,72.00
63.47,63.47,80.88,66.98,73.55
61.95,61.95,90.70,70.50,72.77
59.00,59.00,90.65,72.39,76.00
54.31,54.31,92.88,73.84,74.55
56.33,56.33,92.82,75.10,74.42
58.99,58.99,89.14,76.59,76.84
59.21,59.21,90.34,75.45,76.98
57.49,57.49,87.89,75.56,76.78
56.19,56.19,82.31,76.45,78.68
55.80,55.80,80.82,75.36,77.23
55.10,55.10,84.88,77.25,76.63
52.69,52.69,82.28,76.87,76.85
49.55,49.55,79.46,75.39,76.91
50.43,50.43,75.47,75.92,77.75
50.86,50.86,70.19,76.35,75.08
51.86,51.86,66.82,76.49,77.10
52.44,52.44,66.91,75.81,77.91
53.61,53.61,60.21,76.88,76.85
53.86,53.86,62.34,76.07,76.07
53.01,53.01,66.54,75.39,76.98
56.41,56.41,67.51,75.53,75.49
58.02,58.02,87.72,73.16,73.84
64.60,64.60,93.54,70.64,73.08
68.21,68.21,92.71,71.84,74.60
71.90,71.90,87.15,74.56,74.06
73.01,73.01,79.26,74.89,76.24
75.42,75.42,77.03,75.11,75.84
76.98,76.98,73.59,75.99,76.46
79.14,79.14,80.32,74.70,75.73
79.89,79.89,79.98,71.78,76.40
81.58,81.58,76.02,74.20,75.11
81.63,81.63,73.28,72.95,75.92
80.70,80.70,68.31,73.41,75.08
80.74,80.74,70.47,73.78,75.84
81.55,81.55,72.27,74.48,75.08
81.54,81.54,70.48,75.27,75.47
81.85,81.85,70.23,72.68,75.17
78.25,78.25,65.63,73.10,74.07
76.57,76.57,78.86,75.54,72.85
74.05,74.05,90.93,70.56,71.34
75.86,75.86,93.66,69.72,69.52
73.27,73.27,92.98,70.41,69.77
76.47,76.47,92.57,70.06,71.51
78.15,78.15,89.81,70.55,72.76
75.55,75.55,89.36,71.97,72.51
74.11,74.11,88.93,70.60,72.95
76.51,76.51,81.32,71.63,73.54
77.65,77.65,76.70,73.74,75.12
75.48,75.48,85.97,74.66,75.26
74.29,74.29,81.31,71.40,74.50
75.10,75.10,78.06,73.50,75.33
75.84,75.84,72.10,74.94,75.52
75.38,75.38,62.66,73.70,75.27
75.55,75.55,62.86,74.13,75.44
75.54,75.54,59.10,73.05,75.49
72.49,72.49,60.64,72.98,75.02
73.28,73.28,65.81,70.43,73.88
70.74,70.74,74.66,70.34,71.57
77.50,77.50,81.90,70.99,70.38
75.14,75.14,82.59,69.99,70.50
78.20,78.20,84.72,73.62,68.46
71.88,71.88,76.18,74.56,69.81
76.93,76.93,74.99,72.17,71.67
75.96,75.96,73.77,77.60,73.25
78.88,78.88,66.64,77.06,66.99
77.69,77.69,58.15,78.50,62.17
80.65,80.65,60.19,75.83,61.99
79.52,79.52,58.71,76.62,62.19
81.51,81.51,49.93,79.36,60.94
79.83,79.83,50.29,78.32,60.08
81.99,81.99,52.32,77.33,58.87
80.12,80.12,51.40,75.43,59.38
80.97,80.97,61.79,70.47,62.89
80.51,80.51,69.46,65.57,68.40
81.09,81.09,75.73,60.76,69.08
77.28,77.28,77.70,55.66,70.17
75.15,75.15,91.63,56.16,69.35
75.69,75.69,90.71,62.87,68.55
79.46,79.46,90.71,67.10,72.53
76.95,76.95,84.73,58.25,75.83
77.64,77.64,81.24,58.69,74.32
77.68,77.68,76.18,62.54,72.92
78.80,78.80,71.38,64.13,71.98
77.26,77.26,79.62,68.46,71.33
79.57,79.57,82.26,68.18,71.41
75.39,75.39,84.05,63.54,72.49
72.23,72.23,84.44,58.14,70.82
73.89,73.89,90.23,56.69,68.99
69.62,69.62,93.90,59.84,68.08
69.87,69.87,91.13,62.88,70.24
71.06,71.06,89.65,61.72,70.90
66.52,66.52,89.74,61.48,71.26
65.50,65.50,84.09,59.41,72.06
64.77,64.77,71.89,52.78,72.05
62.75,62.75,69.71,54.72,72.56
64.54,64.54,74.31,59.29,71.41
67.13,67.13,85.07,63.41,72.41
60.75,60.75,79.56,62.08,70.85
59.46,59.46,82.97,63.97,72.14
59.04,59.04,79.45,64.88,72.86
59.46,59.46,74.93,63.99,72.31
57.12,57.12,77.60,64.34,70.86
62.33,62.33,83.74,68.39,71.41
56.88,56.88,82.24,66.43,70.75
48.33,48.33,81.32,67.87,70.10
50.86,50.86,85.84,65.03,69.50
49.80,49.80,81.80,67.58,69.93
50.70,50.70,71.30,63.03,68.42
49.18,49.18,82.65,66.39,66.80
51.43,51.43,84.33,60.20,67.22
48.23,48.23,78.30,65.60,67.89
46.66,46.66,81.00,66.28,69.81
47.99,47.99,79.64,62.95,70.96
45.88,45.88,69.21,55.93,70.52
46.72,46.72,65.09,43.32,71.26
47.82,47.82,72.10,60.60,71.10
47.58,47.58,80.26,68.57,72.87
46.72,46.72,90.34,69.99,74.34
43.59,43.59,90.64,63.84,73.33
42.88,42.88,91.70,66.24,74.04
45.59,45.59,89.62,69.21,74.34
44.03,44.03,91.55,73.32,73.38
44.75,44.75,93.36,73.80,73.64
46.08,46.08,90.46,73.94,73.95
44.93,44.93,88.44,75.25,74.94
50.44,50.44,82.21,77.92,76.51
49.25,49.25,87.18,76.88,75.79
48.74,48.74,80.67,76.43,74.58
53.55,53.55,83.52,77.84,75.38
48.93,48.93,76.25,79.60,74.89
53.07,53.07,72.84,78.02,74.93
58.26,58.26,73.35,78.78,74.87
58.51,58.51,73.06,78.42,73.89
60.58,60.58,68.22,79.60,72.57
53.99,53.99,64.16,79.09,73.67
53.59,53.59,63.91,79.88,74.20
59.99,59.99,65.12,78.56,74.03
60.75,60.75,66.11,79.17,74.47
60.31,60.31,65.21,78.29,73.84
65.59,65.59,65.39,76.61,75.32
64.40,64.40,62.41,76.69,74.33
63.71,63.71,57.95,76.94,74.04
65.07,65.07,55.06,74.63,74.11
65.19,65.19,53.69,73.29,73.42
64.31,64.31,52.70,75.39,74.45
64.60,64.60,53.83,74.74,74.72
65.52,65.52,55.17,72.95,74.19
65.60,65.60,57.57,73.37,74.71
65.05,65.05,56.92,73.17,74.82
64.37,64.37,54.07,72.83,74.08
64.50,64.50,51.05,70.40,74.57
61.34,61.34,47.76,69.07,74.20
60.44,60.44,48.20,71.55,74.80
56.26,56.26,50.09,71.33,74.62
55.35,55.35,49.71,71.28,73.61
53.81,53.81,51.25,70.66,72.98
54.44,54.44,56.70,72.17,74.79
53.19,53.19,63.19,73.65,75.67
53.65,53.65,63.54,70.49,75.08
44.44,44.44,61.59,72.81,74.74
56.18,56.18,58.42,72.16,76.41
52.39,52.39,54.96,72.59,75.63
46.42,46.42,55.00,70.28,73.82
40.72,40.72,54.25,69.77,74.42
44.42,44.42,56.18,70.53,75.19
43.54,43.54,62.04,72.24,75.14
40.74,40.74,62.47,67.25,74.47
39.48,39.48,56.48,67.47,75.80
36.33,36.33,52.59,67.95,75.89
34.84,34.84,49.08,71.55,75.58
34.88,34.88,48.35,70.69,74.73
41.97,41.97,47.86,72.33,73.58
41.53,41.53,49.22,74.08,74.61
46.19,46.19,49.84,74.32,73.98
52.68,52.68,54.83,74.51,73.40
54.39,54.39,65.33,74.69,71.26
60.93,60.93,70.61,74.08,70.82
73.45,73.45,82.68,73.99,73.75
72.57,72.57,83.51,74.97,73.11
74.11,74.11,86.90,70.31,71.11
74.54,74.54,80.33,66.63,71.82
76.20,76.20,73.21,68.88,71.64
76.27,76.27,69.11,71.41,71.56
76.72,76.72,69.78,74.21,71.87
77.21,77.21,62.29,75.62,72.94
79.08,79.08,59.45,74.79,72.77
78.04,78.04,58.86,75.65,70.82
78.18,78.18,54.89,77.27,71.65
78.77,78.77,57.31,75.44,71.73
77.64,77.64,53.54,74.14,72.44
78.65,78.65,50.89,71.91,72.05
79.15,79.15,43.82,71.10,71.13
76.71,76.71,49.13,74.00,71.68
78.64,78.64,46.68,74.05,70.60
78.81,78.81,49.67,73.88,69.03
78.21,78.21,54.08,74.32,70.84
79.01,79.01,57.32,73.68,71.59
78.78,78.78,55.13,76.03,73.20
77.19,77.19,51.74,76.97,73.22
77.44,77.44,49.05,78.20,73.60
76.88,76.88,49.22,76.42,72.95
77.53,77.53,52.69,76.72,73.08
77.67,77.67,54.44,77.63,74.24
77.89,77.89,62.10,76.89,73.25
77.74,77.74,65.70,76.75,73.40
77.89,77.89,70.74,77.47,72.40
78.03,78.03,73.42,77.74,72.53
76.24,76.24,71.45,76.83,71.82
76.48,76.48,69.89,77.64,70.57
75.68,75.68,67.95,76.26,71.32
75.41,75.41,67.23,76.04,71.93
75.91,75.91,66.36,76.42,73.59
75.99,75.99,62.32,73.35,73.08
76.27,76.27,72.12,76.02,71.75
75.85,75.85,80.25,77.68,70.29
73.25,73.25,90.57,75.31,68.42
72.23,72.23,93.69,75.01,68.08
73.55,73.55,90.29,73.85,71.29
73.90,73.90,91.69,72.75,70.67
68.68,68.68,89.70,73.26,71.28
66.36,66.36,90.31,74.41,71.35
64.40,64.40,87.02,73.69,73.02
70.66,70.66,86.41,72.59,73.44
69.08,69.08,72.76,73.62,74.86
70.42,70.42,80.46,71.94,73.92
71.63,71.63,80.89,73.28,73.49
72.71,72.71,75.15,72.96,70.94
71.88,71.88,75.95,72.03,69.86
72.34,72.34,69.21,73.27,70.09
71.44,71.44,66.12,73.02,68.94
71.54,71.54,64.80,71.33,69.01
71.58,71.58,68.83,72.33,70.77
69.98,69.98,67.38,73.00,71.43
66.29,66.29,69.60,74.66,71.95
67.32,67.32,86.79,76.64,71.89
72.69,72.69,92.37,76.26,68.94
78.00,78.00,93.23,74.88,69.90
75.60,75.60,90.74,77.32,70.58
76.69,76.69,91.85,76.96,69.83
76.24,76.24,92.18,74.84,70.63
77.19,77.19,89.91,76.25,69.97
78.91,78.91,83.74,76.94,69.35
78.69,78.69,77.89,76.91,71.97
81.27,81.27,73.05,76.13,70.26
81.18,81.18,79.95,76.63,70.60
81.80,81.80,81.25,74.97,72.29
81.90,81.90,77.07,75.15,72.18
83.08,83.08,67.47,73.14,71.02
81.24,81.24,54.54,72.05,70.40
81.74,81.74,63.00,73.02,71.33
79.86,79.86,65.69,74.99,71.42
81.05,81.05,68.86,74.17,72.28
81.59,81.59,70.16,74.34,73.98
81.91,81.91,69.05,71.94,74.30
81.90,81.90,70.43,72.42,74.66
80.51,80.51,68.31,71.94,74.98
79.84,79.84,64.62,71.52,72.70
80.55,80.55,59.18,69.37,72.94
80.11,80.11,59.43,71.08,72.06
79.05,79.05,55.13,72.32,73.27
80.92,80.92,58.93,71.61,71.13
79.94,79.94,67.45,70.06,72.59
80.10,80.10,66.67,71.39,72.41
79.38,79.38,66.36,69.89,72.18
79.20,79.20,66.74,72.17,72.02
77.91,77.91,71.19,72.10,71.70
79.55,79.55,67.38,70.07,71.53
81.58,81.58,67.86,70.15,71.94
81.78,81.78,67.36,68.73,71.42
80.54,80.54,63.55,68.58,70.55
81.27,81.27,67.53,66.60,68.57
79.97,79.97,68.67,62.57,70.59
79.92,79.92,80.05,64.88,68.90
77.13,77.13,89.19,62.63,67.83
76.48,76.48,92.98,61.87,69.04
73.51,73.51,90.84,65.12,68.53
69.52,69.52,90.96,69.42,71.64
67.30,67.30,91.09,66.91,70.83
67.45,67.45,89.93,68.01,71.31
67.16,67.16,88.51,67.47,71.84
68.06,68.06,81.90,69.76,73.34
65.07,65.07,72.88,71.44,73.62
65.56,65.56,83.67,71.42,73.74
65.11,65.11,81.11,73.20,74.20
61.94,61.94,74.85,73.76,73.19
62.88,62.88,71.50,73.50,72.79
63.37,63.37,62.77,73.27,73.61
62.19,62.19,70.92,72.41,73.62
60.95,60.95,64.01,73.44,73.39
58.53,58.53,63.67,73.17,72.65
68.33,68.33,71.51,74.65,72.70
65.58,65.58,76.78,71.25,72.98
74.17,74.17,84.53,74.18,72.45
79.00,79.00,84.80,69.20,72.91
80.69,80.69,85.22,70.29,73.91
83.19,83.19,81.14,74.92,75.48
81.27,81.27,74.74,73.85,77.03
84.99,84.99,77.47,72.77,77.82
82.70,82.70,67.73,72.06,78.23
85.47,85.47,72.80,71.44,75.27
86.61,86.61,72.68,70.72,69.78
87.04,87.04,66.47,68.42,61.30
85.00,85.00,52.33,68.09,62.07
82.25,82.25,52.57,68.39,63.46
87.30,87.30,52.10,67.22,64.53
83.41,83.41,44.17,66.01,63.17
83.93,83.93,46.70,67.76,63.24
82.64,82.64,46.59,66.77,63.02
83.54,83.54,43.10,66.31,61.45
84.71,84.71,42.21,66.54,60.50
84.03,84.03,43.13,65.20,60.76
81.58,81.58,37.44,61.41,60.90
84.19,84.19,31.94,58.23,58.91
82.97,82.97,32.64,53.86,59.63
84.72,84.72,32.70,47.93,60.59
83.01,83.01,33.81,43.05,61.16
82.61,82.61,35.19,38.11,60.17
83.69,83.69,37.46,30.80,60.92
84.23,84.23,38.45,28.14,60.92
83.21,83.21,38.03,23.36,60.67
83.68,83.68,39.08,17.61,59.75
84.66,84.66,39.04,19.33,60.92
83.64,83.64,39.50,19.86,62.15
83.82,83.82,40.45,22.39,61.75
82.87,82.87,42.38,24.08,62.37
82.42,82.42,38.01,22.21,61.98
82.29,82.29,36.96,27.43,61.80
82.45,82.45,37.53,23.12,62.57
80.17,80.17,39.73,26.46,62.34
74.71,74.71,39.10,26.93,54.44
67.11,67.11,47.22,26.61,55.62
66.48,66.48,35.58,25.51,61.89
65.17,65.17,44.55,27.87,63.52
65.77,65.77,41.86,29.09,64.34
66.15,66.15,42.47,20.72,65.28
67.59,67.59,41.62,27.03,64.12
65.37,65.37,38.84,25.12,65.67
63.12,63.12,43.70,26.19,66.29
64.73,64.73,41.04,19.24,66.12
63.77,63.77,43.89,26.39,66.53
61.04,61.04,43.30,25.33,64.86
60.89,60.89,44.66,24.27,63.71
61.09,61.09,41.77,29.46,63.64
59.45,59.45,44.70,28.89,62.41
61.84,61.84,38.41,22.76,60.29
62.71,62.71,43.57,29.35,58.26
63.98,63.98,48.46,37.26,55.58
65.49,65.49,63.91,57.14,61.85
71.59,71.59,85.90,63.63,69.70
78.01,78.01,90.50,63.79,68.51
79.48,79.48,93.01,71.63,67.77
80.48,80.48,92.64,75.18,70.55
80.53,80.53,90.85,75.96,69.05
80.78,80.78,89.14,76.68,71.61
77.78,77.78,88.52,73.66,73.37
78.69,78.69,85.63,77.08,71.19
79.10,79.10,84.41,79.61,72.50
79.01,79.01,76.58,77.51,71.55
81.06,81.06,77.20,78.01,69.14
79.43,79.43,79.92,77.17,70.51
80.09,80.09,71.20,79.20,70.89
79.97,79.97,58.35,78.20,70.89
78.85,78.85,61.38,78.71,70.99
80.73,80.73,64.59,78.81,71.09
80.98,80.98,63.31,79.17,71.47
78.51,78.51,63.21,77.99,74.08
78.95,78.95,64.98,78.80,74.01
80.27,80.27,60.14,76.81,74.41
79.67,79.67,61.27,78.95,75.06
78.31,78.31,60.08,76.59,73.60
80.25,80.25,61.32,77.23,74.02
78.85,78.85,64.54,76.98,73.28
78.79,78.79,62.82,73.65,72.83
79.51,79.51,63.14,74.85,71.78
78.02,78.02,60.93,70.50,72.11
77.97,77.97,63.77,74.40,72.00
77.84,77.84,69.94,75.06,71.93
78.53,78.53,70.48,72.04,72.97
77.75,77.75,73.68,72.81,71.39
77.91,77.91,74.05,72.85,72.14
79.43,79.43,67.60,72.03,72.18
80.36,80.36,63.82,72.01,72.66
80.85,80.85,61.56,71.15,74.48
81.32,81.32,60.99,72.34,71.62
78.97,78.97,60.82,67.61,70.42
78.71,78.71,69.42,65.89,69.49
78.96,78.96,81.58,65.23,69.49
78.52,78.52,88.76,61.31,68.59
78.65,78.65,92.63,62.72,67.03
77.95,77.95,90.79,63.18,68.39
78.80,78.80,91.00,62.14,68.88
80.59,80.59,87.06,67.03,68.99
79.20,79.20,87.70,66.92,70.07
79.80,79.80,84.62,69.53,71.22
79.94,79.94,82.23,71.08,70.67
81.23,81.23,69.21,73.40,72.78
80.72,80.72,81.36,73.03,71.63
81.60,81.60,82.63,73.37,72.20
81.38,81.38,74.50,74.09,72.30
79.34,79.34,70.01,73.55,71.59
79.08,79.08,62.79,76.21,71.75
79.89,79.89,67.18,75.60,72.62
80.18,80.18,67.74,76.22,72.24
81.17,81.17,60.77,74.87,71.09
81.60,81.60,70.21,76.38,69.69
80.23,80.23,78.02,73.71,68.23
80.40,80.40,80.69,72.46,66.90
78.49,78.49,83.60,73.98,66.68
78.32,78.32,82.56,76.90,65.56
78.69,78.69,73.85,77.14,67.71
81.42,81.42,71.06,75.00,68.62
81.19,81.19,74.15,74.52,71.07
80.75,80.75,71.57,75.01,70.20
82.26,82.26,66.10,77.46,70.53
82.01,82.01,65.72,75.23,68.59
80.81,80.81,62.02,77.43,69.94
80.30,80.30,57.19,76.01,70.16
80.31,80.31,58.57,78.37,69.83
81.91,81.91,55.41,76.94,70.42
82.08,82.08,56.52,76.38,70.40
81.47,81.47,51.12,77.74,70.22
81.77,81.77,52.26,75.51,71.04
82.15,82.15,54.24,75.65,70.73
82.35,82.35,55.61,74.72,69.92
83.19,83.19,58.91,73.69,71.43
82.98,82.98,63.54,72.06,70.41
80.93,80.93,68.09,73.70,71.13
81.86,81.86,72.37,73.27,71.99
82.76,82.76,73.53,74.97,71.34
84.33,84.33,71.33,72.19,69.93
86.33,86.33,70.96,73.62,71.69
84.47,84.47,69.81,74.63,71.12
83.52,83.52,64.38,74.18,71.14
84.18,84.18,64.24,74.09,70.91
83.56,83.56,68.56,72.58,70.53
82.07,82.07,71.82,74.24,71.72
83.31,83.31,74.14,73.39,69.17
82.62,82.62,68.68,73.56,69.04
82.36,82.36,61.41,72.95,69.06
83.92,83.92,58.45,74.44,68.74
85.96,85.96,54.01,72.95,68.28
84.52,84.52,61.78,73.21,68.32
83.90,83.90,62.34,72.19,67.47
84.72,84.72,69.19,71.25,69.25
80.88,80.88,87.78,72.70,69.13
82.30,82.30,91.72,72.85,68.44
82.39,82.39,88.00,75.51,68.95
80.91,80.91,89.64,72.25,67.71
82.64,82.64,87.95,70.71,69.98
81.76,81.76,90.18,69.15,71.36
83.21,83.21,87.90,71.48,72.49
81.50,81.50,76.81,71.88,72.93
83.44,83.44,76.93,73.83,70.66
83.03,83.03,78.11,73.69,67.36
82.84,82.84,82.41,77.15,68.53
84.03,84.03,79.18,76.39,69.68
87.01,87.01,74.81,75.94,68.91
84.73,84.73,74.48,74.33,67.58
86.08,86.08,67.52,73.81,68.33
84.95,84.95,65.78,72.27,67.91
84.02,84.02,71.04,71.52,67.65
83.29,83.29,79.97,72.27,68.11
81.95,81.95,90.15,67.52,68.40
80.11,80.11,89.06,62.44,66.83
81.43,81.43,90.12,62.88,71.54
80.63,80.63,88.72,59.09,72.57
82.38,82.38,90.84,66.51,68.72
83.05,83.05,86.15,66.40,71.76
83.59,83.59,85.51,68.22,72.84
83.36,83.36,82.53,70.67,73.36
82.42,82.42,72.62,71.06,72.06
82.14,82.14,79.51,71.59,70.87
81.79,81.79,80.04,72.22,70.43
82.06,82.06,79.19,73.42,70.78
85.78,85.78,72.68,72.15,70.14
85.13,85.13,63.37,70.68,69.56
83.69,83.69,66.46,73.00,70.38
83.86,83.86,58.98,71.78,70.30
83.90,83.90,66.92,72.99,70.78
84.22,84.22,72.51,69.55,68.44
82.33,82.33,79.62,69.25,66.20
82.11,82.11,82.44,68.55,67.77
82.69,82.69,78.54,69.71,66.73
82.19,82.19,74.09,67.70,68.48
84.42,84.42,69.88,65.54,68.06
82.65,82.65,69.99,66.72,67.20
82.89,82.89,74.78,70.01,69.17
84.17,84.17,73.22,72.50,68.91
82.73,82.73,68.79,72.14,69.53
84.85,84.85,67.44,73.18,69.18
86.07,86.07,68.94,71.24,70.16
85.90,85.90,63.77,72.22,70.01
85.35,85.35,65.22,69.68,68.69
85.10,85.10,65.70,69.79,68.49
83.39,83.39,84.87,65.94,67.34
80.45,80.45,88.66,67.21,66.14
80.54,80.54,89.23,71.10,66.56
81.24,81.24,84.32,70.87,64.87
81.90,81.90,78.39,70.71,63.28
82.09,82.09,79.11,69.44,63.43
82.72,82.72,80.11,70.64,66.14
81.81,81.81,84.99,69.88,66.74
82.57,82.57,83.33,69.54,70.38
85.10,85.10,71.58,62.76,71.80
85.09,85.09,73.23,64.21,71.68
85.88,85.88,74.23,69.52,70.09
85.20,85.20,72.63,69.28,68.89
84.00,84.00,72.09,69.46,67.34
83.65,83.65,73.17,68.88,66.55
82.29,82.29,86.24,68.45,69.41
79.87,79.87,92.70,64.91,65.84
80.46,80.46,89.92,63.64,67.15
82.83,82.83,87.06,66.74,65.62
83.87,83.87,90.19,67.00,64.28
84.03,84.03,89.80,63.03,64.50
84.07,84.07,88.35,65.61,66.49
83.26,83.26,74.05,61.79,67.84
83.62,83.62,77.13,53.98,67.56
81.63,81.63,84.02,63.54,68.51
78.07,78.07,92.67,68.97,67.42
77.78,77.78,90.46,73.32,68.93
78.84,78.84,90.36,69.71,70.59
80.06,80.06,89.18,67.67,68.46
83.50,83.50,89.20,64.33,71.63
84.44,84.44,85.77,66.38,70.66
82.50,82.50,77.05,69.44,72.82
79.85,79.85,81.85,66.79,73.09
80.62,80.62,79.24,65.74,73.04
82.53,82.53,77.50,64.01,71.70
82.88,82.88,74.88,64.14,70.21
84.15,84.15,73.09,63.92,71.29
83.91,83.91,67.87,60.11,70.76
83.59,83.59,60.74,69.07,67.11
83.40,83.40,68.44,71.61,67.06
82.34,82.34,62.46,68.93,66.67
83.70,83.70,71.93,69.60,67.81
84.17,84.17,84.44,66.75,68.36
83.57,83.57,79.51,59.25,70.14
83.46,83.46,80.05,59.64,69.89
81.88,81.88,85.00,64.04,69.80
80.82,80.82,92.41,62.27,67.38
80.52,80.52,90.70,61.66,68.10
80.89,80.89,87.74,67.73,70.93
81.28,81.28,85.72,70.03,71.89
80.13,80.13,84.39,67.85,71.36
80.69,80.69,79.29,68.81,71.46
79.81,79.81,73.67,67.91,70.72
79.71,79.71,78.33,67.36,70.86
79.92,79.92,77.75,68.76,69.70
80.55,80.55,74.18,67.40,70.70
82.71,82.71,67.43,68.90,69.60
84.22,84.22,68.95,67.91,69.85
86.07,86.07,59.53,68.39,67.65
86.84,86.84,67.10,68.17,66.06
83.03,83.03,68.12,69.68,64.98
83.32,83.32,80.60,69.74,66.42
81.07,81.07,83.18,68.41,66.94
78.69,78.69,92.20,66.29,66.48
79.06,79.06,87.04,64.77,66.58
77.79,77.79,88.82,60.41,65.52
76.31,76.31,90.90,60.15,67.12
73.50,73.50,91.89,58.60,66.80
75.60,75.60,88.88,63.99,68.39
78.29,78.29,78.65,68.09,66.76
77.19,77.19,81.26,70.60,66.45
77.13,77.13,82.46,69.29,65.65
77.22,77.22,77.68,60.61,67.39
78.11,78.11,75.80,63.53,66.94
78.04,78.04,74.40,68.09,66.99
78.98,78.98,74.74,63.97,66.91
78.14,78.14,67.88,65.65,67.17
76.54,76.54,65.63,65.73,68.09
75.80,75.80,71.65,65.32,69.09
74.03,74.03,86.29,63.94,67.07
74.40,74.40,88.89,53.02,67.83
76.80,76.80,89.15,66.31,72.42
76.65,76.65,87.44,74.77,68.48
78.94,78.94,87.37,73.83,67.90
75.43,75.43,91.04,69.37,70.41
76.49,76.49,87.27,70.61,69.99
79.00,79.00,82.06,72.21,68.71
79.00,79.00,77.76,74.15,69.82
80.73,80.73,78.28,72.59,71.08
78.47,78.47,76.65,72.48,72.18
78.53,78.53,74.80,72.16,71.79
80.20,80.20,66.27,71.99,68.12
80.04,80.04,60.79,72.53,69.29
80.30,80.30,69.95,69.51,70.75
79.97,79.97,65.57,63.95,71.17
81.13,81.13,66.52,64.43,71.51
80.16,80.16,69.32,62.08,68.18
79.59,79.59,69.72,57.05,64.06
81.21,81.21,83.62,59.89,66.18
79.79,79.79,90.59,65.29,65.70
78.54,78.54,88.45,75.19,67.46
78.58,78.58,89.02,76.27,67.70
78.60,78.60,91.78,76.87,67.14
79.99,79.99,91.02,73.12,67.85
82.59,82.59,76.96,67.94,70.05
81.30,81.30,84.54,71.31,70.47
81.71,81.71,78.67,73.33,72.77
83.57,83.57,78.36,75.75,72.27
84.37,84.37,83.78,71.57,72.59
84.46,84.46,82.14,71.13,71.16
85.52,85.52,76.95,68.48,70.86
84.84,84.84,73.41,66.20,70.41
82.66,82.66,63.03,62.74,70.75
81.46,81.46,67.50,62.12,69.48
83.07,83.07,62.45,56.95,71.72
81.67,81.67,60.53,57.42,70.49
80.92,80.92,63.46,50.33,68.13
80.67,80.67,76.97,59.02,68.66
82.12,82.12,86.62,61.09,65.95
83.14,83.14,89.94,65.69,66.62
83.19,83.19,87.47,67.34,67.42
81.32,81.32,90.75,69.29,66.13
84.09,84.09,87.37,66.65,66.34
83.22,83.22,88.70,71.13,67.41
82.80,82.80,84.59,70.40,65.70
81.45,81.45,72.68,70.24,68.12
82.67,82.67,79.90,68.35,67.39
80.97,80.97,81.59,67.90,69.01
80.13,80.13,79.78,63.68,69.85
83.65,83.65,74.69,64.26,69.53
81.68,81.68,74.11,67.46,68.98
82.10,82.10,76.44,65.91,71.20
80.83,80.83,60.21,64.85,69.20
82.80,82.80,69.32,64.49,70.00
83.50,83.50,64.74,59.34,70.82
83.36,83.36,66.33,49.73,66.34
81.42,81.42,79.20,60.26,67.18
81.61,81.61,86.89,63.13,65.66
80.51,80.51,91.05,72.24,64.61
81.39,81.39,90.33,74.88,68.09
82.76,82.76,84.33,74.37,68.21
81.40,81.40,87.88,73.93,67.30
80.86,80.86,87.10,73.42,68.07
82.78,82.78,82.89,70.19,67.55
81.54,81.54,77.34,71.71,67.37
81.75,81.75,76.01,71.54,67.71
82.32,82.32,78.58,73.08,67.80
81.56,81.56,81.09,67.77,68.13
82.98,82.98,77.12,69.30,68.33
82.25,82.25,69.89,67.61,67.15
81.55,81.55,64.43,67.87,67.66
80.27,80.27,68.48,68.14,66.16
80.64,80.64,68.06,64.66,66.85
79.55,79.55,70.52,59.83,66.12
80.93,80.93,69.87,62.63,68.25
80.07,80.07,85.45,66.02,68.96
80.48,80.48,81.36,62.24,66.62
81.04,81.04,91.35,65.41,64.22
79.99,79.99,90.99,69.85,63.68
78.92,78.92,90.25,76.55,64.64
78.60,78.60,83.21,73.83,66.16
78.39,78.39,83.08,74.55,65.08
78.33,78.33,80.69,74.78,66.27
80.71,80.71,74.21,76.36,67.39
78.49,78.49,80.47,77.21,69.05
80.72,80.72,77.45,76.14,67.94
78.74,78.74,76.01,73.43,69.44
79.51,79.51,68.31,70.79,70.15
77.77,77.77,57.06,70.50,67.59
78.77,78.77,60.39,70.39,67.11
78.41,78.41,68.39,69.53,67.14
79.05,79.05,60.61,65.85,67.53
79.19,79.19,70.13,56.60,65.57
77.74,77.74,74.13,53.88,68.84
77.50,77.50,88.09,61.35,66.60
77.57,77.57,89.56,62.04,65.02
77.57,77.57,91.29,64.17,64.49
77.24,77.24,88.07,66.61,66.46
79.43,79.43,86.78,71.33,68.44
80.55,80.55,87.67,68.72,66.66
78.84,78.84,86.95,69.67,66.00
76.00,76.00,81.33,65.41,68.98
76.62,76.62,79.80,67.24,69.33
78.39,78.39,79.79,71.61,67.82
78.98,78.98,73.31,68.19,69.01
78.71,78.71,74.77,67.68,68.34
78.71,78.71,69.68,66.07,69.78
78.93,78.93,60.55,65.27,69.78
81.30,81.30,62.67,64.09,70.26
79.76,79.76,65.91,61.80,68.74
80.69,80.69,62.11,54.15,68.78
79.11,79.11,67.28,50.83,67.14
76.75,76.75,81.09,58.66,69.54
76.91,76.91,89.81,59.94,70.52
76.49,76.49,89.26,68.86,70.51
78.89,78.89,88.72,70.97,69.31
77.25,77.25,89.61,71.81,69.46
80.33,80.33,87.05,69.22,70.75
80.06,80.06,89.48,68.20,71.19
79.68,79.68,85.11,66.69,70.48
82.65,82.65,75.86,68.61,71.12
82.83,82.83,80.71,72.58,72.34
83.61,83.61,81.89,69.57,71.69
82.95,82.95,72.19,66.58,71.00
81.22,81.22,68.41,69.65,70.12
83.01,83.01,72.34,67.98,70.08
83.02,83.02,72.88,62.91,70.79
82.12,82.12,62.18,59.20,69.75
84.12,84.12,63.17,62.42,69.59
82.50,82.50,64.82,59.68,68.04
83.21,83.21,65.40,45.69,67.63
83.27,83.27,78.87,56.39,69.16
81.84,81.84,84.00,54.33,67.45
80.81,80.81,92.20,67.74,65.71
81.51,81.51,88.33,72.63,64.07
79.39,79.39,88.52,72.10,65.89
80.77,80.77,88.44,70.09,67.01
82.23,82.23,86.71,69.27,67.80
80.99,80.99,85.03,71.75,69.11
82.66,82.66,72.42,72.58,70.65
81.43,81.43,74.57,72.34,70.76
83.45,83.45,75.10,70.77,71.13
83.26,83.26,74.80,71.58,69.89
83.36,83.36,74.59,69.87,69.30
83.63,83.63,66.77,67.59,67.18
83.95,83.95,66.02,64.29,67.73
83.52,83.52,65.86,65.11,68.64
81.85,81.85,61.14,56.69,66.81
82.50,82.50,62.57,47.38,67.61
82.10,82.10,65.79,47.05,68.16
81.97,81.97,81.90,54.34,68.54
80.86,80.86,87.25,63.57,66.65
79.50,79.50,84.23,74.13,67.57
80.86,80.86,89.23,75.22,67.58
80.74,80.74,87.52,75.91,67.03
81.86,81.86,84.66,77.13,68.19
81.03,81.03,87.20,74.91,68.29
80.61,80.61,81.85,73.86,66.36
81.79,81.79,76.57,72.91,67.77
82.90,82.90,72.68,74.08,67.96
82.06,82.06,77.19,75.88,68.63
81.64,81.64,78.86,73.19,69.59
82.61,82.61,68.00,70.56,69.40
81.72,81.72,67.35,68.85,69.64
83.27,83.27,67.70,67.90,69.00
82.21,82.21,64.94,67.89,67.99
80.96,80.96,62.39,62.10,68.24
79.56,79.56,68.81,53.28,68.15
81.62,81.62,68.56,49.02,65.57
80.78,80.78,83.16,54.73,66.88
80.62,80.62,87.19,64.79,65.39
80.29,80.29,90.35,68.31,64.45
79.29,79.29,90.63,70.21,68.88
80.29,80.29,86.42,69.33,69.42
82.28,82.28,82.87,66.85,69.05
80.95,80.95,86.38,71.91,68.56
79.69,79.69,82.70,74.48,70.54
81.06,81.06,74.58,71.40,71.47
79.62,79.62,72.01,70.50,70.63
81.65,81.65,76.93,71.18,69.67
80.42,80.42,78.86,71.83,68.37
83.11,83.11,66.12,70.13,68.39
83.37,83.37,74.49,70.38,68.39
83.14,83.14,68.55,70.68,67.83
82.08,82.08,69.33,59.96,70.05
79.32,79.32,69.48,60.84,68.24
80.21,80.21,69.02,51.12,66.99
79.58,79.58,69.62,52.34,66.92
79.75,79.75,81.35,58.05,67.72
78.55,78.55,87.80,66.34,68.20
81.25,81.25,91.35,67.96,69.73
82.75,82.75,84.74,70.89,71.19
80.66,80.66,88.23,72.57,71.58
82.89,82.89,89.11,67.77,72.27
81.04,81.04,81.55,69.20,74.54
82.96,82.96,81.34,70.02,71.39
83.36,83.36,81.23,69.40,73.17
82.21,82.21,81.63,69.30,72.24
84.42,84.42,77.49,68.76,72.62
81.77,81.77,78.47,66.41,74.07
81.81,81.81,77.95,58.49,70.80
79.86,79.86,87.63,58.05,70.16
78.69,78.69,91.86,60.16,68.03
80.23,80.23,88.57,54.69,68.03
79.40,79.40,87.26,45.91,68.84
80.32,80.32,88.75,54.01,70.92
82.60,82.60,83.71,58.42,67.63
82.35,82.35,78.41,58.54,66.55
81.26,81.26,75.81,65.70,67.01
81.27,81.27,90.34,70.98,64.76
78.83,78.83,89.64,72.33,67.22
78.61,78.61,91.48,71.46,73.77
79.89,79.89,91.08,69.17,68.63
79.71,79.71,82.31,67.65,69.56
82.46,82.46,86.28,71.12,67.99
84.11,84.11,84.94,68.25,66.50
83.06,83.06,79.76,67.78,69.16
82.77,82.77,79.37,66.98,70.99
80.12,80.12,78.02,65.10,70.44
80.64,80.64,70.56,63.33,69.20
81.88,81.88,73.75,62.53,69.06
82.45,82.45,70.63,55.54,67.48
82.05,82.05,69.99,55.23,68.87
81.60,81.60,72.60,48.31,70.26
81.53,81.53,72.88,57.47,71.93
80.30,80.30,88.47,69.50,75.11
79.06,79.06,84.14,71.53,72.36
79.79,79.79,87.49,70.88,73.50
81.16,81.16,85.59,72.46,71.45
79.40,79.40,86.99,72.97,72.68
81.76,81.76,89.16,72.44,73.02
80.70,80.70,86.15,72.92,72.02
83.49,83.49,81.85,73.97,72.87
82.21,82.21,75.77,73.86,72.40
81.04,81.04,73.94,72.29,70.85
79.60,79.60,71.93,72.58,71.17
81.85,81.85,76.67,71.13,71.13
83.19,83.19,74.82,70.27,72.92
81.66,81.66,69.50,71.09,72.46
80.46,80.46,65.69,67.13,72.43
79.87,79.87,64.56,64.48,72.88
78.82,78.82,65.91,63.10,73.74
81.75,81.75,65.68,58.83,73.54
80.96,80.96,69.27,51.39,75.12
81.13,81.13,83.26,51.41,74.89
80.58,80.58,89.47,60.33,72.28
82.25,82.25,90.57,66.19,73.30
81.25,81.25,89.10,71.84,73.82
78.86,78.86,89.08,76.72,73.43
81.99,81.99,79.54,77.13,76.45
80.68,80.68,79.09,78.56,75.23
81.59,81.59,68.01,78.98,77.23
82.75,82.75,70.48,77.72,76.75
82.78,82.78,81.93,77.34,76.82
82.21,82.21,79.13,74.38,76.64
82.32,82.32,73.39,71.03,76.69
81.80,81.80,69.34,69.13,77.78
82.36,82.36,68.64,71.35,77.61
82.15,82.15,62.28,70.96,76.95
82.43,82.43,63.65,68.46,77.58
83.52,83.52,64.39,62.56,77.06
81.73,81.73,67.11,55.57,74.19
82.06,82.06,80.07,60.85,72.91
80.65,80.65,89.23,64.45,73.11
81.06,81.06,87.15,65.32,73.85
81.37,81.37,88.53,67.05,73.53
80.44,80.44,88.11,68.95,75.28
80.82,80.82,84.68,68.76,73.86
81.06,81.06,86.44,68.15,72.89
81.71,81.71,85.96,69.48,72.86
81.92,81.92,76.39,66.34,73.85
83.84,83.84,75.52,68.48,75.92
81.81,81.81,79.61,68.73,73.24
82.82,82.82,70.13,66.45,72.96
81.35,81.35,72.33,65.44,74.44
81.72,81.72,67.22,63.08,71.89
82.92,82.92,64.63,60.73,75.37
81.40,81.40,67.25,52.26,72.69
82.05,82.05,69.18,51.04,74.74
81.26,81.26,67.10,43.83,73.67
80.78,80.78,71.17,51.73,74.93
80.18,80.18,85.35,64.23,73.96
79.56,79.56,84.39,68.20,72.11
80.10,80.10,90.70,66.62,73.31
80.82,80.82,84.80,69.30,72.82
80.66,80.66,81.57,67.98,75.68
80.77,80.77,87.74,68.79,74.62
80.46,80.46,81.38,69.85,76.27
81.82,81.82,80.73,71.69,74.01
80.99,80.99,78.48,70.74,77.04
82.56,82.56,73.83,71.57,76.79
80.78,80.78,65.66,70.98,75.71
80.73,80.73,74.98,70.50,75.98
81.97,81.97,70.66,70.89,76.20
82.07,82.07,63.91,68.81,76.43
82.48,82.48,58.98,69.09,76.54
81.35,81.35,69.76,66.72,76.44
80.14,80.14,67.08,59.27,76.52
79.87,79.87,65.49,49.64,74.33
79.87,79.87,69.76,52.16,76.74
77.23,77.23,86.77,63.02,75.49
79.61,79.61,87.20,68.75,75.51
79.51,79.51,88.69,71.91,75.42
79.12,79.12,87.22,74.11,74.96
79.93,79.93,83.53,74.11,76.58
79.32,79.32,87.78,70.49,76.00
79.82,79.82,84.01,74.21,75.28
82.22,82.22,71.07,75.74,74.70
80.93,80.93,69.97,75.80,74.73
82.75,82.75,74.77,76.92,74.82
80.70,80.70,72.91,74.67,73.46
82.37,82.37,74.36,71.69,72.52
79.46,79.46,71.55,70.58,74.45
81.54,81.54,67.57,66.25,74.59
81.68,81.68,64.73,65.71,76.86
80.68,80.68,63.84,62.00,75.45
81.33,81.33,66.54,51.56,75.61
80.82,80.82,71.03,51.12,73.66
80.51,80.51,79.90,62.57,74.67
78.57,78.57,87.37,57.03,73.90
80.77,80.77,89.29,71.58,71.80
79.77,79.77,86.56,74.50,72.20
81.73,81.73,85.53,73.93,73.48
78.67,78.67,86.63,74.20,76.17
79.49,79.49,87.47,73.14,76.73
78.62,78.62,76.28,73.27,77.44
81.14,81.14,76.47,74.33,74.93
79.65,79.65,70.41,74.84,74.00
82.18,82.18,67.32,71.94,73.90
81.05,81.05,73.26,68.16,72.10
81.00,81.00,69.68,65.04,74.16
81.21,81.21,69.25,61.15,74.14
80.50,80.50,68.77,48.51,73.59
80.78,80.78,67.04,45.03,72.44
80.42,80.42,61.06,46.26,72.40
80.18,80.18,67.06,47.72,70.87
80.22,80.22,76.12,61.66,74.09
80.57,80.57,84.89,61.98,72.72
78.95,78.95,90.66,63.53,70.95
85.56,85.56,88.18,70.96,71.00
83.97,83.97,79.15,71.18,73.12
81.76,81.76,83.83,72.99,72.53
81.36,81.36,85.74,74.66,72.00
82.46,82.46,79.73,77.13,70.77
82.13,82.13,80.03,78.16,71.57
81.61,81.61,66.85,77.85,71.88
81.53,81.53,75.25,77.36,72.62
81.94,81.94,76.15,76.07,72.12
80.83,80.83,70.12,73.91,71.98
82.50,82.50,65.16,71.94,71.95
82.51,82.51,61.45,68.65,73.01
82.43,82.43,63.56,65.59,71.46
81.63,81.63,63.83,63.02,72.47
82.44,82.44,64.58,56.71,72.66
80.78,80.78,66.81,59.70,74.33
82.08,82.08,85.74,65.12,74.14
81.50,81.50,88.16,62.34,73.91
80.18,80.18,87.67,70.90,74.16
79.94,79.94,89.76,68.83,73.45
80.64,80.64,78.62,71.24,73.44
81.90,81.90,80.93,70.79,74.96
81.74,81.74,84.21,71.90,75.55
80.79,80.79,77.00,74.07,76.53
80.81,80.81,66.25,74.62,76.42
80.68,80.68,69.28,75.42,77.11
78.81,78.81,71.24,75.33,76.62
79.23,79.23,76.11,73.76,76.31
80.68,80.68,70.15,71.50,77.25
80.83,80.83,63.91,71.06,76.39
80.09,80.09,60.47,69.29,74.68
80.66,80.66,60.13,65.66,74.15
80.25,80.25,58.70,56.13,74.04
81.24,81.24,62.77,54.31,75.76
80.65,80.65,64.57,55.25,76.03
79.34,79.34,81.31,63.21,77.24
79.79,79.79,89.65,62.47,79.03
79.44,79.44,89.60,68.66,78.52
79.19,79.19,85.27,71.14,79.57
80.11,80.11,85.26,73.48,79.49
80.13,80.13,84.84,71.43,77.36
80.89,80.89,85.27,74.07,76.26
79.65,79.65,76.62,74.86,79.80
82.10,82.10,79.22,74.79,80.96
80.78,80.78,76.07,74.43,80.00
81.06,81.06,74.06,73.72,77.25
81.37,81.37,70.78,69.98,74.47
81.33,81.33,68.04,67.51,72.62
81.58,81.58,62.53,63.22,72.45
81.05,81.05,60.84,59.66,74.51
80.72,80.72,58.77,60.68,73.77
81.26,81.26,58.60,58.83,74.81
81.27,81.27,63.84,54.91,74.23
81.40,81.40,68.71,51.57,72.35
81.22,81.22,79.24,67.45,72.01
80.17,80.17,85.22,70.77,70.67
79.47,79.47,86.40,69.71,71.25
80.02,80.02,87.83,69.47,73.65
80.74,80.74,84.01,70.78,75.43
80.70,80.70,82.31,72.63,74.08
80.96,80.96,85.44,72.76,73.72
81.91,81.91,84.28,75.15,73.62
82.99,82.99,75.67,75.10,74.07
81.89,81.89,74.78,74.20,74.12
81.04,81.04,73.76,70.87,74.01
82.13,82.13,69.10,67.19,73.41
81.99,81.99,65.93,60.52,74.07
82.15,82.15,64.00,58.18,74.03
80.62,80.62,60.71,56.50,73.57
82.67,82.67,60.38,46.62,72.54
81.46,81.46,62.28,56.82,73.49
82.12,82.12,65.53,59.70,72.74
81.20,81.20,74.37,65.97,73.56
80.77,80.77,81.60,69.36,70.75
80.97,80.97,83.66,77.06,70.69
79.93,79.93,90.38,76.58,71.06
81.52,81.52,85.12,73.09,70.98
81.19,81.19,87.02,73.68,73.75
79.32,79.32,87.68,72.86,77.71
82.47,82.47,84.82,76.97,74.55
81.64,81.64,77.93,80.52,72.31
81.32,81.32,71.71,80.21,73.22
82.32,82.32,81.10,78.50,73.21
81.20,81.20,76.83,78.51,71.06
81.72,81.72,81.00,77.61,71.32
82.51,82.51,80.37,76.81,74.80
82.17,82.17,75.63,77.86,71.72
82.53,82.53,68.66,74.25,71.49
82.72,82.72,65.18,73.82,71.75
82.47,82.47,66.56,73.86,70.00
81.93,81.93,81.99,70.14,70.90
83.65,83.65,80.33,67.30,69.42
82.67,82.67,75.47,69.73,70.30
81.85,81.85,69.87,68.68,71.74
81.92,81.92,74.99,73.68,70.81
81.19,81.19,87.48,75.64,70.24
79.09,79.09,89.15,73.98,69.94
82.00,82.00,85.43,78.17,72.56
83.74,83.74,85.15,80.02,70.69
82.26,82.26,82.31,74.79,71.83
82.84,82.84,84.16,72.55,70.37
82.02,82.02,75.43,74.34,74.69
81.79,81.79,70.78,74.99,73.70
82.51,82.51,72.89,74.83,70.52
81.13,81.13,73.85,75.20,69.67
82.72,82.72,68.88,77.60,70.00
82.22,82.22,70.03,74.99,68.15
80.44,80.44,71.50,74.50,68.31
79.99,79.99,74.54,77.15,68.35
83.97,83.97,79.46,76.00,69.43
84.17,84.17,83.34,73.80,68.90
82.53,82.53,88.04,70.63,69.48
82.86,82.86,84.45,66.02,70.78
82.16,82.16,83.89,68.93,71.85
83.16,83.16,86.24,72.26,73.05
84.70,84.70,78.15,74.97,72.13
85.31,85.31,75.21,73.88,71.57
84.74,84.74,74.77,75.36,73.03
83.12,83.12,64.34,74.75,72.54
90.91,90.91,78.29,75.53,70.48
89.42,89.42,77.58,73.33,72.42
83.56,83.56,75.31,74.83,72.34
85.37,85.37,68.86,75.27,73.16
86.43,86.43,64.17,75.28,72.26
85.40,85.40,58.78,77.48,72.61
85.90,85.90,54.26,74.54,71.65
86.66,86.66,59.31,76.65,72.94
84.98,84.98,61.50,75.09,72.71
81.20,81.20,60.97,75.41,74.14
82.63,82.63,59.72,73.58,73.43
84.73,84.73,60.06,73.28,71.29
77.06,77.06,59.15,70.40,72.57
81.01,81.01,57.18,66.64,73.60
86.24,86.24,59.07,64.67,73.43
85.51,85.51,63.85,61.98,73.02
82.10,82.10,66.48,63.86,72.57
82.83,82.83,62.13,61.18,72.75
83.64,83.64,56.51,59.17,74.05
86.62,86.62,55.87,59.89,72.96
86.13,86.13,61.73,52.99,73.02
83.85,83.85,67.53,51.71,71.69
83.03,83.03,71.33,51.99,72.17
85.07,85.07,72.21,54.58,71.36
83.34,83.34,69.05,53.23,72.18
85.14,85.14,68.68,57.94,72.29
82.66,82.66,62.67,52.96,72.35
82.60,82.60,65.32,50.02,73.32
84.95,84.95,71.11,37.68,72.23
84.29,84.29,76.58,35.31,71.97
81.92,81.92,86.26,35.73,71.64
81.43,81.43,85.49,35.64,70.69
81.18,81.18,88.55,36.23,71.45
79.92,79.92,86.12,45.60,71.75
81.94,81.94,86.43,45.77,71.54
83.99,83.99,83.82,43.37,72.23
82.47,82.47,83.50,43.32,71.95
81.70,81.70,80.12,47.15,72.48
82.15,82.15,69.81,48.26,72.92
82.09,82.09,75.98,47.25,74.39
82.34,82.34,76.81,48.81,74.06
78.79,78.79,75.21,51.68,74.55
79.36,79.36,71.80,48.84,74.90
81.66,81.66,65.83,52.84,72.82
80.65,80.65,58.42,52.59,72.62
82.60,82.60,53.69,55.03,73.22
81.28,81.28,57.37,51.83,74.63
79.32,79.32,63.58,48.74,72.97
79.37,79.37,71.55,40.25,71.77
80.24,80.24,77.83,43.75,69.38
80.55,80.55,79.76,40.57,70.20
82.18,82.18,79.43,39.38,70.11
80.77,80.77,74.25,37.21,71.68
80.91,80.91,71.65,37.39,73.21
79.45,79.45,70.52,33.52,73.03
78.37,78.37,67.49,32.65,70.77
80.21,80.21,66.96,34.51,70.66
80.99,80.99,65.60,36.62,72.44
81.49,81.49,66.65,38.22,72.14
77.60,77.60,64.16,37.60,73.73
76.32,76.32,63.63,38.42,72.09
78.07,78.07,62.47,34.03,73.97
80.82,80.82,62.61,33.11,72.23
78.36,78.36,60.60,37.04,73.52
76.79,76.79,60.80,37.76,76.16
78.07,78.07,57.90,34.81,74.93
81.16,81.16,56.05,33.53,74.59
80.25,80.25,55.10,39.15,75.06
83.95,83.95,54.14,34.86,74.05
85.13,85.13,56.36,39.97,74.16
79.86,79.86,56.49,43.26,73.94
83.31,83.31,59.23,38.67,74.99
83.68,83.68,63.41,43.43,75.94
83.75,83.75,66.06,41.65,76.14
83.25,83.25,65.26,41.18,76.62
84.17,84.17,69.24,44.37,77.01
84.51,84.51,65.90,40.97,77.18
82.30,82.30,67.18,46.69,75.94
84.19,84.19,66.36,44.07,74.69
82.86,82.86,68.39,47.47,73.61
81.49,81.49,71.60,41.45,75.24
84.50,84.50,71.35,37.26,75.82
82.95,82.95,70.33,39.44,74.61
81.62,81.62,59.55,34.79,72.98
82.59,82.59,63.01,41.49,74.05
82.43,82.43,63.23,33.25,74.59
76.35,76.35,65.66,29.15,73.18
81.31,81.31,75.72,25.08,75.47
80.58,80.58,85.25,26.44,75.02
78.72,78.72,90.25,27.87,74.09
77.22,77.22,86.09,27.23,75.84
73.41,73.41,86.19,27.84,75.48
76.28,76.28,85.37,28.63,73.54
77.88,77.88,84.42,29.65,75.35
77.11,77.11,84.68,24.19,74.71
77.45,77.45,80.37,24.47,76.65
76.80,76.80,73.67,23.10,75.81
75.70,75.70,73.73,29.98,75.22
76.81,76.81,75.22,28.17,74.74
77.20,77.20,56.42,27.02,75.68
76.30,76.30,68.30,26.97,76.17
75.47,75.47,68.40,25.74,76.82
74.95,74.95,70.12,31.98,74.48
76.12,76.12,62.41,23.10,74.95
75.02,75.02,64.90,24.55,74.45
74.50,74.50,59.26,24.24,74.53
74.36,74.36,62.88,24.48,76.04
76.26,76.26,84.26,25.35,76.22
72.53,72.53,88.37,22.40,74.23
74.76,74.76,88.85,18.69,74.56
75.97,75.97,86.14,25.87,73.75
74.51,74.51,88.16,25.06,74.81
75.11,75.11,86.88,14.82,75.85
74.88,74.88,84.04,9.28,74.37
75.30,75.30,74.21,13.54,74.68
74.88,74.88,67.97,16.86,76.19
74.32,74.32,73.13,15.41,73.56
75.16,75.16,74.14,14.87,73.03
75.83,75.83,77.59,12.86,73.36
73.82,73.82,74.58,20.25,74.61
74.32,74.32,68.91,25.60,75.43
72.50,72.50,61.01,23.38,76.86
73.28,73.28,50.48,23.08,74.19
72.89,72.89,56.88,22.05,73.13
73.16,73.16,46.31,23.50,72.71
72.91,72.91,49.40,21.79,74.01
74.27,74.27,64.01,31.62,73.15
72.58,72.58,69.94,28.85,72.95
72.57,72.57,71.58,22.95,72.39
74.42,74.42,64.94,22.50,73.44
73.24,73.24,62.63,33.79,74.30
73.98,73.98,62.79,32.88,74.34
73.43,73.43,63.47,30.00,74.52
73.49,73.49,61.72,34.07,75.36
74.44,74.44,58.90,24.48,72.86
77.41,77.41,58.75,27.80,74.16
74.39,74.39,61.15,30.05,73.54
77.78,77.78,67.99,27.45,73.92
78.04,78.04,68.44,28.80,74.28
77.62,77.62,49.84,35.86,72.66
77.10,77.10,63.33,30.93,74.19
76.58,76.58,62.38,26.08,74.16
78.08,78.08,64.41,16.70,73.80
77.26,77.26,61.37,9.47,72.84
75.93,75.93,62.18,2.73,73.56
79.44,79.44,82.09,1.39,74.26
77.98,77.98,87.55,0.04,72.04
71.95,71.95,89.07,0.01,72.13
76.01,76.01,86.64,1.71,72.07
75.80,75.80,86.15,5.19,72.65
78.02,78.02,82.72,5.64,72.52
76.58,76.58,81.03,3.06,72.41
77.78,77.78,78.44,0.60,73.17
75.85,75.85,72.62,0.13,72.33
76.39,76.39,68.27,2.69,72.54
75.55,75.55,72.40,6.55,71.95
75.84,75.84,75.33,16.31,73.38
73.58,73.58,69.19,18.71,71.24
74.77,74.77,56.04,24.11,71.18
72.40,72.40,54.17,27.70,71.01
71.67,71.67,63.24,34.80,72.48
70.20,70.20,56.42,36.09,72.34
72.40,72.40,60.29,29.33,73.24
67.49,67.49,64.27,28.18,71.27
64.93,64.93,72.20,23.47,71.31
66.75,66.75,74.87,15.50,72.62
68.18,68.18,75.29,9.68,71.00
65.52,65.52,71.44,16.00,70.10
63.47,63.47,68.63,20.16,70.94
64.66,64.66,66.55,30.61,71.75
61.95,61.95,66.59,32.49,73.22
61.33,61.33,62.86,40.05,73.35
64.02,64.02,64.43,46.92,72.55
61.85,61.85,60.39,47.59,73.61
63.35,63.35,58.39,40.33,73.09
58.68,58.68,63.35,45.89,72.95
57.73,57.73,64.73,48.32,73.39
54.62,54.62,62.31,45.76,74.19
54.70,54.70,61.76,43.55,73.98
55.08,55.08,55.84,43.35,73.32
53.98,53.98,61.13,34.00,73.68
53.63,53.63,60.04,17.42,73.19
53.87,53.87,72.21,13.60,71.27
55.36,55.36,83.99,14.38,70.95
51.76,51.76,86.57,12.43,70.82
51.47,51.47,84.96,18.22,72.50
52.11,52.11,83.82,25.41,70.89
51.79,51.79,81.58,26.28,71.07
51.24,51.24,81.47,26.57,74.91
52.50,52.50,78.24,34.79,72.35
54.96,54.96,77.26,39.33,72.60
58.54,58.54,67.20,38.26,72.15
66.08,66.08,75.37,46.36,73.16
70.66,70.66,64.88,53.73,71.56
72.36,72.36,64.07,58.66,72.64
71.97,71.97,63.23,62.62,74.19
69.60,69.60,56.43,67.17,74.52
67.37,67.37,56.76,70.59,73.90
60.06,60.06,58.96,69.74,73.85
48.17,48.17,65.19,66.66,73.66
45.74,45.74,76.46,64.33,72.78
42.17,42.17,83.89,60.52,74.44
47.29,47.29,82.23,54.92,74.39
48.45,48.45,82.68,51.62,74.37
41.21,41.21,85.53,52.61,74.30
37.05,37.05,81.42,53.33,75.27
43.97,43.97,80.78,51.25,73.99
42.43,42.43,79.63,54.02,72.48
51.59,51.59,74.81,56.47,73.66
54.28,54.28,66.27,58.56,74.19
57.00,57.00,70.30,57.53,73.46
59.93,59.93,66.79,58.72,73.06
59.74,59.74,63.84,59.79,73.52
61.68,61.68,69.48,60.28,72.24
62.39,62.39,62.38,58.86,72.72
56.95,56.95,60.85,63.13,74.12
42.58,42.58,61.08,57.83,75.37
28.08,28.08,59.28,62.58,72.21
23.42,23.42,61.12,63.30,73.60
21.21,21.21,68.20,71.13,71.89
20.21,20.21,67.17,75.62,71.64
20.92,20.92,57.67,72.30,70.92
17.90,17.90,61.01,74.11,72.52
26.65,26.65,62.00,74.15,72.36
27.68,27.68,61.07,74.92,70.50
29.54,29.54,59.05,75.70,72.48
25.16,25.16,56.86,76.25,72.19
26.31,26.31,53.86,77.49,71.97
25.23,25.23,52.03,73.99,73.18
24.33,24.33,53.12,77.75,71.97
21.26,21.26,53.66,72.21,73.29
17.04,17.04,59.11,74.17,70.98
18.16,18.16,50.86,74.72,72.91
17.87,17.87,48.99,77.14,71.67
25.64,25.64,54.73,74.08,71.42
26.72,26.72,50.09,69.51,72.53
24.77,24.77,45.51,71.21,72.72
25.84,25.84,44.54,68.78,71.15
26.00,26.00,52.47,69.54,70.43
26.79,26.79,57.47,70.66,69.24
22.32,22.32,62.71,66.67,71.06
18.68,18.68,64.93,65.88,70.23
18.81,18.81,64.04,61.00,71.73
21.07,21.07,60.80,62.64,71.39
20.47,20.47,63.03,58.92,71.59
19.78,19.78,62.68,62.84,71.40
22.74,22.74,59.19,56.79,72.45
19.03,19.03,61.03,55.91,73.51
21.57,21.57,54.37,55.39,72.59
21.68,21.68,57.32,58.51,72.25
21.60,21.60,49.96,59.29,73.52
25.83,25.83,42.22,58.88,71.80
23.73,23.73,44.42,62.95,72.22
23.99,23.99,52.10,58.15,72.69
25.79,25.79,54.60,60.26,73.66
25.21,25.21,51.07,56.75,75.31
29.13,29.13,49.18,53.17,70.29
22.51,22.51,55.55,53.30,70.56
21.29,21.29,59.21,53.13,73.21
20.12,20.12,57.36,53.24,72.71
17.48,17.48,60.77,48.60,70.60
19.44,19.44,50.32,43.61,73.24
15.53,15.53,45.82,50.05,72.33
16.58,16.58,46.04,52.30,74.11
17.63,17.63,49.34,42.43,74.25
16.12,16.12,49.40,42.89,75.50
16.87,16.87,52.26,52.51,73.63
18.15,18.15,54.58,44.59,73.19
18.57,18.57,61.50,47.28,68.09
22.38,22.38,60.58,47.01,72.34
21.74,21.74,54.49,55.37,69.55
26.21,26.21,49.48,54.68,72.09
21.21,21.21,42.50,50.07,70.54
19.60,19.60,42.84,50.40,71.51
16.54,16.54,40.96,55.34,72.19
15.44,15.44,38.50,56.04,73.55
17.30,17.30,35.62,54.96,70.77
21.24,21.24,35.79,47.23,72.85
20.68,20.68,46.18,53.18,72.47
19.50,19.50,52.22,54.21,69.94
23.53,23.53,47.78,43.64,70.75
21.01,21.01,51.70,43.28,70.38
23.75,23.75,59.57,47.65,72.56
19.98,19.98,57.69,45.80,70.63
26.19,26.19,50.96,47.54,69.53
27.81,27.81,44.98,44.41,69.77
21.46,21.46,46.93,47.05,72.97
21.21,21.21,43.70,55.52,69.34
18.69,18.69,44.76,54.78,68.49
19.45,19.45,44.81,50.34,69.68
18.83,18.83,45.35,50.89,71.45
18.72,18.72,44.48,54.47,72.92
21.74,21.74,39.86,47.14,71.09
18.88,18.88,34.67,54.50,71.31
22.80,22.80,38.93,45.41,71.11
16.82,16.82,52.15,52.32,71.09
18.12,18.12,59.13,55.45,72.23
21.86,21.86,61.86,47.78,71.43
22.25,22.25,59.79,41.84,68.50
20.08,20.08,52.16,43.78,68.78
22.89,22.89,45.88,42.96,71.68
17.35,17.35,51.31,47.12,72.58
20.01,20.01,57.93,49.22,73.26
24.17,24.17,55.53,48.43,72.26
24.53,24.53,50.62,47.65,69.06
19.44,19.44,51.17,53.82,71.35
19.47,19.47,55.04,46.17,72.69
22.54,22.54,55.40,47.91,72.17
17.87,17.87,55.61,50.45,73.01
16.76,16.76,49.55,49.01,70.65
20.66,20.66,41.26,52.05,71.65
19.02,19.02,37.95,54.92,71.53
19.20,19.20,44.19,52.01,72.10
15.40,15.40,45.41,50.16,71.33
22.89,22.89,41.14,44.40,71.00
26.97,26.97,41.46,45.94,72.67
24.58,24.58,41.98,47.01,68.88
20.05,20.05,42.68,57.45,68.75
21.07,21.07,35.64,53.38,69.57
28.52,28.52,39.01,53.82,69.95
26.13,26.13,40.02,55.06,72.40
22.26,22.26,41.48,54.25,71.83
17.76,17.76,42.52,58.00,67.76
17.39,17.39,38.90,49.86,69.98
23.45,23.45,33.34,48.98,70.97
20.38,20.38,23.65,44.71,67.58
21.27,21.27,27.29,47.08,69.94
20.69,20.69,28.45,45.46,72.39
19.24,19.24,26.66,43.03,72.63
20.92,20.92,29.65,41.42,71.86
25.76,25.76,28.48,47.50,69.01
25.30,25.30,28.19,50.66,74.01
18.70,18.70,26.13,56.90,68.51
21.87,21.87,26.17,48.29,69.28
27.27,27.27,27.06,43.57,68.84
26.36,26.36,27.18,56.81,68.38
27.41,27.41,25.33,57.65,71.16
23.89,23.89,27.29,53.40,72.44
22.15,22.15,24.24,47.89,70.73
22.79,22.79,26.66,55.09,68.02
19.51,19.51,22.19,47.46,70.83
19.39,19.39,21.95,52.24,71.74
23.57,23.57,23.11,45.32,70.18
30.10,30.10,27.29,46.19,71.11
27.33,27.33,24.78,58.66,72.80
23.47,23.47,26.48,53.76,70.97
26.49,26.49,28.03,57.36,67.18
25.00,25.00,27.03,55.66,67.00
22.49,22.49,26.01,57.90,68.06
21.61,21.61,20.33,50.64,64.48
24.02,24.02,22.76,43.31,67.11
24.83,24.83,23.77,54.91,72.56
22.68,22.68,23.32,57.85,74.78
20.08,20.08,26.92,58.57,72.29
19.53,19.53,25.39,53.83,66.20
20.65,20.65,23.61,48.68,73.57
15.02,15.02,22.68,51.37,71.15
12.95,12.95,26.66,45.97,70.38
19.71,19.71,25.94,50.15,71.61
20.41,20.41,21.91,50.72,69.93
25.18,25.18,23.90,47.21,72.86
28.71,28.71,27.46,59.48,71.32
29.80,29.80,33.63,63.11,70.16
24.23,24.23,29.58,61.89,68.60
18.75,18.75,30.66,54.06,66.34
19.47,19.47,31.90,51.09,65.08
18.63,18.63,30.43,57.19,66.50
19.26,19.26,26.86,54.14,69.58
18.29,18.29,29.54,48.45,72.54
19.76,19.76,32.82,47.13,68.18
18.41,18.41,28.14,44.33,72.69
16.06,16.06,25.38,46.46,68.00
19.67,19.67,27.46,53.06,69.08
21.90,21.90,29.50,65.08,67.76
25.97,25.97,28.29,69.55,69.22
22.59,22.59,25.50,62.40,69.12
19.48,19.48,25.20,55.03,71.94
20.77,20.77,27.79,57.76,71.96
17.87,17.87,26.20,54.25,70.27
17.62,17.62,33.36,50.19,71.95
16.93,16.93,29.16,47.72,68.92
18.98,18.98,33.03,47.76,70.60
20.83,20.83,38.21,50.33,69.59
20.17,20.17,33.31,52.25,68.67
19.05,19.05,45.48,55.06,68.86
18.45,18.45,35.13,47.93,69.39
15.53,15.53,37.87,52.39,70.09
17.03,17.03,27.10,47.83,71.71
20.21,20.21,27.46,59.53,71.06
20.80,20.80,29.04,66.94,73.25
18.74,18.74,25.10,65.34,69.02
17.52,17.52,21.88,58.51,70.46
16.97,16.97,24.01,54.40,71.30
19.18,19.18,27.85,59.97,71.59
17.07,17.07,35.43,49.70,70.25
19.51,19.51,35.83,48.60,65.37
23.79,23.79,29.37,49.15,68.98
24.16,24.16,32.13,53.38,72.12
23.91,23.91,32.21,56.96,66.94
20.11,20.11,39.35,55.50,72.37
15.97,15.97,42.20,53.65,72.17
15.50,15.50,45.73,51.17,69.16
19.79,19.79,47.44,45.44,70.71
17.98,17.98,47.08,54.01,72.14
16.75,16.75,46.44,51.30,69.58
15.85,15.85,42.99,51.02,71.83
17.88,17.88,39.62,49.75,71.76
20.00,20.00,43.65,42.99,68.63
24.17,24.17,36.96,48.45,67.82
19.19,19.19,29.84,45.35,66.99
21.93,21.93,27.85,49.86,66.42
20.83,20.83,24.98,68.12,65.17
23.15,23.15,27.35,70.31,67.99
19.89,19.89,24.55,58.90,65.71
22.18,22.18,27.89,59.78,67.31
20.14,20.14,29.24,57.51,65.84
24.00,24.00,30.99,47.72,67.92
22.04,22.04,30.78,50.34,68.87
22.14,22.14,37.44,50.40,70.07
21.61,21.61,37.72,51.65,68.10
24.68,24.68,34.53,50.56,66.66
24.84,24.84,33.23,53.15,65.96
24.53,24.53,39.71,52.99,65.84
25.55,25.55,37.91,48.58,67.00
21.05,21.05,41.32,46.79,69.45
21.97,21.97,46.36,48.44,67.98
22.03,22.03,45.57,41.76,68.53
21.35,21.35,48.41,44.22,68.82
24.94,24.94,39.99,35.65,69.77
24.95,24.95,46.65,44.56,66.53
29.62,29.62,45.68,38.11,67.74
26.83,26.83,47.84,37.23,66.90
28.46,28.46,48.04,34.33,65.78
27.86,27.86,52.28,38.28,66.48
25.43,25.43,43.57,35.52,66.24
25.28,25.28,36.47,44.17,67.56
18.18,18.18,34.01,45.77,67.17
12.49,12.49,23.04,52.86,68.43
9.87,9.87,27.94,75.06,70.02
12.65,12.65,26.59,76.34,69.56
12.53,12.53,24.32,78.10,66.63
15.07,15.07,23.94,77.78,69.35
15.73,15.73,23.47,76.34,68.32
18.37,18.37,26.16,77.60,68.25
14.64,14.64,25.62,75.34,69.17
14.00,14.00,26.17,78.06,68.00
13.52,13.52,22.46,74.20,66.97
11.58,11.58,23.33,74.64,69.33
6.71,6.71,21.42,73.30,69.22
7.24,7.24,16.71,73.21,72.65
13.53,13.53,16.44,72.89,69.63
16.79,16.79,19.31,72.81,68.27
22.97,22.97,27.79,70.12,69.00
24.99,24.99,27.67,74.13,66.40
25.56,25.56,25.85,72.80,65.81
26.88,26.88,25.67,72.75,63.95
26.76,26.76,26.49,74.23,65.35
24.46,24.46,27.46,73.88,65.32
19.03,19.03,25.53,74.45,64.23
20.03,20.03,26.83,73.47,63.18
24.09,24.09,27.35,73.08,65.17
27.05,27.05,25.12,70.83,65.61
29.06,29.06,27.50,67.21,65.15
28.00,28.00,29.58,65.04,64.86
26.31,26.31,28.39,58.85,66.45
24.93,24.93,29.57,57.90,67.14
23.57,23.57,30.41,58.28,67.18
23.44,23.44,28.97,58.05,68.89
23.35,23.35,29.77,57.38,68.54
23.98,23.98,29.72,57.43,67.40
25.91,25.91,33.92,58.75,66.23
25.04,25.04,31.89,59.17,67.24
23.17,23.17,32.09,59.45,66.19
24.98,24.98,32.54,59.34,66.32
25.18,25.18,33.62,58.39,65.43
26.19,26.19,35.19,57.03,64.77
28.28,28.28,38.00,56.00,64.55
29.39,29.39,40.80,56.12,64.69
27.44,27.44,38.09,56.31,66.26
29.27,29.27,38.34,56.06,63.71
30.79,30.79,38.99,55.98,63.21
30.00,30.00,39.25,54.84,63.64
28.86,28.86,38.79,54.96,64.76
27.91,27.91,39.50,54.35,63.74
28.34,28.34,39.14,53.55,64.78
27.99,27.99,38.44,53.50,66.08
31.22,31.22,40.26,53.54,65.92
34.07,34.07,38.23,54.56,66.03
37.89,37.89,38.81,55.66,65.74
39.43,39.43,39.31,55.85,65.77
40.91,40.91,40.32,55.75,67.09
42.89,42.89,40.04,55.54,66.65
45.16,45.16,38.49,55.38,65.35
45.79,45.79,41.06,55.21,66.39
46.41,46.41,41.02,54.01,67.29
46.69,46.69,41.95,51.74,67.11
46.04,46.04,41.99,51.36,64.88
44.54,44.54,40.24,51.56,65.05
43.58,43.58,40.55,51.70,65.41
40.73,40.73,39.81,51.51,65.59
40.23,40.23,39.58,51.74,66.00
39.99,39.99,38.61,51.13,66.16
39.48,39.48,38.03,50.04,65.98
37.08,37.08,38.26,50.13,65.58
36.53,36.53,38.00,50.26,65.37
37.78,37.78,38.65,50.37,65.55
39.65,39.65,39.81,50.78,66.17
41.19,41.19,39.67,50.30,66.55
41.96,41.96,40.37,50.56,65.69
41.87,41.87,40.08,50.77,65.99
42.04,42.04,40.89,50.50,66.68
40.89,40.89,40.56,50.69,67.44
40.66,40.66,39.40,51.51,67.73
40.31,40.31,39.72,50.67,68.28
38.59,38.59,39.57,50.38,68.88
35.31,35.31,38.88,51.48,69.06
32.86,32.86,36.83,51.43,68.80
33.25,33.25,37.70,51.09,68.73
32.73,32.73,38.18,52.17,68.34
31.84,31.84,36.98,52.73,68.92
32.82,32.82,36.84,53.63,68.33
32.02,32.02,37.27,53.98,67.49
32.33,32.33,38.16,53.92,66.51
32.97,32.97,38.82,54.41,65.70
32.87,32.87,38.11,54.17,66.52
32.84,32.84,38.20,54.34,66.77
33.78,33.78,37.69,54.96,66.63
33.29,33.29,37.58,55.47,67.30
35.26,35.26,38.46,55.95,67.12
35.34,35.34,37.43,56.24,68.27
34.91,34.91,38.74,55.33,68.50
34.52,34.52,38.30,54.93,69.54
34.12,34.12,37.61,55.41,70.69
34.11,34.11,38.53,56.13,71.00
34.45,34.45,38.40,56.75,71.01
35.25,35.25,38.46,57.04,70.71
37.42,37.42,38.67,56.05,70.83
37.86,37.86,38.80,55.42,70.03
38.15,38.15,38.72,56.70,71.75
38.61,38.61,38.56,57.28,71.86
37.77,37.77,38.91,56.65,71.60
38.77,38.77,39.92,55.92,71.10
37.95,37.95,39.71,55.21,70.35
37.05,37.05,39.75,54.48,69.66
35.85,35.85,40.18,53.64,69.70
36.02,36.02,41.20,52.36,70.02
35.43,35.43,41.57,50.05,70.13
36.00,36.00,41.39,49.47,69.94
35.28,35.28,41.49,50.19,70.06
36.38,36.38,42.62,50.89,70.27
37.11,37.11,42.39,49.92,70.51
36.30,36.30,41.18,50.37,70.99
36.72,36.72,40.91,51.40,70.77
35.94,35.94,40.75,51.84,70.51
37.00,37.00,40.91,51.36,70.34
36.74,36.74,41.21,53.28,70.07
35.08,35.08,38.13,54.83,68.87
36.27,36.27,38.69,54.92,68.10
35.83,35.83,37.90,54.41,67.74
36.83,36.83,38.79,53.38,68.08
36.47,36.47,38.84,52.19,68.36
35.98,35.98,39.45,51.99,68.10
37.23,37.23,38.88,50.95,67.78
37.46,37.46,38.57,49.13,68.44
36.62,36.62,38.10,46.34,67.90
35.89,35.89,36.35,44.82,67.29
36.27,36.27,38.02,42.51,66.65
36.42,36.42,38.59,41.07,65.68
36.72,36.72,37.74,39.86,64.61
35.82,35.82,39.55,41.42,63.20
34.59,34.59,39.86,42.33,63.30
37.13,37.13,40.97,43.04,63.80
37.45,37.45,42.16,43.46,64.69
38.36,38.36,41.78,43.62,65.34
39.06,39.06,43.23,42.16,66.12
39.26,39.26,43.41,44.83,66.42
40.06,40.06,44.01,45.80,66.64
40.33,40.33,44.94,47.65,66.38
41.12,41.12,44.66,48.55,67.35
40.68,40.68,45.17,47.76,68.06
40.33,40.33,44.93,46.65,68.16
42.08,42.08,46.02,47.24,68.39
40.97,40.97,45.49,47.41,68.48
40.90,40.90,45.49,47.42,67.98
40.46,40.46,44.72,46.78,67.77
40.49,40.49,45.33,47.08,67.18
39.05,39.05,44.10,46.23,66.81
37.52,37.52,43.50,45.21,66.60
38.13,38.13,43.39,44.07,67.16
37.85,37.85,42.30,43.85,66.73
36.68,36.68,41.75,45.34,66.70
36.97,36.97,40.89,45.39,66.97
37.12,37.12,40.22,44.41,67.59
37.93,37.93,40.12,42.76,67.33
37.35,37.35,40.52,44.28,67.25
37.19,37.19,40.24,46.00,67.42
36.87,36.87,40.84,47.40,68.03
36.70,36.70,40.07,48.08,67.71
37.43,37.43,41.19,48.95,67.30
37.47,37.47,41.44,48.77,67.15
37.59,37.59,41.21,49.00,67.03
37.68,37.68,40.37,48.89,67.19
37.22,37.22,38.84,48.90,67.35
37.65,37.65,39.50,49.85,66.80
36.24,36.24,37.55,49.68,66.47
35.81,35.81,38.98,49.76,66.28
35.75,35.75,38.35,49.59,66.19
36.71,36.71,38.93,49.98,65.94
34.82,34.82,38.75,49.58,65.46
36.16,36.16,39.40,48.96,65.24
36.38,36.38,39.79,49.08,65.00
36.27,36.27,41.28,48.35,64.48
36.88,36.88,41.61,48.00,64.08
35.86,35.86,41.82,49.06,63.72
36.84,36.84,41.69,49.91,63.32
36.86,36.86,42.24,50.16,63.57
37.29,37.29,42.13,50.34,64.37
36.76,36.76,42.53,49.30,64.72
36.41,36.41,42.16,48.25,65.24
36.40,36.40,41.47,47.89,64.95
36.40,36.40,42.53,48.12,64.98
36.24,36.24,43.37,49.05,65.23
36.13,36.13,44.05,48.85,65.33
36.29,36.29,43.79,47.44,65.61
36.51,36.51,43.14,45.63,66.42
35.81,35.81,43.48,46.45,66.24
36.67,36.67,43.59,47.47,66.00
36.37,36.37,42.15,48.41,66.24
37.07,37.07,41.53,48.43,65.90
37.40,37.40,41.53,48.87,66.09
37.76,37.76,41.12,48.09,66.26
36.29,36.29,40.17,49.11,66.75
35.46,35.46,39.88,50.57,66.17
34.55,34.55,39.88,49.77,66.09
34.36,34.36,40.64,48.40,66.15
32.82,32.82,40.14,46.74,66.47
31.92,31.92,38.67,45.63,66.75
33.84,33.84,38.74,46.06,67.14
32.65,32.65,39.52,46.70,66.88
32.98,32.98,39.59,45.14,66.91
32.81,32.81,38.20,44.30,67.39
33.25,33.25,37.77,41.31,67.93
32.85,32.85,38.38,41.76,68.48
32.18,32.18,37.53,41.75,68.97
33.26,33.26,35.65,41.74,68.76
33.36,33.36,38.35,42.59,68.83
33.29,33.29,36.04,44.58,68.66
33.14,33.14,36.58,42.64,68.48
33.71,33.71,35.21,40.08,68.35
33.26,33.26,37.39,41.45,68.26
32.78,32.78,36.96,42.76,67.69
32.20,32.20,38.33,44.23,67.60
32.64,32.64,39.37,44.87,67.76
33.19,33.19,39.83,45.13,67.30
33.30,33.30,40.61,41.93,66.78
32.83,32.83,40.32,36.93,66.41
32.25,32.25,40.23,40.75,66.02
33.25,33.25,39.93,41.19,65.89
32.69,32.69,39.97,41.91,65.77
33.65,33.65,41.22,43.06,66.60
34.92,34.92,41.73,44.21,66.24
35.51,35.51,41.78,43.21,66.38
34.79,34.79,40.99,46.15,66.50
35.80,35.80,41.10,44.77,66.54
36.75,36.75,41.83,44.64,66.40
36.06,36.06,42.42,46.12,66.07
37.30,37.30,41.89,45.21,65.00
37.69,37.69,42.64,42.58,64.76
37.15,37.15,42.12,44.31,65.37
36.26,36.26,41.86,43.47,65.96
36.88,36.88,42.62,44.65,65.09
37.69,37.69,41.62,44.73,65.37
37.02,37.02,40.98,41.73,65.32
36.32,36.32,41.79,40.27,65.14
36.59,36.59,41.76,43.49,64.91
37.47,37.47,42.18,47.20,63.53
38.46,38.46,43.00,47.64,63.23
38.63,38.63,43.02,46.16,63.22
38.62,38.62,42.58,46.33,62.95
38.73,38.73,43.57,46.51,62.98
39.51,39.51,43.36,46.10,61.29
40.17,40.17,44.03,46.03,61.78
40.31,40.31,44.22,46.58,62.66
39.83,39.83,43.88,47.69,63.34
40.12,40.12,44.06,47.62,63.84
41.50,41.50,43.48,46.68,63.98
42.27,42.27,43.35,46.63,64.96
42.34,42.34,43.35,47.71,65.85
42.39,42.39,42.13,49.61,66.96
42.90,42.90,41.63,49.01,66.91
42.84,42.84,41.02,48.46,66.58
42.16,42.16,39.94,47.89,65.57
42.23,42.23,39.82,49.24,65.17
41.75,41.75,40.25,49.23,65.86
41.56,41.56,39.34,47.87,66.81
40.26,40.26,39.55,48.28,67.01
40.10,40.10,38.67,48.03,67.56
40.53,40.53,40.37,48.15,67.83
40.70,40.70,41.68,49.41,67.90
41.07,41.07,41.59,49.79,67.56
40.30,40.30,42.67,48.79,67.51
40.57,40.57,42.50,48.76,67.45
40.07,40.07,42.36,49.22,67.33
40.21,40.21,42.40,48.16,67.23
39.06,39.06,42.00,48.80,67.61
39.22,39.22,41.23,48.25,66.95
39.40,39.40,41.24,46.48,66.86
38.52,38.52,40.97,46.80,66.56
38.75,38.75,40.66,46.38,66.62
37.85,37.85,40.61,45.15,66.70
37.12,37.12,39.97,44.95,66.68
36.80,36.80,39.88,45.27,66.05
36.24,36.24,38.91,46.25,65.67
35.49,35.49,37.38,46.90,64.79
35.21,35.21,37.48,46.36,63.87
34.51,34.51,36.53,45.03,63.94
33.15,33.15,35.54,43.46,64.29
33.47,33.47,33.91,40.82,65.09
34.43,34.43,33.38,37.51,65.33
33.14,33.14,32.47,40.97,65.15
33.75,33.75,33.53,42.26,64.76
33.49,33.49,31.95,42.16,65.10
32.87,32.87,32.97,39.97,65.49
33.39,33.39,33.28,37.16,65.69
33.81,33.81,32.33,39.59,66.10
34.89,34.89,32.38,39.66,65.77
33.84,33.84,32.54,39.27,65.83
34.14,34.14,32.58,42.71,66.26
35.37,35.37,32.56,44.09,67.09
34.32,34.32,32.49,44.42,66.74
34.73,34.73,32.38,45.98,66.75
33.10,33.10,31.81,45.28,66.58
33.45,33.45,31.71,43.54,67.21
32.44,32.44,29.97,42.22,67.56
30.76,30.76,28.45,42.24,66.95
30.90,30.90,28.44,41.95,66.74
30.14,30.14,29.89,43.74,67.08
30.36,30.36,30.70,45.51,66.57
30.02,30.02,31.59,44.88,66.25
31.83,31.83,33.27,42.70,66.37
32.15,32.15,35.07,40.76,65.62
31.69,31.69,35.43,40.86,65.17
31.58,31.58,35.33,41.33,65.02
32.85,32.85,35.60,43.97,64.84
34.11,34.11,36.31,43.88,64.48
32.15,32.15,35.86,43.01,64.29
31.01,31.01,35.36,40.43,63.54
32.58,32.58,35.20,39.18,63.52
32.08,32.08,34.99,41.62,63.02
31.47,31.47,33.39,42.88,63.02
32.41,32.41,34.06,42.37,63.76
31.49,31.49,34.71,42.80,63.58
31.14,31.14,32.43,43.73,63.36
30.04,30.04,31.68,44.20,64.45
29.52,29.52,31.30,45.46,64.71
28.46,28.46,32.10,46.03,65.22
28.27,28.27,32.07,45.07,65.23
28.20,28.20,33.18,45.29,65.24
28.38,28.38,33.11,45.57,64.65
28.28,28.28,33.75,43.43,63.83
29.55,29.55,34.96,44.18,63.56
29.03,29.03,35.08,43.49,63.47
30.20,30.20,36.82,42.40,62.62
29.61,29.61,35.76,42.33,60.53
28.85,28.85,36.40,40.01,60.55
28.54,28.54,37.48,40.74,61.18
27.98,27.98,37.61,43.27,61.85
28.33,28.33,38.42,45.00,62.97
28.77,28.77,39.30,44.76,63.31
30.03,30.03,38.57,44.43,63.33
28.81,28.81,39.32,44.49,63.60
31.18,31.18,39.39,44.28,63.97
28.97,28.97,40.05,45.09,63.79
30.12,30.12,39.77,45.48,64.13
29.54,29.54,39.46,43.04,64.13
29.12,29.12,39.62,43.07,64.17
29.02,29.02,39.22,44.17,63.91
29.14,29.14,38.40,43.64,64.20
29.04,29.04,37.03,47.33,63.88
29.66,29.66,35.71,48.75,63.34
29.85,29.85,34.44,48.76,62.48
28.22,28.22,34.73,48.32,62.79
29.63,29.63,34.52,48.22,62.49
28.46,28.46,31.41,48.05,62.00
27.02,27.02,33.18,47.95,62.61
29.28,29.28,33.89,47.73,62.49
28.80,28.80,33.17,47.40,62.22
29.78,29.78,31.60,47.16,62.15
29.04,29.04,31.21,47.45,62.90
31.49,31.49,31.81,47.58,62.59
31.50,31.50,34.47,47.35,62.50
30.58,30.58,34.37,47.19,62.62
30.69,30.69,34.62,48.13,62.38
30.04,30.04,34.83,48.07,62.49
29.57,29.57,35.63,47.69,61.95
29.50,29.50,34.48,48.17,61.62
28.76,28.76,33.77,48.63,61.40
30.01,30.01,34.90,48.62,61.24
28.55,28.55,33.67,48.34,61.81
28.57,28.57,32.76,47.48,61.33
29.64,29.64,32.60,47.22,61.30
31.21,31.21,34.75,48.01,61.95
31.45,31.45,34.47,49.42,62.61
31.82,31.82,33.05,49.40,63.17
31.31,31.31,33.34,49.23,63.75
31.38,31.38,33.90,48.03,64.05
32.28,32.28,34.21,47.60,63.99
30.81,30.81,33.12,47.77,64.06
31.10,31.10,34.51,47.69,63.72
31.84,31.84,33.90,47.26,63.47
31.25,31.25,35.81,47.43,63.46
31.86,31.86,34.79,47.56,63.26
30.81,30.81,35.19,49.10,63.03
31.56,31.56,35.33,49.40,63.36
31.07,31.07,36.17,48.56,64.45
31.85,31.85,35.98,47.34,64.47
32.81,32.81,36.01,47.75,64.57
32.08,32.08,35.41,47.12,64.49
31.66,31.66,35.33,47.86,64.14
32.84,32.84,35.31,46.50,64.13
33.60,33.60,35.58,45.52,63.89
32.75,32.75,34.92,45.50,64.02
32.95,32.95,34.26,44.90,64.29
33.88,33.88,34.26,47.25,64.86
33.87,33.87,34.02,48.05,64.58
32.42,32.42,33.80,48.68,64.57
33.76,33.76,33.43,46.38,64.41
35.58,35.58,33.71,45.53,64.10
35.54,35.54,33.49,44.86,63.73
35.16,35.16,33.89,44.27,63.66
36.84,36.84,34.12,45.11,63.22
37.89,37.89,35.49,45.68,63.12
38.26,38.26,36.34,43.95,63.26
38.67,38.67,36.64,44.56,63.16
40.23,40.23,37.27,44.91,62.65
40.98,40.98,38.04,45.39,62.55
41.13,41.13,38.44,43.89,63.00
40.89,40.89,38.45,44.23,62.59
41.53,41.53,39.42,48.67,62.33
41.44,41.44,40.14,49.41,62.62
41.14,41.14,39.35,49.49,63.24
40.49,40.49,38.68,49.46,63.08
40.07,40.07,38.10,49.15,63.29
39.63,39.63,37.06,47.03,62.82
38.03,38.03,36.07,46.53,62.72
37.26,37.26,36.09,47.28,62.57
35.35,35.35,35.38,49.44,62.41
34.03,34.03,36.52,49.96,62.55
32.90,32.90,35.58,52.46,63.41
32.88,32.88,36.22,52.97,63.22
32.41,32.41,36.86,52.24,62.61
32.27,32.27,35.78,52.06,62.83
33.22,33.22,36.32,51.07,63.12
32.94,32.94,36.22,52.98,63.37
33.91,33.91,37.33,52.68,63.23
32.10,32.10,36.16,52.66,63.41
32.77,32.77,37.83,51.44,63.62
34.53,34.53,37.87,52.06,63.97
33.44,33.44,38.60,52.03,64.41
33.75,33.75,36.88,53.13,64.26
34.97,34.97,37.81,53.33,64.36
35.16,35.16,38.15,53.47,64.53
33.98,33.98,35.77,54.00,64.92
33.43,33.43,36.12,53.17,64.91
32.95,32.95,34.27,51.87,64.70
33.07,33.07,32.53,51.06,64.64
31.91,31.91,32.59,52.25,64.78
32.53,32.53,31.48,53.38,64.34
34.79,34.79,32.72,53.47,64.22
33.01,33.01,30.82,54.12,64.18
32.50,32.50,31.35,54.59,64.37
32.49,32.49,32.63,54.98,64.07
32.55,32.55,32.72,55.16,63.23
32.05,32.05,30.93,54.60,62.96
33.66,33.66,33.02,54.34,62.97
34.01,34.01,33.76,53.73,62.97
33.07,33.07,32.94,54.27,62.85
34.78,34.78,32.68,54.15,62.52
33.87,33.87,33.31,53.30,62.12
32.94,32.94,33.46,51.96,62.43
34.32,34.32,32.89,51.73,61.86
34.12,34.12,33.89,52.26,61.63
32.83,32.83,32.63,52.89,62.20
34.21,34.21,33.49,52.24,62.26
31.99,31.99,34.11,52.66,61.97
33.57,33.57,32.82,52.97,61.51
33.72,33.72,32.89,52.35,61.71
35.12,35.12,34.98,50.93,61.93
34.28,34.28,36.37,53.40,61.81
35.56,35.56,38.81,53.98,61.54
37.20,37.20,39.72,52.86,61.76
37.20,37.20,38.57,50.70,61.99
38.10,38.10,38.42,51.28,62.23
38.77,38.77,39.13,52.60,61.70
37.15,37.15,37.85,43.42,48.75
25.25,25.25,26.30,36.13,36.04
10.58,10.58,17.40,20.63,21.11
2.81,2.81,7.26,7.41,9.41
-0.00,-0.00,-0.00,-0.00,-0.00
-0.00,-0.00,-0.00,-0.00,-0.00
-0.00,-0.00,-0.00,-0.00,-0.00
